{
   "cam_type": "sensor.camera.rgb",
   "cam_id": 743,
   "cam_location": {
      "x": 189.93624877929688,
      "y": 167.64663696289062,
      "z": 2.1278183460235596
   },
   "cam_rotation": {
      "roll": 0.017596520483493805,
      "pitch": -0.00027320755179971457,
      "yaw": 90.04631042480469
   },
   "img_name": "1003.png",
   "img_width": 640,
   "img_height": 680,
   "img_fov": 100,
   "debug_info": [
      {
         "actor_type": "vehicle.toyota.prius",
         "actor_id": 692,
         "actor_location": {
            "x": -7.448869228363037,
            "y": 206.52304077148438,
            "z": 0.2551496922969818
         },
         "actor_rotation": {
            "roll": 0.011992910876870155,
            "pitch": 0.10396230220794678,
            "yaw": 90.50666046142578
         },
         "actor_bbox_ext": {
            "x": 2.2691667079925537,
            "y": 1.0005652904510498,
            "z": 0.7686808109283447
         }
      },
      {
         "actor_type": "vehicle.chevrolet.impala",
         "actor_id": 693,
         "actor_location": {
            "x": 28.069570541381836,
            "y": 306.7205505371094,
            "z": 0.1722477674484253
         },
         "actor_rotation": {
            "roll": 9.951974061550573e-05,
            "pitch": -0.010135999880731106,
            "yaw": -0.011535643599927425
         },
         "actor_bbox_ext": {
            "x": 2.684596538543701,
            "y": 1.026368260383606,
            "z": 0.7075497508049011
         }
      },
      {
         "actor_type": "vehicle.bh.crossbike",
         "actor_id": 694,
         "actor_location": {
            "x": -3.6349427700042725,
            "y": 207.45196533203125,
            "z": 0.2531045973300934
         },
         "actor_rotation": {
            "roll": 0.013094593770802021,
            "pitch": -0.00012294339830987155,
            "yaw": -89.3699951171875
         },
         "actor_bbox_ext": {
            "x": 0.7546613812446594,
            "y": 0.4329703152179718,
            "z": 0.7653154730796814
         }
      },
      {
         "actor_type": "vehicle.chevrolet.impala",
         "actor_id": 695,
         "actor_location": {
            "x": -5.901020526885986,
            "y": 300.48077392578125,
            "z": 0.1703898161649704
         },
         "actor_rotation": {
            "roll": 0.4814552068710327,
            "pitch": 0.21047909557819366,
            "yaw": 68.02198028564453
         },
         "actor_bbox_ext": {
            "x": 2.684596538543701,
            "y": 1.026368260383606,
            "z": 0.7075497508049011
         }
      },
      {
         "actor_type": "vehicle.audi.etron",
         "actor_id": 696,
         "actor_location": {
            "x": 101.10004425048828,
            "y": 109.53073120117188,
            "z": 0.17185817658901215
         },
         "actor_rotation": {
            "roll": 0.0005025308346375823,
            "pitch": 0.032218001782894135,
            "yaw": -0.0183715783059597
         },
         "actor_bbox_ext": {
            "x": 2.4270286560058594,
            "y": 1.0045700073242188,
            "z": 0.8343994617462158
         }
      },
      {
         "actor_type": "vehicle.audi.tt",
         "actor_id": 697,
         "actor_location": {
            "x": -1.497876763343811,
            "y": 190.03993225097656,
            "z": 0.25070902705192566
         },
         "actor_rotation": {
            "roll": 0.4888812303543091,
            "pitch": -0.2789858877658844,
            "yaw": 30.36387062072754
         },
         "actor_bbox_ext": {
            "x": 2.1102468967437744,
            "y": 1.0045700073242188,
            "z": 0.695303738117218
         }
      },
      {
         "actor_type": "vehicle.audi.etron",
         "actor_id": 698,
         "actor_location": {
            "x": 193.79220581054688,
            "y": 220.6995391845703,
            "z": 0.1721985638141632
         },
         "actor_rotation": {
            "roll": -0.0015258786734193563,
            "pitch": 9.56226431299001e-05,
            "yaw": -90.2265853881836
         },
         "actor_bbox_ext": {
            "x": 2.4270286560058594,
            "y": 1.0045700073242188,
            "z": 0.8343994617462158
         }
      },
      {
         "actor_type": "vehicle.chevrolet.impala",
         "actor_id": 699,
         "actor_location": {
            "x": 165.547607421875,
            "y": 302.5535583496094,
            "z": 0.17103534936904907
         },
         "actor_rotation": {
            "roll": -0.0010681151179596782,
            "pitch": 0.1465212106704712,
            "yaw": 179.9843292236328
         },
         "actor_bbox_ext": {
            "x": 2.684596538543701,
            "y": 1.026368260383606,
            "z": 0.7075497508049011
         }
      },
      {
         "actor_type": "vehicle.kawasaki.ninja",
         "actor_id": 700,
         "actor_location": {
            "x": 187.3177947998047,
            "y": 238.00083923339844,
            "z": 0.26149845123291016
         },
         "actor_rotation": {
            "roll": -9.941604614257812,
            "pitch": 0.41555550694465637,
            "yaw": -165.18089294433594
         },
         "actor_bbox_ext": {
            "x": 1.021842122077942,
            "y": 0.3984561562538147,
            "z": 0.687301516532898
         }
      },
      {
         "actor_type": "vehicle.seat.leon",
         "actor_id": 701,
         "actor_location": {
            "x": 105.13941955566406,
            "y": 302.5509033203125,
            "z": 0.2150123119354248
         },
         "actor_rotation": {
            "roll": 3.0248082111938857e-05,
            "pitch": -0.013305207714438438,
            "yaw": 179.99986267089844
         },
         "actor_bbox_ext": {
            "x": 2.1039369106292725,
            "y": 0.9099326133728027,
            "z": 0.7347301244735718
         }
      },
      {
         "actor_type": "vehicle.bh.crossbike",
         "actor_id": 702,
         "actor_location": {
            "x": 193.71011352539062,
            "y": 183.0967559814453,
            "z": 0.21950088441371918
         },
         "actor_rotation": {
            "roll": 0.14128991961479187,
            "pitch": -0.052852001041173935,
            "yaw": -89.6219482421875
         },
         "actor_bbox_ext": {
            "x": 0.7546613812446594,
            "y": 0.4329703152179718,
            "z": 0.7653154730796814
         }
      },
      {
         "actor_type": "vehicle.bmw.grandtourer",
         "actor_id": 703,
         "actor_location": {
            "x": 189.9306640625,
            "y": 222.1023712158203,
            "z": 0.31918027997016907
         },
         "actor_rotation": {
            "roll": 0.30833151936531067,
            "pitch": 0.33489781618118286,
            "yaw": 90.08438110351562
         },
         "actor_bbox_ext": {
            "x": 2.3195438385009766,
            "y": 1.129660964012146,
            "z": 0.8390889763832092
         }
      },
      {
         "actor_type": "vehicle.seat.leon",
         "actor_id": 704,
         "actor_location": {
            "x": 189.8593292236328,
            "y": 109.05152130126953,
            "z": 0.21509765088558197
         },
         "actor_rotation": {
            "roll": 0.5582809448242188,
            "pitch": -0.03530524671077728,
            "yaw": -132.99754333496094
         },
         "actor_bbox_ext": {
            "x": 2.1039369106292725,
            "y": 0.9099326133728027,
            "z": 0.7347301244735718
         }
      },
      {
         "actor_type": "vehicle.seat.leon",
         "actor_id": 705,
         "actor_location": {
            "x": 5.422609806060791,
            "y": 306.45654296875,
            "z": 0.21514663100242615
         },
         "actor_rotation": {
            "roll": 0.24230030179023743,
            "pitch": -0.048064038157463074,