{
   "cam_type": "sensor.camera.rgb",
   "cam_id": 743,
   "cam_location": {
      "x": 189.93484497070312,
      "y": 168.1873779296875,
      "z": 2.0716731548309326
   },
   "cam_rotation": {
      "roll": 0.017168475314974785,
      "pitch": 0.5230968594551086,
      "yaw": 90.0327377319336
   },
   "img_name": "1017.png",
   "img_width": 640,
   "img_height": 680,
   "img_fov": 100,
   "debug_info": [
      {
         "actor_type": "vehicle.toyota.prius",
         "actor_id": 692,
         "actor_location": {
            "x": -7.4653778076171875,
            "y": 215.11224365234375,
            "z": 0.25674009323120117
         },
         "actor_rotation": {
            "roll": 0.0007319876458495855,
            "pitch": -0.04342633858323097,
            "yaw": 90.03678131103516
         },
         "actor_bbox_ext": {
            "x": 2.2691667079925537,
            "y": 1.0005652904510498,
            "z": 0.7686808109283447
         }
      },
      {
         "actor_type": "vehicle.chevrolet.impala",
         "actor_id": 693,
         "actor_location": {
            "x": 28.06964874267578,
            "y": 306.7205505371094,
            "z": 0.17213329672813416
         },
         "actor_rotation": {
            "roll": 0.0001339658338110894,
            "pitch": 0.0005464151035994291,
            "yaw": -0.011535643599927425
         },
         "actor_bbox_ext": {
            "x": 2.684596538543701,
            "y": 1.026368260383606,
            "z": 0.7075497508049011
         }
      },
      {
         "actor_type": "vehicle.bh.crossbike",
         "actor_id": 694,
         "actor_location": {
            "x": -3.634063243865967,
            "y": 207.09823608398438,
            "z": 0.24963045120239258
         },
         "actor_rotation": {
            "roll": -0.011352474801242352,
            "pitch": -0.9960327744483948,
            "yaw": -89.63411712646484
         },
         "actor_bbox_ext": {
            "x": 0.7546613812446594,
            "y": 0.4329703152179718,
            "z": 0.7653154730796814
         }
      },
      {
         "actor_type": "vehicle.chevrolet.impala",
         "actor_id": 695,
         "actor_location": {
            "x": 0.8490473031997681,
            "y": 305.66937255859375,
            "z": 0.17373836040496826
         },
         "actor_rotation": {
            "roll": 0.328806608915329,
            "pitch": -0.0821261927485466,
            "yaw": 19.593374252319336
         },
         "actor_bbox_ext": {
            "x": 2.684596538543701,
            "y": 1.026368260383606,
            "z": 0.7075497508049011
         }
      },
      {
         "actor_type": "vehicle.audi.etron",
         "actor_id": 696,
         "actor_location": {
            "x": 131.22401428222656,
            "y": 109.53398132324219,
            "z": 0.17217399179935455
         },
         "actor_rotation": {
            "roll": 0.001227636937983334,
            "pitch": 0.0024725282564759254,
            "yaw": -0.0428466796875
         },
         "actor_bbox_ext": {
            "x": 2.4270286560058594,
            "y": 1.0045700073242188,
            "z": 0.8343994617462158
         }
      },
      {
         "actor_type": "vehicle.audi.tt",
         "actor_id": 697,
         "actor_location": {
            "x": 7.3675217628479,
            "y": 191.62120056152344,
            "z": 0.2463720589876175
         },
         "actor_rotation": {
            "roll": 0.1393660604953766,
            "pitch": -0.1528664529323578,
            "yaw": 4.927352428436279
         },
         "actor_bbox_ext": {
            "x": 2.1102468967437744,
            "y": 1.0045700073242188,
            "z": 0.695303738117218
         }
      },
      {
         "actor_type": "vehicle.audi.etron",
         "actor_id": 698,
         "actor_location": {
            "x": 193.7840576171875,
            "y": 211.1853790283203,
            "z": 0.17219394445419312
         },
         "actor_rotation": {
            "roll": -0.00012207029067212716,
            "pitch": 0.0005327546969056129,
            "yaw": -90.01378631591797
         },
         "actor_bbox_ext": {
            "x": 2.4270286560058594,
            "y": 1.0045700073242188,
            "z": 0.8343994617462158
         }
      },
      {
         "actor_type": "vehicle.chevrolet.impala",
         "actor_id": 699,
         "actor_location": {
            "x": 157.3375244140625,
            "y": 302.5540466308594,
            "z": 0.17249679565429688
         },
         "actor_rotation": {
            "roll": 0.00010545059922151268,
            "pitch": 0.011058075353503227,
            "yaw": 179.99676513671875
         },
         "actor_bbox_ext": {
            "x": 2.684596538543701,
            "y": 1.026368260383606,
            "z": 0.7075497508049011
         }
      },
      {
         "actor_type": "vehicle.kawasaki.ninja",
         "actor_id": 700,
         "actor_location": {
            "x": 179.0974578857422,
            "y": 236.9700469970703,
            "z": 0.2539820671081543
         },
         "actor_rotation": {
            "roll": -1.9420467615127563,
            "pitch": 0.19387491047382355,
            "yaw": -178.16848754882812
         },
         "actor_bbox_ext": {
            "x": 1.021842122077942,
            "y": 0.3984561562538147,
            "z": 0.687301516532898
         }
      },
      {
         "actor_type": "vehicle.seat.leon",
         "actor_id": 701,
         "actor_location": {
            "x": 85.93485260009766,
            "y": 302.55078125,
            "z": 0.21454451978206635
         },
         "actor_rotation": {
            "roll": -0.00042724606464616954,
            "pitch": 0.11445347219705582,
            "yaw": -179.99468994140625
         },
         "actor_bbox_ext": {
            "x": 2.1039369106292725,
            "y": 0.9099326133728027,
            "z": 0.7347301244735718
         }
      },
      {
         "actor_type": "vehicle.bh.crossbike",
         "actor_id": 702,
         "actor_location": {
            "x": 193.71438598632812,
            "y": 176.1793975830078,
            "z": 0.21927474439144135
         },
         "actor_rotation": {
            "roll": 0.4080498218536377,
            "pitch": 0.0027935472317039967,
            "yaw": -88.70072174072266
         },
         "actor_bbox_ext": {
            "x": 0.7546613812446594,
            "y": 0.4329703152179718,
            "z": 0.7653154730796814
         }
      },
      {
         "actor_type": "vehicle.bmw.grandtourer",
         "actor_id": 703,
         "actor_location": {
            "x": 189.9313507080078,
            "y": 222.65997314453125,
            "z": 0.3223540186882019
         },
         "actor_rotation": {
            "roll": 0.002169977640733123,
            "pitch": 0.5086373090744019,
            "yaw": 90.06141662597656
         },
         "actor_bbox_ext": {
            "x": 2.3195438385009766,
            "y": 1.129660964012146,
            "z": 0.8390889763832092
         }
      },
      {
         "actor_type": "vehicle.seat.leon",
         "actor_id": 704,
         "actor_location": {
            "x": 182.6962890625,
            "y": 106.04597473144531,
            "z": 0.21496756374835968
         },
         "actor_rotation": {
            "roll": 0.21663478016853333,
            "pitch": 0.008373811841011047,
            "yaw": -165.3157501220703
         },
         "actor_bbox_ext": {
            "x": 2.1039369106292725,
            "y": 0.9099326133728027,
            "z": 0.7347301244735718
         }
      },
      {
         "actor_type": "vehicle.seat.leon",
         "actor_id": 705,
         "actor_location": {
            "x": 13.400670051574707,
            "y": 306.70965576171875,
            "z": 0.215005561709404
         },
         "actor_rotation": {
            "roll": 0.028671395033597946,
            "pitch": -0.011351773515343666,
            "yaw": 0.555041491985321
         },