{
   "cam_type": "sensor.camera.rgb",
   "cam_id": 391,
   "cam_location": {
      "x": -66.55810546875,
      "y": 16.659099578857422,
      "z": 12.905064582824707
   },
   "cam_rotation": {
      "roll": -0.0382690466940403,
      "pitch": -1.028954267501831,
      "yaw": -179.9292755126953
   },
   "img_name": "1021.png",
   "img_width": 640,
   "img_height": 680,
   "img_fov": 100,
   "debug_info": [
      {
         "actor_type": "vehicle.audi.etron",
         "actor_id": 334,
         "actor_location": {
            "x": 361.06365966796875,
            "y": -172.0804901123047,
            "z": 0.14761516451835632
         },
         "actor_rotation": {
            "roll": 0.0,
            "pitch": 0.0,
            "yaw": -179.73623657226562
         },
         "actor_bbox_ext": {
            "x": 2.4270286560058594,
            "y": 1.0045700073242188,
            "z": 0.8343994617462158
         }
      },
      {
         "actor_type": "vehicle.bmw.grandtourer",
         "actor_id": 335,
         "actor_location": {
            "x": -99.7125015258789,
            "y": 9.311507225036621,
            "z": 9.32222843170166
         },
         "actor_rotation": {
            "roll": 0.0431954525411129,
            "pitch": -1.0672852993011475,
            "yaw": -179.9110870361328
         },
         "actor_bbox_ext": {
            "x": 2.3195438385009766,
            "y": 1.129660964012146,
            "z": 0.8390889763832092
         }
      },
      {
         "actor_type": "vehicle.bmw.grandtourer",
         "actor_id": 336,
         "actor_location": {
            "x": -232.50027465820312,
            "y": 414.66998291015625,
            "z": 0.07487896084785461
         },
         "actor_rotation": {
            "roll": 0.10588903725147247,
            "pitch": -0.03380943462252617,
            "yaw": 179.41148376464844
         },
         "actor_bbox_ext": {
            "x": 2.3195438385009766,
            "y": 1.129660964012146,
            "z": 0.8390889763832092
         }
      },
      {
         "actor_type": "vehicle.chevrolet.impala",
         "actor_id": 337,
         "actor_location": {
            "x": -240.18565368652344,
            "y": 411.2145080566406,
            "z": -0.04706554487347603
         },
         "actor_rotation": {
            "roll": 0.12156443297863007,
            "pitch": -0.029267359524965286,
            "yaw": 178.86399841308594
         },
         "actor_bbox_ext": {
            "x": 2.684596538543701,
            "y": 1.026368260383606,
            "z": 0.7075497508049011
         }
      },
      {
         "actor_type": "vehicle.dodge_charger.police",
         "actor_id": 338,
         "actor_location": {
            "x": -231.0355682373047,
            "y": 407.66790771484375,
            "z": -0.01849399507045746
         },
         "actor_rotation": {
            "roll": -0.0277709998190403,
            "pitch": 0.14305830001831055,
            "yaw": 179.94740295410156
         },
         "actor_bbox_ext": {
            "x": 2.4965829849243164,
            "y": 1.0679636001586914,
            "z": 0.7898477911949158
         }
      },
      {
         "actor_type": "vehicle.harley-davidson.low rider",
         "actor_id": 339,
         "actor_location": {
            "x": -342.7303466796875,
            "y": -74.8603286743164,
            "z": -0.029928607866168022
         },
         "actor_rotation": {
            "roll": -0.5156554579734802,
            "pitch": -0.2091677039861679,
            "yaw": 149.79949951171875
         },
         "actor_bbox_ext": {
            "x": 1.175087809562683,
            "y": 0.3831165134906769,
            "z": 0.7318695783615112
         }
      },
      {
         "actor_type": "vehicle.kawasaki.ninja",
         "actor_id": 340,
         "actor_location": {
            "x": -142.2538604736328,
            "y": 406.40093994140625,
            "z": 0.00033733368036337197
         },
         "actor_rotation": {
            "roll": 2.9736807346343994,
            "pitch": -0.1858767569065094,
            "yaw": 164.619384765625
         },
         "actor_bbox_ext": {
            "x": 1.021842122077942,
            "y": 0.3984561562538147,
            "z": 0.687301516532898
         }
      },
      {
         "actor_type": "vehicle.yamaha.yzf",
         "actor_id": 341,
         "actor_location": {
            "x": -12.404865264892578,
            "y": -146.25369262695312,
            "z": -0.039860647171735764
         },
         "actor_rotation": {
            "roll": -0.5139771699905396,
            "pitch": -0.4968894124031067,
            "yaw": 90.71891021728516
         },
         "actor_bbox_ext": {
            "x": 1.0953842401504517,
            "y": 0.3831165134906769,
            "z": 0.8172529339790344
         }
      },
      {
         "actor_type": "vehicle.toyota.prius",
         "actor_id": 342,
         "actor_location": {
            "x": -156.80079650878906,
            "y": 403.0255126953125,
            "z": 0.036348000168800354
         },
         "actor_rotation": {
            "roll": -0.3740233778953552,
            "pitch": -0.00915928278118372,
            "yaw": 167.8595733642578
         },
         "actor_bbox_ext": {
            "x": 2.2691667079925537,
            "y": 1.0005652904510498,
            "z": 0.7686808109283447
         }
      },
      {
         "actor_type": "vehicle.yamaha.yzf",
         "actor_id": 343,
         "actor_location": {
            "x": 22.903785705566406,
            "y": -333.4864807128906,
            "z": -0.03238794207572937
         },
         "actor_rotation": {
            "roll": -1.6849669218063354,
            "pitch": 0.0406191311776638,
            "yaw": 171.81240844726562
         },
         "actor_bbox_ext": {
            "x": 1.0953842401504517,
            "y": 0.3831165134906769,
            "z": 0.8172529339790344
         }
      },
      {
         "actor_type": "vehicle.toyota.prius",
         "actor_id": 344,
         "actor_location": {
            "x": -26.080251693725586,
            "y": 9.476461410522461,
            "z": 10.587359428405762
         },
         "actor_rotation": {
            "roll": -0.00018310545419808477,
            "pitch": -0.9248622059822083,
            "yaw": -179.7649688720703
         },
         "actor_bbox_ext": {
            "x": 2.2691667079925537,
            "y": 1.0005652904510498,
            "z": 0.7686808109283447
         }
      },
      {
         "actor_type": "vehicle.mini.cooperst",
         "actor_id": 345,
         "actor_location": {
            "x": -20.920812606811523,
            "y": 12.997822761535645,
            "z": 10.682915687561035
         },
         "actor_rotation": {
            "roll": -0.00012207030522404239,
            "pitch": -0.8909571766853333,
            "yaw": -179.77015686035156
         },
         "actor_bbox_ext": {
            "x": 1.9010963439941406,
            "y": 0.9870172142982483,
            "z": 0.7375003099441528
         }
      },
      {
         "actor_type": "vehicle.lincoln.mkz2017",
         "actor_id": 346,
         "actor_location": {
            "x": -21.25416374206543,
            "y": 16.496551513671875,
            "z": 10.626055717468262
         },
         "actor_rotation": {
            "roll": 5.035123467678204e-05,
            "pitch": -1.0723532438278198,
            "yaw": -179.7669219970703
         },
         "actor_bbox_ext": {
            "x": 2.4543750286102295,
            "y": 1.056093692779541,
            "z": 0.7615917921066284
         }
      },
      {
         "actor_type": "vehicle.chevrolet.impala",
         "actor_id": 347,
         "actor_location": {
            "x": -78.42840576171875,
            "y": 12.843533515930176,
            "z": 9.602795600891113
         },
         "actor_rotation": {
            "roll": 0.09469589591026306,
            "pitch": -0.9667312502861023,