{
   "cam_type": "sensor.camera.rgb",
   "cam_id": 265,
   "cam_location": {
      "x": 189.9544677734375,
      "y": 154.94293212890625,
      "z": 1.206615924835205
   },
   "cam_rotation": {
      "roll": -0.01904296688735485,
      "pitch": -0.1733638495206833,
      "yaw": 90.15589141845703
   },
   "img_name": "164.png",
   "img_width": 640,
   "img_height": 680,
   "img_fov": 100,
   "debug_info": [
      {
         "actor_type": "vehicle.kawasaki.ninja",
         "actor_id": 212,
         "actor_location": {
            "x": -7.5223917961120605,
            "y": 143.58279418945312,
            "z": 0.21387726068496704
         },
         "actor_rotation": {
            "roll": -0.006988501641899347,
            "pitch": -0.9717992544174194,
            "yaw": 90.00275421142578
         },
         "actor_bbox_ext": {
            "x": 1.021842122077942,
            "y": 0.3984561562538147,
            "z": 0.687301516532898
         }
      },
      {
         "actor_type": "vehicle.tesla.model3",
         "actor_id": 213,
         "actor_location": {
            "x": -7.528654098510742,
            "y": 273.2071533203125,
            "z": 0.21320895850658417
         },
         "actor_rotation": {
            "roll": -0.005279648583382368,
            "pitch": 0.905799150466919,
            "yaw": 90.01889038085938
         },
         "actor_bbox_ext": {
            "x": 2.452350616455078,
            "y": 1.0303291082382202,
            "z": 0.7391985058784485
         }
      },
      {
         "actor_type": "vehicle.chevrolet.impala",
         "actor_id": 214,
         "actor_location": {
            "x": -3.399670124053955,
            "y": 231.8328094482422,
            "z": 0.16722865402698517
         },
         "actor_rotation": {
            "roll": 0.21898622810840607,
            "pitch": 0.5287385582923889,
            "yaw": -84.22945404052734
         },
         "actor_bbox_ext": {
            "x": 2.684596538543701,
            "y": 1.026368260383606,
            "z": 0.7075497508049011
         }
      },
      {
         "actor_type": "vehicle.harley-davidson.low rider",
         "actor_id": 215,
         "actor_location": {
            "x": -7.523519515991211,
            "y": 235.0535125732422,
            "z": 0.1835615187883377
         },
         "actor_rotation": {
            "roll": -0.007202146574854851,
            "pitch": -0.9255384206771851,
            "yaw": 90.028564453125
         },
         "actor_bbox_ext": {
            "x": 1.175087809562683,
            "y": 0.3831165134906769,
            "z": 0.7318695783615112
         }
      },
      {
         "actor_type": "vehicle.harley-davidson.low rider",
         "actor_id": 216,
         "actor_location": {
            "x": -3.680129051208496,
            "y": 120.39659881591797,
            "z": 0.18360580503940582
         },
         "actor_rotation": {
            "roll": -0.0016785220941528678,
            "pitch": -0.9206821322441101,
            "yaw": -90.00825500488281
         },
         "actor_bbox_ext": {
            "x": 1.175087809562683,
            "y": 0.3831165134906769,
            "z": 0.7318695783615112
         }
      },
      {
         "actor_type": "vehicle.ford.mustang",
         "actor_id": 217,
         "actor_location": {
            "x": -7.52960729598999,
            "y": 122.99977111816406,
            "z": 0.20714595913887024
         },
         "actor_rotation": {
            "roll": 0.0037945429794490337,
            "pitch": 0.885520339012146,
            "yaw": 89.97533416748047
         },
         "actor_bbox_ext": {
            "x": 2.3399999141693115,
            "y": 0.9399999976158142,
            "z": 0.6499999761581421
         }
      },
      {
         "actor_type": "vehicle.seat.leon",
         "actor_id": 218,
         "actor_location": {
            "x": 193.77926635742188,
            "y": 265.1120910644531,
            "z": 0.21318641304969788
         },
         "actor_rotation": {
            "roll": -0.0012512002140283585,
            "pitch": 0.5034258961677551,
            "yaw": -89.99418640136719
         },
         "actor_bbox_ext": {
            "x": 2.1039369106292725,
            "y": 0.9099326133728027,
            "z": 0.7347301244735718
         }
      },
      {
         "actor_type": "vehicle.lincoln.mkz2017",
         "actor_id": 219,
         "actor_location": {
            "x": 189.9048614501953,
            "y": 252.8335418701172,
            "z": 0.24822162091732025
         },
         "actor_rotation": {
            "roll": 0.11507866531610489,
            "pitch": -0.5360400676727295,
            "yaw": 90.87848663330078
         },
         "actor_bbox_ext": {
            "x": 2.4543750286102295,
            "y": 1.056093692779541,
            "z": 0.7615917921066284
         }
      },
      {
         "actor_type": "vehicle.seat.leon",
         "actor_id": 220,
         "actor_location": {
            "x": 193.7860107421875,
            "y": 292.7458801269531,
            "z": 0.21301086246967316
         },
         "actor_rotation": {
            "roll": -0.019866952672600746,
            "pitch": 0.46102407574653625,
            "yaw": -89.77459716796875
         },
         "actor_bbox_ext": {
            "x": 2.1039369106292725,
            "y": 0.9099326133728027,
            "z": 0.7347301244735718
         }
      },
      {
         "actor_type": "vehicle.yamaha.yzf",
         "actor_id": 221,
         "actor_location": {
            "x": 189.8970489501953,
            "y": 293.7017822265625,
            "z": 0.17797088623046875
         },
         "actor_rotation": {
            "roll": 0.29142215847969055,
            "pitch": -0.7367861270904541,
            "yaw": 92.46936798095703
         },
         "actor_bbox_ext": {
            "x": 1.0953842401504517,
            "y": 0.3831165134906769,
            "z": 0.8172529339790344
         }
      },
      {
         "actor_type": "vehicle.mercedes-benz.coupe",
         "actor_id": 222,
         "actor_location": {
            "x": 193.80477905273438,
            "y": 218.49574279785156,
            "z": 0.3508545160293579
         },
         "actor_rotation": {
            "roll": 0.04101738706231117,
            "pitch": 0.19391588866710663,
            "yaw": -89.0787582397461
         },
         "actor_bbox_ext": {
            "x": 2.521892547607422,
            "y": 1.0814987421035767,
            "z": 0.820067286491394
         }
      },
      {
         "actor_type": "vehicle.chevrolet.impala",
         "actor_id": 223,
         "actor_location": {
            "x": 189.93040466308594,
            "y": 208.26300048828125,
            "z": 0.18866001069545746
         },
         "actor_rotation": {
            "roll": 0.004993141628801823,
            "pitch": -0.4292295575141907,
            "yaw": 90.00023651123047
         },
         "actor_bbox_ext": {
            "x": 2.684596538543701,
            "y": 1.026368260383606,
            "z": 0.7075497508049011
         }
      },
      {
         "actor_type": "vehicle.bh.crossbike",
         "actor_id": 224,
         "actor_location": {
            "x": 193.7796173095703,
            "y": 171.2518310546875,
            "z": 0.21830087900161743
         },
         "actor_rotation": {
            "roll": -0.00042724551167339087,
            "pitch": -0.42687997221946716,
            "yaw": -89.99925994873047
         },
         "actor_bbox_ext": {
            "x": 0.7546613812446594,
            "y": 0.4329703152179718,
            "z": 0.7653154730796814
         }
      },
      {
         "actor_type": "vehicle.citroen.c3",
         "actor_id": 225,
         "actor_location": {
            "x": -7.529717922210693,
            "y": 251.3732147216797,
            "z": 0.2583842873573303
         },
         "actor_rotation": {
            "roll": -0.0001831056724768132,
            "pitch": 0.008920226246118546,