{
   "cam_type": "sensor.camera.rgb",
   "cam_id": 263,
   "cam_location": {
      "x": 190.23057556152344,
      "y": 155.31024169921875,
      "z": 3.2365200519561768
   },
   "cam_rotation": {
      "roll": -0.0007934571476653218,
      "pitch": 0.535507321357727,
      "yaw": 90.0014419555664
   },
   "img_name": "168.png",
   "img_width": 640,
   "img_height": 680,
   "img_fov": 100,
   "debug_info": [
      {
         "actor_type": "vehicle.nissan.patrol",
         "actor_id": 212,
         "actor_location": {
            "x": -7.527262210845947,
            "y": 146.1923065185547,
            "z": 0.23112429678440094
         },
         "actor_rotation": {
            "roll": 0.0009332966874353588,
            "pitch": 0.05177966132760048,
            "yaw": 89.85626220703125
         },
         "actor_bbox_ext": {
            "x": 2.259999990463257,
            "y": 0.9599999785423279,
            "z": 0.9435654878616333
         }
      },
      {
         "actor_type": "vehicle.carlamotors.carlacola",
         "actor_id": 213,
         "actor_location": {
            "x": -7.529887676239014,
            "y": 272.9154052734375,
            "z": 0.2207263559103012
         },
         "actor_rotation": {
            "roll": 0.0022283075377345085,
            "pitch": -0.2726133167743683,
            "yaw": 90.0241470336914
         },
         "actor_bbox_ext": {
            "x": 2.5996146202087402,
            "y": 1.3075095415115356,
            "z": 1.2384252548217773
         }
      },
      {
         "actor_type": "vehicle.nissan.patrol",
         "actor_id": 214,
         "actor_location": {
            "x": -3.4079833030700684,
            "y": 230.69198608398438,
            "z": 0.2311292141675949
         },
         "actor_rotation": {
            "roll": 0.016591018065810204,
            "pitch": 0.05727796256542206,
            "yaw": -86.47784423828125
         },
         "actor_bbox_ext": {
            "x": 2.259999990463257,
            "y": 0.9599999785423279,
            "z": 0.9435654878616333
         }
      },
      {
         "actor_type": "vehicle.nissan.micra",
         "actor_id": 215,
         "actor_location": {
            "x": -7.530422687530518,
            "y": 237.79869079589844,
            "z": 0.20826305449008942
         },
         "actor_rotation": {
            "roll": 0.0021493590902537107,
            "pitch": -0.27225133776664734,
            "yaw": 90.0680923461914
         },
         "actor_bbox_ext": {
            "x": 1.8344237804412842,
            "y": 0.9280761480331421,
            "z": 0.7616068720817566
         }
      },
      {
         "actor_type": "vehicle.yamaha.yzf",
         "actor_id": 216,
         "actor_location": {
            "x": -3.6846396923065186,
            "y": 119.67276000976562,
            "z": 0.17450203001499176
         },
         "actor_rotation": {
            "roll": -0.00045781166409142315,
            "pitch": -1.0861775875091553,
            "yaw": -90.01506805419922
         },
         "actor_bbox_ext": {
            "x": 1.0953842401504517,
            "y": 0.3831165134906769,
            "z": 0.8172529339790344
         }
      },
      {
         "actor_type": "vehicle.diamondback.century",
         "actor_id": 217,
         "actor_location": {
            "x": -7.5301055908203125,
            "y": 122.46749114990234,
            "z": 0.20455898344516754
         },
         "actor_rotation": {
            "roll": 0.000748580030631274,
            "pitch": 0.07563751190900803,
            "yaw": 90.08927917480469
         },
         "actor_bbox_ext": {
            "x": 0.8281218409538269,
            "y": 0.21070940792560577,
            "z": 0.746755838394165
         }
      },
      {
         "actor_type": "vehicle.citroen.c3",
         "actor_id": 218,
         "actor_location": {
            "x": 193.7795867919922,
            "y": 263.9104919433594,
            "z": 0.2574244737625122
         },
         "actor_rotation": {
            "roll": -0.0006408726330846548,
            "pitch": 0.1483926773071289,
            "yaw": -89.99974822998047
         },
         "actor_bbox_ext": {
            "x": 1.9876738786697388,
            "y": 0.931037425994873,
            "z": 0.8128864765167236
         }
      },
      {
         "actor_type": "vehicle.bmw.isetta",
         "actor_id": 219,
         "actor_location": {
            "x": 189.88235473632812,
            "y": 253.1015167236328,
            "z": 0.25508442521095276
         },
         "actor_rotation": {
            "roll": -0.003814679104834795,
            "pitch": 0.5547410845756531,
            "yaw": 92.27970886230469
         },
         "actor_bbox_ext": {
            "x": 1.1012483835220337,
            "y": 0.7426624298095703,
            "z": 0.6732476949691772
         }
      },
      {
         "actor_type": "vehicle.mercedes-benz.coupe",
         "actor_id": 220,
         "actor_location": {
            "x": 193.792724609375,
            "y": 291.4415283203125,
            "z": 0.3521355092525482
         },
         "actor_rotation": {
            "roll": 0.0031383365858346224,
            "pitch": 0.10286947339773178,
            "yaw": -89.55786895751953
         },
         "actor_bbox_ext": {
            "x": 2.521892547607422,
            "y": 1.0814987421035767,
            "z": 0.820067286491394
         }
      },
      {
         "actor_type": "vehicle.kawasaki.ninja",
         "actor_id": 221,
         "actor_location": {
            "x": 189.8826904296875,
            "y": 294.2003173828125,
            "z": 0.21421024203300476
         },
         "actor_rotation": {
            "roll": 0.5684651136398315,
            "pitch": -0.9319724440574646,
            "yaw": 93.48869323730469
         },
         "actor_bbox_ext": {
            "x": 1.021842122077942,
            "y": 0.3984561562538147,
            "z": 0.687301516532898
         }
      },
      {
         "actor_type": "vehicle.nissan.patrol",
         "actor_id": 222,
         "actor_location": {
            "x": 193.7800750732422,
            "y": 217.71792602539062,
            "z": 0.23040950298309326
         },
         "actor_rotation": {
            "roll": 0.0015178805915638804,
            "pitch": 0.07031679153442383,
            "yaw": -90.12258911132812
         },
         "actor_bbox_ext": {
            "x": 2.259999990463257,
            "y": 0.9599999785423279,
            "z": 0.9435654878616333
         }
      },
      {
         "actor_type": "vehicle.dodge_charger.police",
         "actor_id": 223,
         "actor_location": {
            "x": 189.9303436279297,
            "y": 209.02032470703125,
            "z": 0.22205904126167297
         },
         "actor_rotation": {
            "roll": 0.11961255967617035,
            "pitch": -0.9776322245597839,
            "yaw": 90.0044937133789
         },
         "actor_bbox_ext": {
            "x": 2.4965829849243164,
            "y": 1.0679636001586914,
            "z": 0.7898477911949158
         }
      },
      {
         "actor_type": "vehicle.audi.etron",
         "actor_id": 224,
         "actor_location": {
            "x": 193.7796630859375,
            "y": 170.8756866455078,
            "z": 0.17116478085517883
         },
         "actor_rotation": {
            "roll": 0.0010912965517491102,
            "pitch": 0.05585045367479324,
            "yaw": -90.02056121826172
         },
         "actor_bbox_ext": {
            "x": 2.4270286560058594,
            "y": 1.0045700073242188,
            "z": 0.8343994617462158
         }
      },
      {
         "actor_type": "vehicle.kawasaki.ninja",
         "actor_id": 225,
         "actor_location": {
            "x": -7.52968692779541,
            "y": 251.46339416503906,
            "z": 0.21477267146110535
         },
         "actor_rotation": {
            "roll": -0.0025939864572137594,
            "pitch": -0.8351066708564758,