{
   "cam_type": "sensor.camera.rgb",
   "cam_id": 265,
   "cam_location": {
      "x": 189.9342498779297,
      "y": 156.40707397460938,
      "z": 2.916032314300537
   },
   "cam_rotation": {
      "roll": -0.005523736122995615,
      "pitch": 0.9959234595298767,
      "yaw": 90.01692199707031
   },
   "img_name": "176.png",
   "img_width": 640,
   "img_height": 680,
   "img_fov": 100,
   "debug_info": [
      {
         "actor_type": "vehicle.bmw.isetta",
         "actor_id": 212,
         "actor_location": {
            "x": -7.530035972595215,
            "y": 143.83790588378906,
            "z": 0.22234086692333221
         },
         "actor_rotation": {
            "roll": 0.0005119380075484514,
            "pitch": 0.306880384683609,
            "yaw": 89.99557495117188
         },
         "actor_bbox_ext": {
            "x": 1.1012483835220337,
            "y": 0.7426624298095703,
            "z": 0.6732476949691772
         }
      },
      {
         "actor_type": "vehicle.mini.cooperst",
         "actor_id": 213,
         "actor_location": {
            "x": -7.529192924499512,
            "y": 276.5484619140625,
            "z": 0.26408514380455017
         },
         "actor_rotation": {
            "roll": -0.0003051745879929513,
            "pitch": -0.28964099287986755,
            "yaw": 89.98971557617188
         },
         "actor_bbox_ext": {
            "x": 1.9010963439941406,
            "y": 0.9870172142982483,
            "z": 0.7375003099441528
         }
      },
      {
         "actor_type": "vehicle.tesla.model3",
         "actor_id": 214,
         "actor_location": {
            "x": -3.308014392852783,
            "y": 228.46180725097656,
            "z": 0.21624435484409332
         },
         "actor_rotation": {
            "roll": 0.30977460741996765,
            "pitch": 0.37456756830215454,
            "yaw": -88.38971710205078
         },
         "actor_bbox_ext": {
            "x": 2.452350616455078,
            "y": 1.0303291082382202,
            "z": 0.7391985058784485
         }
      },
      {
         "actor_type": "vehicle.citroen.c3",
         "actor_id": 215,
         "actor_location": {
            "x": -7.529823303222656,
            "y": 239.75411987304688,
            "z": 0.25811079144477844
         },
         "actor_rotation": {
            "roll": -0.0002441393880872056,
            "pitch": 0.06403301656246185,
            "yaw": 90.00181579589844
         },
         "actor_bbox_ext": {
            "x": 1.9876738786697388,
            "y": 0.931037425994873,
            "z": 0.8128864765167236
         }
      },
      {
         "actor_type": "vehicle.kawasaki.ninja",
         "actor_id": 216,
         "actor_location": {
            "x": -3.6865170001983643,
            "y": 118.2320556640625,
            "z": 0.21468541026115417
         },
         "actor_rotation": {
            "roll": -0.003448490984737873,
            "pitch": -0.9489113092422485,
            "yaw": -90.01598358154297
         },
         "actor_bbox_ext": {
            "x": 1.021842122077942,
            "y": 0.3984561562538147,
            "z": 0.687301516532898
         }
      },
      {
         "actor_type": "vehicle.bmw.grandtourer",
         "actor_id": 217,
         "actor_location": {
            "x": -7.529762268066406,
            "y": 125.10693359375,
            "z": 0.2871474027633667
         },
         "actor_rotation": {
            "roll": -0.0012206889223307371,
            "pitch": 0.6806010007858276,
            "yaw": 90.0042724609375
         },
         "actor_bbox_ext": {
            "x": 2.3195438385009766,
            "y": 1.129660964012146,
            "z": 0.8390889763832092
         }
      },
      {
         "actor_type": "vehicle.citroen.c3",
         "actor_id": 218,
         "actor_location": {
            "x": 193.7786102294922,
            "y": 262.0780944824219,
            "z": 0.25779739022254944
         },
         "actor_rotation": {
            "roll": -0.00039672854472883046,
            "pitch": 0.10003494471311569,
            "yaw": -90.00439453125
         },
         "actor_bbox_ext": {
            "x": 1.9876738786697388,
            "y": 0.931037425994873,
            "z": 0.8128864765167236
         }
      },
      {
         "actor_type": "vehicle.nissan.patrol",
         "actor_id": 219,
         "actor_location": {
            "x": 189.76382446289062,
            "y": 255.67816162109375,
            "z": 0.2575356364250183
         },
         "actor_rotation": {
            "roll": 0.762520432472229,
            "pitch": -0.21673555672168732,
            "yaw": 92.47602844238281
         },
         "actor_bbox_ext": {
            "x": 2.259999990463257,
            "y": 0.9599999785423279,
            "z": 0.9435654878616333
         }
      },
      {
         "actor_type": "vehicle.seat.leon",
         "actor_id": 220,
         "actor_location": {
            "x": 193.80825805664062,
            "y": 289.29736328125,
            "z": 0.21418346464633942
         },
         "actor_rotation": {
            "roll": 0.00671738013625145,
            "pitch": 0.24799732863903046,
            "yaw": -89.6712646484375
         },
         "actor_bbox_ext": {
            "x": 2.1039369106292725,
            "y": 0.9099326133728027,
            "z": 0.7347301244735718
         }
      },
      {
         "actor_type": "vehicle.jeep.wrangler_rubicon",
         "actor_id": 221,
         "actor_location": {
            "x": 189.35751342773438,
            "y": 296.6563720703125,
            "z": 0.22739505767822266
         },
         "actor_rotation": {
            "roll": 0.10091426223516464,
            "pitch": -0.11407098174095154,
            "yaw": 103.91372680664062
         },
         "actor_bbox_ext": {
            "x": 1.9340534210205078,
            "y": 0.953285276889801,
            "z": 0.9399999976158142
         }
      },
      {
         "actor_type": "vehicle.bmw.isetta",
         "actor_id": 222,
         "actor_location": {
            "x": 193.78050231933594,
            "y": 217.9124755859375,
            "z": 0.22171764075756073
         },
         "actor_rotation": {
            "roll": 0.008180717006325722,
            "pitch": 0.47848203778266907,
            "yaw": -90.00650024414062
         },
         "actor_bbox_ext": {
            "x": 1.1012483835220337,
            "y": 0.7426624298095703,
            "z": 0.6732476949691772
         }
      },
      {
         "actor_type": "vehicle.citroen.c3",
         "actor_id": 223,
         "actor_location": {
            "x": 189.92881774902344,
            "y": 210.581787109375,
            "z": 0.25956249237060547
         },
         "actor_rotation": {
            "roll": 0.1896272599697113,
            "pitch": 0.07203800231218338,
            "yaw": 90.0105209350586
         },
         "actor_bbox_ext": {
            "x": 1.9876738786697388,
            "y": 0.931037425994873,
            "z": 0.8128864765167236
         }
      },
      {
         "actor_type": "vehicle.jeep.wrangler_rubicon",
         "actor_id": 224,
         "actor_location": {
            "x": 193.78016662597656,
            "y": 169.16358947753906,
            "z": 0.2276955395936966
         },
         "actor_rotation": {
            "roll": -0.003509523579850793,
            "pitch": -0.15887701511383057,
            "yaw": -89.93814086914062
         },
         "actor_bbox_ext": {
            "x": 1.9340534210205078,
            "y": 0.953285276889801,
            "z": 0.9399999976158142
         }
      },
      {
         "actor_type": "vehicle.gazelle.omafiets",
         "actor_id": 225,
         "actor_location": {
            "x": -7.531162738800049,
            "y": 256.1719970703125,
            "z": 0.20223671197891235
         },
         "actor_rotation": {
            "roll": -0.0010376002173870802,
            "pitch": -0.3984937071800232,