{
   "cam_type": "sensor.camera.rgb",
   "cam_id": 265,
   "cam_location": {
      "x": 189.93511962890625,
      "y": 166.51348876953125,
      "z": 1.2182170152664185
   },
   "cam_rotation": {
      "roll": -0.7194519639015198,
      "pitch": 0.0566837377846241,
      "yaw": 89.82982635498047
   },
   "img_name": "191.png",
   "img_width": 640,
   "img_height": 680,
   "img_fov": 100,
   "debug_info": [
      {
         "actor_type": "vehicle.kawasaki.ninja",
         "actor_id": 212,
         "actor_location": {
            "x": -7.520607948303223,
            "y": 161.7905731201172,
            "z": 0.21787810325622559
         },
         "actor_rotation": {
            "roll": 1.1616407391557004e-06,
            "pitch": 0.0017895094351843,
            "yaw": 89.99451446533203
         },
         "actor_bbox_ext": {
            "x": 1.021842122077942,
            "y": 0.3984561562538147,
            "z": 0.687301516532898
         }
      },
      {
         "actor_type": "vehicle.tesla.model3",
         "actor_id": 213,
         "actor_location": {
            "x": -7.529917240142822,
            "y": 289.921142578125,
            "z": 0.217665895819664
         },
         "actor_rotation": {
            "roll": -0.00027464976301416755,
            "pitch": 0.18686030805110931,
            "yaw": 90.00062561035156
         },
         "actor_bbox_ext": {
            "x": 2.452350616455078,
            "y": 1.0303291082382202,
            "z": 0.7391985058784485
         }
      },
      {
         "actor_type": "vehicle.chevrolet.impala",
         "actor_id": 214,
         "actor_location": {
            "x": -3.2215309143066406,
            "y": 215.24685668945312,
            "z": 0.1702413111925125
         },
         "actor_rotation": {
            "roll": 0.000722971570212394,
            "pitch": 0.22168061137199402,
            "yaw": -90.00225830078125
         },
         "actor_bbox_ext": {
            "x": 2.684596538543701,
            "y": 1.026368260383606,
            "z": 0.7075497508049011
         }
      },
      {
         "actor_type": "vehicle.harley-davidson.low rider",
         "actor_id": 215,
         "actor_location": {
            "x": -7.521973609924316,
            "y": 251.66017150878906,
            "z": 0.19169196486473083
         },
         "actor_rotation": {
            "roll": 9.342318662675098e-06,
            "pitch": -0.024691132828593254,
            "yaw": 89.99449157714844
         },
         "actor_bbox_ext": {
            "x": 1.175087809562683,
            "y": 0.3831165134906769,
            "z": 0.7318695783615112
         }
      },
      {
         "actor_type": "vehicle.harley-davidson.low rider",
         "actor_id": 216,
         "actor_location": {
            "x": 6.348567485809326,
            "y": 109.50801849365234,
            "z": 0.19063644111156464
         },
         "actor_rotation": {
            "roll": 2.0098657608032227,
            "pitch": -0.25219789147377014,
            "yaw": -0.126983642578125
         },
         "actor_bbox_ext": {
            "x": 1.175087809562683,
            "y": 0.3831165134906769,
            "z": 0.7318695783615112
         }
      },
      {
         "actor_type": "vehicle.ford.mustang",
         "actor_id": 217,
         "actor_location": {
            "x": -7.524623870849609,
            "y": 140.32769775390625,
            "z": 0.21425475180149078
         },
         "actor_rotation": {
            "roll": 8.714995055925101e-05,
            "pitch": -0.031036376953125,
            "yaw": 89.99712371826172
         },
         "actor_bbox_ext": {
            "x": 2.3399999141693115,
            "y": 0.9399999976158142,
            "z": 0.6499999761581421
         }
      },
      {
         "actor_type": "vehicle.seat.leon",
         "actor_id": 218,
         "actor_location": {
            "x": 193.7776336669922,
            "y": 255.83567810058594,
            "z": 0.214516744017601
         },
         "actor_rotation": {
            "roll": 8.029348828131333e-05,
            "pitch": -0.008483094163239002,
            "yaw": -90.15962982177734
         },
         "actor_bbox_ext": {
            "x": 2.1039369106292725,
            "y": 0.9099326133728027,
            "z": 0.7347301244735718
         }
      },
      {
         "actor_type": "vehicle.lincoln.mkz2017",
         "actor_id": 219,
         "actor_location": {
            "x": 189.59906005859375,
            "y": 270.2188415527344,
            "z": 0.2091851532459259
         },
         "actor_rotation": {
            "roll": -0.0029602069407701492,
            "pitch": 0.08965989202260971,
            "yaw": 90.0227279663086
         },
         "actor_bbox_ext": {
            "x": 2.4543750286102295,
            "y": 1.056093692779541,
            "z": 0.7615917921066284
         }
      },
      {
         "actor_type": "vehicle.seat.leon",
         "actor_id": 220,
         "actor_location": {
            "x": 193.82223510742188,
            "y": 275.931396484375,
            "z": 0.21492144465446472
         },
         "actor_rotation": {
            "roll": 0.0001898674963740632,
            "pitch": 0.01149520743638277,
            "yaw": -89.98210906982422
         },
         "actor_bbox_ext": {
            "x": 2.1039369106292725,
            "y": 0.9099326133728027,
            "z": 0.7347301244735718
         }
      },
      {
         "actor_type": "vehicle.yamaha.yzf",
         "actor_id": 221,
         "actor_location": {
            "x": 178.33071899414062,
            "y": 302.5292053222656,
            "z": 0.18416336178779602
         },
         "actor_rotation": {
            "roll": -0.5690611004829407,
            "pitch": -0.34847623109817505,
            "yaw": 177.5173797607422
         },
         "actor_bbox_ext": {
            "x": 1.0953842401504517,
            "y": 0.3831165134906769,
            "z": 0.8172529339790344
         }
      },
      {
         "actor_type": "vehicle.mercedes-benz.coupe",
         "actor_id": 222,
         "actor_location": {
            "x": 193.84222412109375,
            "y": 206.3436737060547,
            "z": 0.3485971689224243
         },
         "actor_rotation": {
            "roll": -0.012481683865189552,
            "pitch": 0.43966609239578247,
            "yaw": -90.2685546875
         },
         "actor_bbox_ext": {
            "x": 2.521892547607422,
            "y": 1.0814987421035767,
            "z": 0.820067286491394
         }
      },
      {
         "actor_type": "vehicle.chevrolet.impala",
         "actor_id": 223,
         "actor_location": {
            "x": 189.929443359375,
            "y": 220.1538848876953,
            "z": 0.18899253010749817
         },
         "actor_rotation": {
            "roll": 0.006624997593462467,
            "pitch": 0.495618999004364,
            "yaw": 89.93246459960938
         },
         "actor_bbox_ext": {
            "x": 2.684596538543701,
            "y": 1.026368260383606,
            "z": 0.7075497508049011
         }
      },
      {
         "actor_type": "vehicle.bh.crossbike",
         "actor_id": 224,
         "actor_location": {
            "x": 193.7714385986328,
            "y": 160.12965393066406,
            "z": 0.2193719446659088
         },
         "actor_rotation": {
            "roll": -0.006683348678052425,
            "pitch": 0.01027260348200798,
            "yaw": -90.02243041992188
         },
         "actor_bbox_ext": {
            "x": 0.7546613812446594,
            "y": 0.4329703152179718,
            "z": 0.7653154730796814
         }
      },
      {
         "actor_type": "vehicle.citroen.c3",
         "actor_id": 225,
         "actor_location": {
            "x": -7.528099060058594,
            "y": 268.2148132324219,
            "z": 0.2590339183807373
         },
         "actor_rotation": {
            "roll": 0.0002584466419648379,
            "pitch": -0.024896038696169853,