{
   "cam_type": "sensor.camera.rgb",
   "cam_id": 263,
   "cam_location": {
      "x": 190.2310333251953,
      "y": 168.17678833007812,
      "z": 3.399691581726074
   },
   "cam_rotation": {
      "roll": 0.014265825040638447,
      "pitch": -0.669829785823822,
      "yaw": 89.9998779296875
   },
   "img_name": "195.png",
   "img_width": 640,
   "img_height": 680,
   "img_fov": 100,
   "debug_info": [
      {
         "actor_type": "vehicle.nissan.patrol",
         "actor_id": 212,
         "actor_location": {
            "x": -7.520852088928223,
            "y": 162.01913452148438,
            "z": 0.23112952709197998
         },
         "actor_rotation": {
            "roll": 0.0002417330106254667,
            "pitch": 0.0284272450953722,
            "yaw": 89.9622802734375
         },
         "actor_bbox_ext": {
            "x": 2.259999990463257,
            "y": 0.9599999785423279,
            "z": 0.9435654878616333
         }
      },
      {
         "actor_type": "vehicle.carlamotors.carlacola",
         "actor_id": 213,
         "actor_location": {
            "x": -7.530269145965576,
            "y": 288.4566650390625,
            "z": 0.21914847195148468
         },
         "actor_rotation": {
            "roll": 0.00020219261932652444,
            "pitch": -0.03061290644109249,
            "yaw": 89.99932098388672
         },
         "actor_bbox_ext": {
            "x": 2.5996146202087402,
            "y": 1.3075095415115356,
            "z": 1.2384252548217773
         }
      },
      {
         "actor_type": "vehicle.nissan.patrol",
         "actor_id": 214,
         "actor_location": {
            "x": -3.3189003467559814,
            "y": 214.78741455078125,
            "z": 0.23113177716732025
         },
         "actor_rotation": {
            "roll": 0.0003108044620603323,
            "pitch": 0.02811305783689022,
            "yaw": -90.03541564941406
         },
         "actor_bbox_ext": {
            "x": 2.259999990463257,
            "y": 0.9599999785423279,
            "z": 0.9435654878616333
         }
      },
      {
         "actor_type": "vehicle.nissan.micra",
         "actor_id": 215,
         "actor_location": {
            "x": -7.527969837188721,
            "y": 253.61964416503906,
            "z": 0.20735374093055725
         },
         "actor_rotation": {
            "roll": 0.00033711580908857286,
            "pitch": -0.1972626894712448,
            "yaw": 89.98763275146484
         },
         "actor_bbox_ext": {
            "x": 1.8344237804412842,
            "y": 0.9280761480331421,
            "z": 0.7616068720817566
         }
      },
      {
         "actor_type": "vehicle.yamaha.yzf",
         "actor_id": 216,
         "actor_location": {
            "x": 8.011005401611328,
            "y": 109.55752563476562,
            "z": 0.19381393492221832
         },
         "actor_rotation": {
            "roll": -0.112060546875,
            "pitch": 0.6742625832557678,
            "yaw": -0.9020081758499146
         },
         "actor_bbox_ext": {
            "x": 1.0953842401504517,
            "y": 0.3831165134906769,
            "z": 0.8172529339790344
         }
      },
      {
         "actor_type": "vehicle.diamondback.century",
         "actor_id": 217,
         "actor_location": {
            "x": -7.529687881469727,
            "y": 132.51446533203125,
            "z": 0.20244941115379333
         },
         "actor_rotation": {
            "roll": 1.7876092215374229e-06,
            "pitch": -0.27524295449256897,
            "yaw": 89.99449157714844
         },
         "actor_bbox_ext": {
            "x": 0.8281218409538269,
            "y": 0.21070940792560577,
            "z": 0.746755838394165
         }
      },
      {
         "actor_type": "vehicle.citroen.c3",
         "actor_id": 218,
         "actor_location": {
            "x": 193.7776641845703,
            "y": 254.8861541748047,
            "z": 0.258331298828125
         },
         "actor_rotation": {
            "roll": 2.0922039766446687e-05,
            "pitch": -0.004576226696372032,
            "yaw": -90.0418701171875
         },
         "actor_bbox_ext": {
            "x": 1.9876738786697388,
            "y": 0.931037425994873,
            "z": 0.8128864765167236
         }
      },
      {
         "actor_type": "vehicle.bmw.isetta",
         "actor_id": 219,
         "actor_location": {
            "x": 189.65347290039062,
            "y": 258.49658203125,
            "z": 0.2207065224647522
         },
         "actor_rotation": {
            "roll": 0.22953633964061737,
            "pitch": -0.41427144408226013,
            "yaw": 91.31968688964844
         },
         "actor_bbox_ext": {
            "x": 1.1012483835220337,
            "y": 0.7426624298095703,
            "z": 0.6732476949691772
         }
      },
      {
         "actor_type": "vehicle.mercedes-benz.coupe",
         "actor_id": 220,
         "actor_location": {
            "x": 193.82139587402344,
            "y": 274.1597900390625,
            "z": 0.34928587079048157
         },
         "actor_rotation": {
            "roll": -0.01251219492405653,
            "pitch": 0.4155213534832001,
            "yaw": -89.98571014404297
         },
         "actor_bbox_ext": {
            "x": 2.521892547607422,
            "y": 1.0814987421035767,
            "z": 0.820067286491394
         }
      },
      {
         "actor_type": "vehicle.kawasaki.ninja",
         "actor_id": 221,
         "actor_location": {
            "x": 176.39886474609375,
            "y": 302.5478515625,
            "z": 0.21834354102611542
         },
         "actor_rotation": {
            "roll": -0.1482543796300888,
            "pitch": -0.49025729298591614,
            "yaw": 179.8163299560547
         },
         "actor_bbox_ext": {
            "x": 1.021842122077942,
            "y": 0.3984561562538147,
            "z": 0.687301516532898
         }
      },
      {
         "actor_type": "vehicle.nissan.patrol",
         "actor_id": 222,
         "actor_location": {
            "x": 193.7692108154297,
            "y": 205.98597717285156,
            "z": 0.23080836236476898
         },
         "actor_rotation": {
            "roll": -0.00039672854472883046,
            "pitch": 0.004466943442821503,
            "yaw": -89.74533081054688
         },
         "actor_bbox_ext": {
            "x": 2.259999990463257,
            "y": 0.9599999785423279,
            "z": 0.9435654878616333
         }
      },
      {
         "actor_type": "vehicle.dodge_charger.police",
         "actor_id": 223,
         "actor_location": {
            "x": 189.92974853515625,
            "y": 221.7245330810547,
            "z": 0.22508981823921204
         },
         "actor_rotation": {
            "roll": 0.36002352833747864,
            "pitch": 0.6005921363830566,
            "yaw": 89.84211730957031
         },
         "actor_bbox_ext": {
            "x": 2.4965829849243164,
            "y": 1.0679636001586914,
            "z": 0.7898477911949158
         }
      },
      {
         "actor_type": "vehicle.audi.etron",
         "actor_id": 224,
         "actor_location": {
            "x": 193.8542938232422,
            "y": 155.03086853027344,
            "z": 0.1722140908241272
         },
         "actor_rotation": {
            "roll": 0.01143689639866352,
            "pitch": -0.001372867962345481,
            "yaw": -88.2481460571289
         },
         "actor_bbox_ext": {
            "x": 2.4270286560058594,
            "y": 1.0045700073242188,
            "z": 0.8343994617462158
         }
      },
      {
         "actor_type": "vehicle.kawasaki.ninja",
         "actor_id": 225,
         "actor_location": {
            "x": -7.528100967407227,
            "y": 267.0282897949219,
            "z": 0.2221112847328186
         },
         "actor_rotation": {
            "roll": 0.0,
            "pitch": 0.04394543543457985,