{
   "cam_type": "sensor.camera.rgb",
   "cam_id": 265,
   "cam_location": {
      "x": 190.22998046875,
      "y": 155.26747131347656,
      "z": 1.1671284437179565
   },
   "cam_rotation": {
      "roll": 0.0006208887207321823,
      "pitch": 0.042121775448322296,
      "yaw": 89.98914337158203
   },
   "img_name": "199.png",
   "img_width": 640,
   "img_height": 680,
   "img_fov": 100,
   "debug_info": [
      {
         "actor_type": "vehicle.diamondback.century",
         "actor_id": 212,
         "actor_location": {
            "x": -7.524988174438477,
            "y": 144.37643432617188,
            "z": 0.20333896577358246
         },
         "actor_rotation": {
            "roll": 0.004037241917103529,
            "pitch": -0.10357297956943512,
            "yaw": 90.00635528564453
         },
         "actor_bbox_ext": {
            "x": 0.8281218409538269,
            "y": 0.21070940792560577,
            "z": 0.746755838394165
         }
      },
      {
         "actor_type": "vehicle.nissan.patrol",
         "actor_id": 213,
         "actor_location": {
            "x": -7.527480125427246,
            "y": 274.52740478515625,
            "z": 0.23112304508686066
         },
         "actor_rotation": {
            "roll": 0.0009863306768238544,
            "pitch": 0.053166188299655914,
            "yaw": 89.85375213623047
         },
         "actor_bbox_ext": {
            "x": 2.259999990463257,
            "y": 0.9599999785423279,
            "z": 0.9435654878616333
         }
      },
      {
         "actor_type": "vehicle.nissan.patrol",
         "actor_id": 214,
         "actor_location": {
            "x": -3.4015138149261475,
            "y": 230.68409729003906,
            "z": 0.23111175000667572
         },
         "actor_rotation": {
            "roll": 0.016908962279558182,
            "pitch": 0.05744188651442528,
            "yaw": -86.32391357421875
         },
         "actor_bbox_ext": {
            "x": 2.259999990463257,
            "y": 0.9599999785423279,
            "z": 0.9435654878616333
         }
      },
      {
         "actor_type": "vehicle.volkswagen.t2",
         "actor_id": 215,
         "actor_location": {
            "x": -7.529935359954834,
            "y": 236.8656005859375,
            "z": 0.20287387073040009
         },
         "actor_rotation": {
            "roll": -0.007781973574310541,
            "pitch": 0.4379790127277374,
            "yaw": 90.04345703125
         },
         "actor_bbox_ext": {
            "x": 2.2595229148864746,
            "y": 1.0383671522140503,
            "z": 1.0132241249084473
         }
      },
      {
         "actor_type": "vehicle.dodge_charger.police",
         "actor_id": 216,
         "actor_location": {
            "x": -3.375718593597412,
            "y": 118.11554718017578,
            "z": 0.20639121532440186
         },
         "actor_rotation": {
            "roll": -0.1441650539636612,
            "pitch": -0.27920445799827576,
            "yaw": -86.3408432006836
         },
         "actor_bbox_ext": {
            "x": 2.4965829849243164,
            "y": 1.0679636001586914,
            "z": 0.7898477911949158
         }
      },
      {
         "actor_type": "vehicle.audi.etron",
         "actor_id": 217,
         "actor_location": {
            "x": -7.529059410095215,
            "y": 122.88370513916016,
            "z": 0.17094260454177856
         },
         "actor_rotation": {
            "roll": 0.0014125993475317955,
            "pitch": 0.06509169936180115,
            "yaw": 89.95291900634766
         },
         "actor_bbox_ext": {
            "x": 2.4270286560058594,
            "y": 1.0045700073242188,
            "z": 0.8343994617462158
         }
      },
      {
         "actor_type": "vehicle.bmw.isetta",
         "actor_id": 218,
         "actor_location": {
            "x": 193.77642822265625,
            "y": 265.5535888671875,
            "z": 0.22141125798225403
         },
         "actor_rotation": {
            "roll": -0.0035094956401735544,
            "pitch": 0.5099828839302063,
            "yaw": -90.00798034667969
         },
         "actor_bbox_ext": {
            "x": 1.1012483835220337,
            "y": 0.7426624298095703,
            "z": 0.6732476949691772
         }
      },
      {
         "actor_type": "vehicle.diamondback.century",
         "actor_id": 219,
         "actor_location": {
            "x": 189.931884765625,
            "y": 253.2821502685547,
            "z": 0.2382073551416397
         },
         "actor_rotation": {
            "roll": 0.019748300313949585,
            "pitch": 0.10582011193037033,
            "yaw": 90.10380554199219
         },
         "actor_bbox_ext": {
            "x": 0.8281218409538269,
            "y": 0.21070940792560577,
            "z": 0.746755838394165
         }
      },
      {
         "actor_type": "vehicle.harley-davidson.low rider",
         "actor_id": 220,
         "actor_location": {
            "x": 193.7890167236328,
            "y": 292.6074523925781,
            "z": 0.18327471613883972
         },
         "actor_rotation": {
            "roll": 0.045142192393541336,
            "pitch": -0.9240425825119019,
            "yaw": -89.52416229248047
         },
         "actor_bbox_ext": {
            "x": 1.175087809562683,
            "y": 0.3831165134906769,
            "z": 0.7318695783615112
         }
      },
      {
         "actor_type": "vehicle.toyota.prius",
         "actor_id": 221,
         "actor_location": {
            "x": 189.7576141357422,
            "y": 294.75592041015625,
            "z": 0.25135916471481323
         },
         "actor_rotation": {
            "roll": -0.13702388107776642,
            "pitch": 0.4015604555606842,
            "yaw": 94.88615417480469
         },
         "actor_bbox_ext": {
            "x": 2.2691667079925537,
            "y": 1.0005652904510498,
            "z": 0.7686808109283447
         }
      },
      {
         "actor_type": "vehicle.volkswagen.t2",
         "actor_id": 222,
         "actor_location": {
            "x": 193.803466796875,
            "y": 217.62506103515625,
            "z": 0.19809351861476898
         },
         "actor_rotation": {
            "roll": 0.01316415797919035,
            "pitch": 0.8734171986579895,
            "yaw": -89.35684967041016
         },
         "actor_bbox_ext": {
            "x": 2.2595229148864746,
            "y": 1.0383671522140503,
            "z": 1.0132241249084473
         }
      },
      {
         "actor_type": "vehicle.audi.tt",
         "actor_id": 223,
         "actor_location": {
            "x": 189.93235778808594,
            "y": 208.95462036132812,
            "z": 0.22242137789726257
         },
         "actor_rotation": {
            "roll": 0.13286708295345306,
            "pitch": -0.24063438177108765,
            "yaw": 89.99647521972656
         },
         "actor_bbox_ext": {
            "x": 2.1102468967437744,
            "y": 1.0045700073242188,
            "z": 0.695303738117218
         }
      },
      {
         "actor_type": "vehicle.nissan.micra",
         "actor_id": 224,
         "actor_location": {
            "x": 193.77935791015625,
            "y": 170.503173828125,
            "z": 0.20770667493343353
         },
         "actor_rotation": {
            "roll": 0.002379604848101735,
            "pitch": -0.2929331362247467,
            "yaw": -89.95997619628906
         },
         "actor_bbox_ext": {
            "x": 1.8344237804412842,
            "y": 0.9280761480331421,
            "z": 0.7616068720817566
         }
      },
      {
         "actor_type": "vehicle.bmw.isetta",
         "actor_id": 225,
         "actor_location": {
            "x": -7.5253586769104,
            "y": 251.6827850341797,
            "z": 0.22094985842704773
         },
         "actor_rotation": {
            "roll": 0.0009143949719145894,
            "pitch": 0.6387592554092407,