{
   "cam_type": "sensor.camera.rgb",
   "cam_id": 265,
   "cam_location": {
      "x": 189.8944091796875,
      "y": 166.3446502685547,
      "z": 3.002254009246826
   },
   "cam_rotation": {
      "roll": 0.646522045135498,
      "pitch": 0.4145514667034149,
      "yaw": 89.93460083007812
   },
   "img_name": "203.png",
   "img_width": 640,
   "img_height": 680,
   "img_fov": 100,
   "debug_info": [
      {
         "actor_type": "vehicle.bmw.isetta",
         "actor_id": 212,
         "actor_location": {
            "x": -7.529404163360596,
            "y": 150.20199584960938,
            "z": 0.22219909727573395
         },
         "actor_rotation": {
            "roll": 1.4007439403940225e-06,
            "pitch": 0.3185463547706604,
            "yaw": 89.99452209472656
         },
         "actor_bbox_ext": {
            "x": 1.1012483835220337,
            "y": 0.7426624298095703,
            "z": 0.6732476949691772
         }
      },
      {
         "actor_type": "vehicle.mini.cooperst",
         "actor_id": 213,
         "actor_location": {
            "x": -7.529094696044922,
            "y": 294.0080871582031,
            "z": 0.26245689392089844
         },
         "actor_rotation": {
            "roll": 0.00016503182996530086,
            "pitch": 0.0521826408803463,
            "yaw": 89.98875427246094
         },
         "actor_bbox_ext": {
            "x": 1.9010963439941406,
            "y": 0.9870172142982483,
            "z": 0.7375003099441528
         }
      },
      {
         "actor_type": "vehicle.tesla.model3",
         "actor_id": 214,
         "actor_location": {
            "x": -3.262094020843506,
            "y": 212.6346435546875,
            "z": 0.21727877855300903
         },
         "actor_rotation": {
            "roll": 0.0003572995192371309,
            "pitch": 0.1891825646162033,
            "yaw": -90.00726318359375
         },
         "actor_bbox_ext": {
            "x": 2.452350616455078,
            "y": 1.0303291082382202,
            "z": 0.7391985058784485
         }
      },
      {
         "actor_type": "vehicle.citroen.c3",
         "actor_id": 215,
         "actor_location": {
            "x": -7.52946138381958,
            "y": 256.4975891113281,
            "z": 0.2587389349937439
         },
         "actor_rotation": {
            "roll": -9.155267616733909e-05,
            "pitch": 0.0017895094351843,
            "yaw": 89.98766326904297
         },
         "actor_bbox_ext": {
            "x": 1.9876738786697388,
            "y": 0.931037425994873,
            "z": 0.8128864765167236
         }
      },
      {
         "actor_type": "vehicle.kawasaki.ninja",
         "actor_id": 216,
         "actor_location": {
            "x": 10.596330642700195,
            "y": 109.55516052246094,
            "z": 0.22101923823356628
         },
         "actor_rotation": {
            "roll": 0.15373289585113525,
            "pitch": 0.24969804286956787,
            "yaw": -0.070556640625
         },
         "actor_bbox_ext": {
            "x": 1.021842122077942,
            "y": 0.3984561562538147,
            "z": 0.687301516532898
         }
      },
      {
         "actor_type": "vehicle.bmw.grandtourer",
         "actor_id": 217,
         "actor_location": {
            "x": -7.529351234436035,
            "y": 141.5802459716797,
            "z": 0.2976853549480438
         },
         "actor_rotation": {
            "roll": 0.0008037241641432047,
            "pitch": -0.3656541705131531,
            "yaw": 89.99762725830078
         },
         "actor_bbox_ext": {
            "x": 2.3195438385009766,
            "y": 1.129660964012146,
            "z": 0.8390889763832092
         }
      },
      {
         "actor_type": "vehicle.citroen.c3",
         "actor_id": 218,
         "actor_location": {
            "x": 193.7763671875,
            "y": 254.7295379638672,
            "z": 0.2583045959472656
         },
         "actor_rotation": {
            "roll": 2.195986598962918e-05,
            "pitch": -0.0020149056799709797,
            "yaw": -90.00665283203125
         },
         "actor_bbox_ext": {
            "x": 1.9876738786697388,
            "y": 0.931037425994873,
            "z": 0.8128864765167236
         }
      },
      {
         "actor_type": "vehicle.nissan.patrol",
         "actor_id": 219,
         "actor_location": {
            "x": 189.59873962402344,
            "y": 271.6619567871094,
            "z": 0.23115400969982147
         },
         "actor_rotation": {
            "roll": 0.00021011587523389608,
            "pitch": 0.025230716913938522,
            "yaw": 89.99107360839844
         },
         "actor_bbox_ext": {
            "x": 2.259999990463257,
            "y": 0.9599999785423279,
            "z": 0.9435654878616333
         }
      },
      {
         "actor_type": "vehicle.seat.leon",
         "actor_id": 220,
         "actor_location": {
            "x": 193.82318115234375,
            "y": 273.2301330566406,
            "z": 0.21503466367721558
         },
         "actor_rotation": {
            "roll": -3.0517407139996067e-05,
            "pitch": -0.019472869113087654,
            "yaw": -90.01187896728516
         },
         "actor_bbox_ext": {
            "x": 2.1039369106292725,
            "y": 0.9099326133728027,
            "z": 0.7347301244735718
         }
      },
      {
         "actor_type": "vehicle.jeep.wrangler_rubicon",
         "actor_id": 221,
         "actor_location": {
            "x": 176.15951538085938,
            "y": 302.5413513183594,
            "z": 0.22769485414028168
         },
         "actor_rotation": {
            "roll": 0.002873675199225545,
            "pitch": 0.004275698214769363,
            "yaw": 179.57229614257812
         },
         "actor_bbox_ext": {
            "x": 1.9340534210205078,
            "y": 0.953285276889801,
            "z": 0.9399999976158142
         }
      },
      {
         "actor_type": "vehicle.bmw.isetta",
         "actor_id": 222,
         "actor_location": {
            "x": 193.7791748046875,
            "y": 212.36154174804688,
            "z": 0.22220519185066223
         },
         "actor_rotation": {
            "roll": 5.816421889903722e-06,
            "pitch": 0.31698906421661377,
            "yaw": -90.01631927490234
         },
         "actor_bbox_ext": {
            "x": 1.1012483835220337,
            "y": 0.7426624298095703,
            "z": 0.6732476949691772
         }
      },
      {
         "actor_type": "vehicle.citroen.c3",
         "actor_id": 223,
         "actor_location": {
            "x": 189.9286346435547,
            "y": 221.84776306152344,
            "z": 0.28430625796318054
         },
         "actor_rotation": {
            "roll": 0.4011416733264923,
            "pitch": 0.34066933393478394,
            "yaw": 89.86919403076172
         },
         "actor_bbox_ext": {
            "x": 1.9876738786697388,
            "y": 0.931037425994873,
            "z": 0.8128864765167236
         }
      },
      {
         "actor_type": "vehicle.jeep.wrangler_rubicon",
         "actor_id": 224,
         "actor_location": {
            "x": 193.77975463867188,
            "y": 152.0859832763672,
            "z": 0.22628481686115265
         },
         "actor_rotation": {
            "roll": -0.004760740790516138,
            "pitch": 0.034779321402311325,
            "yaw": -90.02311706542969
         },
         "actor_bbox_ext": {
            "x": 1.9340534210205078,
            "y": 0.953285276889801,
            "z": 0.9399999976158142
         }
      },
      {
         "actor_type": "vehicle.gazelle.omafiets",
         "actor_id": 225,
         "actor_location": {
            "x": -7.529857635498047,
            "y": 269.8495788574219,
            "z": 0.20598848164081573
         },
         "actor_rotation": {
            "roll": -3.335057119357998e-09,
            "pitch": 0.0860467180609703,