{
   "cam_type": "sensor.camera.rgb",
   "cam_id": 265,
   "cam_location": {
      "x": 189.92288208007812,
      "y": 166.5160675048828,
      "z": 1.2400555610656738
   },
   "cam_rotation": {
      "roll": 0.014089795760810375,
      "pitch": -0.1703244149684906,
      "yaw": 89.8311996459961
   },
   "img_name": "218.png",
   "img_width": 640,
   "img_height": 680,
   "img_fov": 100,
   "debug_info": [
      {
         "actor_type": "vehicle.kawasaki.ninja",
         "actor_id": 212,
         "actor_location": {
            "x": -7.519525527954102,
            "y": 173.24154663085938,
            "z": 0.22026614844799042
         },
         "actor_rotation": {
            "roll": -3.0517610866809264e-05,
            "pitch": 0.004057132173329592,
            "yaw": 89.99618530273438
         },
         "actor_bbox_ext": {
            "x": 1.021842122077942,
            "y": 0.3984561562538147,
            "z": 0.687301516532898
         }
      },
      {
         "actor_type": "vehicle.tesla.model3",
         "actor_id": 213,
         "actor_location": {
            "x": -2.4652392864227295,
            "y": 304.25140380859375,
            "z": 0.21835029125213623
         },
         "actor_rotation": {
            "roll": 1.3979547023773193,
            "pitch": 0.053241319954395294,
            "yaw": 41.79953384399414
         },
         "actor_bbox_ext": {
            "x": 2.452350616455078,
            "y": 1.0303291082382202,
            "z": 0.7391985058784485
         }
      },
      {
         "actor_type": "vehicle.chevrolet.impala",
         "actor_id": 214,
         "actor_location": {
            "x": -3.224201202392578,
            "y": 206.2317352294922,
            "z": 0.1965482234954834
         },
         "actor_rotation": {
            "roll": 0.46559834480285645,
            "pitch": 0.32029488682746887,
            "yaw": -90.00240325927734
         },
         "actor_bbox_ext": {
            "x": 2.684596538543701,
            "y": 1.026368260383606,
            "z": 0.7075497508049011
         }
      },
      {
         "actor_type": "vehicle.harley-davidson.low rider",
         "actor_id": 215,
         "actor_location": {
            "x": -7.520478248596191,
            "y": 267.27850341796875,
            "z": 0.18876002728939056
         },
         "actor_rotation": {
            "roll": 0.0,
            "pitch": -0.36071592569351196,
            "yaw": 89.9944839477539
         },
         "actor_bbox_ext": {
            "x": 1.175087809562683,
            "y": 0.3831165134906769,
            "z": 0.7318695783615112
         }
      },
      {
         "actor_type": "vehicle.harley-davidson.low rider",
         "actor_id": 216,
         "actor_location": {
            "x": 22.06118392944336,
            "y": 109.55152130126953,
            "z": 0.19038760662078857
         },
         "actor_rotation": {
            "roll": -0.0010986326960846782,
            "pitch": -0.17361657321453094,
            "yaw": 0.0011473757913336158
         },
         "actor_bbox_ext": {
            "x": 1.175087809562683,
            "y": 0.3831165134906769,
            "z": 0.7318695783615112
         }
      },
      {
         "actor_type": "vehicle.ford.mustang",
         "actor_id": 217,
         "actor_location": {
            "x": -7.5178117752075195,
            "y": 156.3238983154297,
            "z": 0.21371932327747345
         },
         "actor_rotation": {
            "roll": 0.0001311226369580254,
            "pitch": 0.03566041588783264,
            "yaw": 89.99341583251953
         },
         "actor_bbox_ext": {
            "x": 2.3399999141693115,
            "y": 0.9399999976158142,
            "z": 0.6499999761581421
         }
      },
      {
         "actor_type": "vehicle.seat.leon",
         "actor_id": 218,
         "actor_location": {
            "x": 193.7776336669922,
            "y": 255.8356170654297,
            "z": 0.21448852121829987
         },
         "actor_rotation": {
            "roll": -3.0517578125e-05,
            "pitch": -3.415094397496432e-05,
            "yaw": -90.15962982177734
         },
         "actor_bbox_ext": {
            "x": 2.1039369106292725,
            "y": 0.9099326133728027,
            "z": 0.7347301244735718
         }
      },
      {
         "actor_type": "vehicle.lincoln.mkz2017",
         "actor_id": 219,
         "actor_location": {
            "x": 189.598388671875,
            "y": 286.3200988769531,
            "z": 0.2092844396829605
         },
         "actor_rotation": {
            "roll": -3.0519098800141364e-05,
            "pitch": 0.07901162654161453,
            "yaw": 89.9937515258789
         },
         "actor_bbox_ext": {
            "x": 2.4543750286102295,
            "y": 1.056093692779541,
            "z": 0.7615917921066284
         }
      },
      {
         "actor_type": "vehicle.seat.leon",
         "actor_id": 220,
         "actor_location": {
            "x": 193.82296752929688,
            "y": 262.50604248046875,
            "z": 0.21532824635505676
         },
         "actor_rotation": {
            "roll": -3.0509327189065516e-05,
            "pitch": -0.23751981556415558,
            "yaw": -89.96414184570312
         },
         "actor_bbox_ext": {
            "x": 2.1039369106292725,
            "y": 0.9099326133728027,
            "z": 0.7347301244735718
         }
      },
      {
         "actor_type": "vehicle.yamaha.yzf",
         "actor_id": 221,
         "actor_location": {
            "x": 161.064697265625,
            "y": 302.55218505859375,
            "z": 0.18755179643630981
         },
         "actor_rotation": {
            "roll": 0.005130276549607515,
            "pitch": 0.2340705692768097,
            "yaw": 179.9951934814453
         },
         "actor_bbox_ext": {
            "x": 1.0953842401504517,
            "y": 0.3831165134906769,
            "z": 0.8172529339790344
         }
      },
      {
         "actor_type": "vehicle.mercedes-benz.coupe",
         "actor_id": 222,
         "actor_location": {
            "x": 193.84222412109375,
            "y": 206.34381103515625,
            "z": 0.3489287495613098
         },
         "actor_rotation": {
            "roll": -0.011413565836846828,
            "pitch": 0.40123260021209717,
            "yaw": -90.26854705810547
         },
         "actor_bbox_ext": {
            "x": 2.521892547607422,
            "y": 1.0814987421035767,
            "z": 0.820067286491394
         }
      },
      {
         "actor_type": "vehicle.chevrolet.impala",
         "actor_id": 223,
         "actor_location": {
            "x": 189.9294891357422,
            "y": 220.15492248535156,
            "z": 0.1871148645877838
         },
         "actor_rotation": {
            "roll": 0.011585108004510403,
            "pitch": 0.6567294597625732,
            "yaw": 89.93245697021484
         },
         "actor_bbox_ext": {
            "x": 2.684596538543701,
            "y": 1.026368260383606,
            "z": 0.7075497508049011
         }
      },
      {
         "actor_type": "vehicle.bh.crossbike",
         "actor_id": 224,
         "actor_location": {
            "x": 193.75987243652344,
            "y": 148.03106689453125,
            "z": 0.21805626153945923
         },
         "actor_rotation": {
            "roll": -0.005523681640625,
            "pitch": -0.3666991889476776,
            "yaw": -90.03490447998047
         },
         "actor_bbox_ext": {
            "x": 0.7546613812446594,
            "y": 0.4329703152179718,
            "z": 0.7653154730796814
         }
      },
      {
         "actor_type": "vehicle.citroen.c3",
         "actor_id": 225,
         "actor_location": {
            "x": -7.524678707122803,
            "y": 284.6681213378906,
            "z": 0.2588641047477722
         },
         "actor_rotation": {
            "roll": -0.00012207045801915228,
            "pitch": 0.019343094900250435,