{
   "cam_type": "sensor.camera.rgb",
   "cam_id": 263,
   "cam_location": {
      "x": 189.93093872070312,
      "y": 156.42030334472656,
      "z": 2.109825611114502
   },
   "cam_rotation": {
      "roll": -0.0015564034692943096,
      "pitch": 0.5842475295066833,
      "yaw": 90.00151062011719
   },
   "img_name": "220.png",
   "img_width": 640,
   "img_height": 680,
   "img_fov": 100,
   "debug_info": [
      {
         "actor_type": "vehicle.carlamotors.carlacola",
         "actor_id": 212,
         "actor_location": {
            "x": -7.5300140380859375,
            "y": 145.5775909423828,
            "z": 0.2203136384487152
         },
         "actor_rotation": {
            "roll": 0.0017898435471579432,
            "pitch": -0.2265300452709198,
            "yaw": 90.0251693725586
         },
         "actor_bbox_ext": {
            "x": 2.5996146202087402,
            "y": 1.3075095415115356,
            "z": 1.2384252548217773
         }
      },
      {
         "actor_type": "vehicle.harley-davidson.low rider",
         "actor_id": 213,
         "actor_location": {
            "x": -7.522032260894775,
            "y": 274.80633544921875,
            "z": 0.1840738207101822
         },
         "actor_rotation": {
            "roll": -0.0048218281008303165,
            "pitch": -0.920258641242981,
            "yaw": 89.99573516845703
         },
         "actor_bbox_ext": {
            "x": 1.175087809562683,
            "y": 0.3831165134906769,
            "z": 0.7318695783615112
         }
      },
      {
         "actor_type": "vehicle.seat.leon",
         "actor_id": 214,
         "actor_location": {
            "x": -3.3066186904907227,
            "y": 227.8455810546875,
            "z": 0.21480907499790192
         },
         "actor_rotation": {
            "roll": 0.12376734614372253,
            "pitch": 0.04931396245956421,
            "yaw": -88.96479034423828
         },
         "actor_bbox_ext": {
            "x": 2.1039369106292725,
            "y": 0.9099326133728027,
            "z": 0.7347301244735718
         }
      },
      {
         "actor_type": "vehicle.tesla.model3",
         "actor_id": 215,
         "actor_location": {
            "x": -7.530304908752441,
            "y": 239.2375946044922,
            "z": 0.21580679714679718
         },
         "actor_rotation": {
            "roll": -0.001617442350834608,
            "pitch": 0.44308799505233765,
            "yaw": 90.00955200195312
         },
         "actor_bbox_ext": {
            "x": 2.452350616455078,
            "y": 1.0303291082382202,
            "z": 0.7391985058784485
         }
      },
      {
         "actor_type": "vehicle.mini.cooperst",
         "actor_id": 216,
         "actor_location": {
            "x": -3.2806179523468018,
            "y": 116.79894256591797,
            "z": 0.2648221552371979
         },
         "actor_rotation": {
            "roll": 0.15070846676826477,
            "pitch": -0.4280684292316437,
            "yaw": -86.18926239013672
         },
         "actor_bbox_ext": {
            "x": 1.9010963439941406,
            "y": 0.9870172142982483,
            "z": 0.7375003099441528
         }
      },
      {
         "actor_type": "vehicle.bh.crossbike",
         "actor_id": 217,
         "actor_location": {
            "x": -7.52770471572876,
            "y": 124.2138671875,
            "z": 0.2172185331583023
         },
         "actor_rotation": {
            "roll": -0.0050048502162098885,
            "pitch": -0.6503910422325134,
            "yaw": 89.96978759765625
         },
         "actor_bbox_ext": {
            "x": 0.7546613812446594,
            "y": 0.4329703152179718,
            "z": 0.7653154730796814
         }
      },
      {
         "actor_type": "vehicle.citroen.c3",
         "actor_id": 218,
         "actor_location": {
            "x": 193.77883911132812,
            "y": 262.3216247558594,
            "z": 0.2576606273651123
         },
         "actor_rotation": {
            "roll": -0.0004577669024001807,
            "pitch": 0.11051928251981735,
            "yaw": -90.00346374511719
         },
         "actor_bbox_ext": {
            "x": 1.9876738786697388,
            "y": 0.931037425994873,
            "z": 0.8128864765167236
         }
      },
      {
         "actor_type": "vehicle.bmw.grandtourer",
         "actor_id": 219,
         "actor_location": {
            "x": 189.77584838867188,
            "y": 255.306396484375,
            "z": 0.3136361241340637
         },
         "actor_rotation": {
            "roll": 0.701776385307312,
            "pitch": 0.5335743427276611,
            "yaw": 92.5946273803711
         },
         "actor_bbox_ext": {
            "x": 2.3195438385009766,
            "y": 1.129660964012146,
            "z": 0.8390889763832092
         }
      },
      {
         "actor_type": "vehicle.bh.crossbike",
         "actor_id": 220,
         "actor_location": {
            "x": 193.79885864257812,
            "y": 291.45654296875,
            "z": 0.21675710380077362
         },
         "actor_rotation": {
            "roll": 0.03718005120754242,
            "pitch": -0.779174268245697,
            "yaw": -89.43053436279297
         },
         "actor_bbox_ext": {
            "x": 0.7546613812446594,
            "y": 0.4329703152179718,
            "z": 0.7653154730796814
         }
      },
      {
         "actor_type": "vehicle.bh.crossbike",
         "actor_id": 221,
         "actor_location": {
            "x": 189.6844024658203,
            "y": 295.5032043457031,
            "z": 0.2166752815246582
         },
         "actor_rotation": {
            "roll": 1.7339556217193604,
            "pitch": -0.7996170520782471,
            "yaw": 102.07233428955078
         },
         "actor_bbox_ext": {
            "x": 0.7546613812446594,
            "y": 0.4329703152179718,
            "z": 0.7653154730796814
         }
      },
      {
         "actor_type": "vehicle.gazelle.omafiets",
         "actor_id": 222,
         "actor_location": {
            "x": 193.77078247070312,
            "y": 213.24717712402344,
            "z": 0.20240388810634613
         },
         "actor_rotation": {
            "roll": -0.0010071012657135725,
            "pitch": -0.3788774013519287,
            "yaw": -90.01612854003906
         },
         "actor_bbox_ext": {
            "x": 0.9217206835746765,
            "y": 0.23374223709106445,
            "z": 0.7950369119644165
         }
      },
      {
         "actor_type": "vehicle.bmw.isetta",
         "actor_id": 223,
         "actor_location": {
            "x": 189.93463134765625,
            "y": 208.93247985839844,
            "z": 0.2254597246646881
         },
         "actor_rotation": {
            "roll": -0.1271056979894638,
            "pitch": -0.46719175577163696,
            "yaw": 89.98175048828125
         },
         "actor_bbox_ext": {
            "x": 1.1012483835220337,
            "y": 0.7426624298095703,
            "z": 0.6732476949691772
         }
      },
      {
         "actor_type": "vehicle.gazelle.omafiets",
         "actor_id": 224,
         "actor_location": {
            "x": 193.77301025390625,
            "y": 166.22476196289062,
            "z": 0.20218142867088318
         },
         "actor_rotation": {
            "roll": -0.0003967347729485482,
            "pitch": -0.41088366508483887,
            "yaw": -90.01624298095703
         },
         "actor_bbox_ext": {
            "x": 0.9217206835746765,
            "y": 0.23374223709106445,
            "z": 0.7950369119644165
         }
      },
      {
         "actor_type": "vehicle.harley-davidson.low rider",
         "actor_id": 225,
         "actor_location": {
            "x": -7.528909206390381,
            "y": 252.14776611328125,
            "z": 0.18353663384914398
         },
         "actor_rotation": {
            "roll": -0.0018309931037947536,
            "pitch": -0.919370710849762,