{
   "cam_type": "sensor.camera.rgb",
   "cam_id": 263,
   "cam_location": {
      "x": 190.23092651367188,
      "y": 168.14486694335938,
      "z": 3.327908754348755
   },
   "cam_rotation": {
      "roll": 0.01759462058544159,
      "pitch": -0.00027320755179971457,
      "yaw": 90.00013732910156
   },
   "img_name": "222.png",
   "img_width": 640,
   "img_height": 680,
   "img_fov": 100,
   "debug_info": [
      {
         "actor_type": "vehicle.nissan.patrol",
         "actor_id": 212,
         "actor_location": {
            "x": -7.518855571746826,
            "y": 172.79638671875,
            "z": 0.23078124225139618
         },
         "actor_rotation": {
            "roll": -0.00030517528648488224,
            "pitch": 0.009282226674258709,
            "yaw": 90.24545288085938
         },
         "actor_bbox_ext": {
            "x": 2.259999990463257,
            "y": 0.9599999785423279,
            "z": 0.9435654878616333
         }
      },
      {
         "actor_type": "vehicle.carlamotors.carlacola",
         "actor_id": 213,
         "actor_location": {
            "x": -3.2930550575256348,
            "y": 303.69525146484375,
            "z": 0.21855327486991882
         },
         "actor_rotation": {
            "roll": -0.2192382514476776,
            "pitch": -0.012267018668353558,
            "yaw": 44.44496536254883
         },
         "actor_bbox_ext": {
            "x": 2.5996146202087402,
            "y": 1.3075095415115356,
            "z": 1.2384252548217773
         }
      },
      {
         "actor_type": "vehicle.nissan.patrol",
         "actor_id": 214,
         "actor_location": {
            "x": -3.3223137855529785,
            "y": 207.5538787841797,
            "z": 0.25612136721611023
         },
         "actor_rotation": {
            "roll": 0.4070932865142822,
            "pitch": 0.3445966839790344,
            "yaw": -89.99649047851562
         },
         "actor_bbox_ext": {
            "x": 2.259999990463257,
            "y": 0.9599999785423279,
            "z": 0.9435654878616333
         }
      },
      {
         "actor_type": "vehicle.nissan.micra",
         "actor_id": 215,
         "actor_location": {
            "x": -7.529476165771484,
            "y": 270.1689758300781,
            "z": 0.20698775351047516
         },
         "actor_rotation": {
            "roll": -0.0008239747257903218,
            "pitch": -0.15988105535507202,
            "yaw": 89.97457885742188
         },
         "actor_bbox_ext": {
            "x": 1.8344237804412842,
            "y": 0.9280761480331421,
            "z": 0.7616068720817566
         }
      },
      {
         "actor_type": "vehicle.yamaha.yzf",
         "actor_id": 216,
         "actor_location": {
            "x": 24.760778427124023,
            "y": 109.55152130126953,
            "z": 0.17750199139118195
         },
         "actor_rotation": {
            "roll": -0.00021362303232308477,
            "pitch": -0.8138443231582642,
            "yaw": 0.0008541704155504704
         },
         "actor_bbox_ext": {
            "x": 1.0953842401504517,
            "y": 0.3831165134906769,
            "z": 0.8172529339790344
         }
      },
      {
         "actor_type": "vehicle.diamondback.century",
         "actor_id": 217,
         "actor_location": {
            "x": -7.528491020202637,
            "y": 144.9816131591797,
            "z": 0.2021913081407547
         },
         "actor_rotation": {
            "roll": 0.0,
            "pitch": -0.320738822221756,
            "yaw": 89.99446868896484
         },
         "actor_bbox_ext": {
            "x": 0.8281218409538269,
            "y": 0.21070940792560577,
            "z": 0.746755838394165
         }
      },
      {
         "actor_type": "vehicle.citroen.c3",
         "actor_id": 218,
         "actor_location": {
            "x": 193.7776641845703,
            "y": 254.88612365722656,
            "z": 0.2582838833332062
         },
         "actor_rotation": {
            "roll": 6.805228622397408e-06,
            "pitch": -3.415094397496432e-05,
            "yaw": -90.0418701171875
         },
         "actor_bbox_ext": {
            "x": 1.9876738786697388,
            "y": 0.931037425994873,
            "z": 0.8128864765167236
         }
      },
      {
         "actor_type": "vehicle.bmw.isetta",
         "actor_id": 219,
         "actor_location": {
            "x": 189.6001739501953,
            "y": 268.6474914550781,
            "z": 0.22219835221767426
         },
         "actor_rotation": {
            "roll": -0.00018308390281163156,
            "pitch": 0.3184097409248352,
            "yaw": 90.0390853881836
         },
         "actor_bbox_ext": {
            "x": 1.1012483835220337,
            "y": 0.7426624298095703,
            "z": 0.6732476949691772
         }
      },
      {
         "actor_type": "vehicle.mercedes-benz.coupe",
         "actor_id": 220,
         "actor_location": {
            "x": 193.8213653564453,
            "y": 261.7238464355469,
            "z": 0.3474876284599304
         },
         "actor_rotation": {
            "roll": -0.01635740138590336,
            "pitch": 0.578209638595581,
            "yaw": -90.20347595214844
         },
         "actor_bbox_ext": {
            "x": 2.521892547607422,
            "y": 1.0814987421035767,
            "z": 0.820067286491394
         }
      },
      {
         "actor_type": "vehicle.kawasaki.ninja",
         "actor_id": 221,
         "actor_location": {
            "x": 160.18606567382812,
            "y": 302.5523681640625,
            "z": 0.22405147552490234
         },
         "actor_rotation": {
            "roll": -6.103515261202119e-05,
            "pitch": 0.29049476981163025,
            "yaw": 179.99874877929688
         },
         "actor_bbox_ext": {
            "x": 1.021842122077942,
            "y": 0.3984561562538147,
            "z": 0.687301516532898
         }
      },
      {
         "actor_type": "vehicle.nissan.patrol",
         "actor_id": 222,
         "actor_location": {
            "x": 193.7692108154297,
            "y": 205.98585510253906,
            "z": 0.23072028160095215
         },
         "actor_rotation": {
            "roll": 6.591732926608529e-06,
            "pitch": 0.019869018346071243,
            "yaw": -89.74533081054688
         },
         "actor_bbox_ext": {
            "x": 2.259999990463257,
            "y": 0.9599999785423279,
            "z": 0.9435654878616333
         }
      },
      {
         "actor_type": "vehicle.dodge_charger.police",
         "actor_id": 223,
         "actor_location": {
            "x": 189.92974853515625,
            "y": 221.72360229492188,
            "z": 0.22659704089164734
         },
         "actor_rotation": {
            "roll": 0.35892266035079956,
            "pitch": 0.4558331370353699,
            "yaw": 89.84205627441406
         },
         "actor_bbox_ext": {
            "x": 2.4965829849243164,
            "y": 1.0679636001586914,
            "z": 0.7898477911949158
         }
      },
      {
         "actor_type": "vehicle.audi.etron",
         "actor_id": 224,
         "actor_location": {
            "x": 193.9001007080078,
            "y": 136.93040466308594,
            "z": 0.17219111323356628
         },
         "actor_rotation": {
            "roll": 3.082451439695433e-05,
            "pitch": 0.0008127924520522356,
            "yaw": -90.0160140991211
         },
         "actor_bbox_ext": {
            "x": 2.4270286560058594,
            "y": 1.0045700073242188,
            "z": 0.8343994617462158
         }
      },
      {
         "actor_type": "vehicle.kawasaki.ninja",
         "actor_id": 225,
         "actor_location": {
            "x": -7.526467323303223,
            "y": 284.0270690917969,
            "z": 0.22377432882785797
         },
         "actor_rotation": {
            "roll": 0.0,
            "pitch": 0.24755336344242096,