{
   "cam_type": "sensor.camera.rgb",
   "cam_id": 265,
   "cam_location": {
      "x": 190.253173828125,
      "y": 167.79959106445312,
      "z": 1.217672348022461
   },
   "cam_rotation": {
      "roll": -0.0020751971751451492,
      "pitch": -0.109071284532547,
      "yaw": 90.17024230957031
   },
   "img_name": "226.png",
   "img_width": 640,
   "img_height": 680,
   "img_fov": 100,
   "debug_info": [
      {
         "actor_type": "vehicle.diamondback.century",
         "actor_id": 212,
         "actor_location": {
            "x": -7.52406644821167,
            "y": 154.90049743652344,
            "z": 0.20236071944236755
         },
         "actor_rotation": {
            "roll": 1.334038390865544e-08,
            "pitch": -0.29082944989204407,
            "yaw": 89.99449157714844
         },
         "actor_bbox_ext": {
            "x": 0.8281218409538269,
            "y": 0.21070940792560577,
            "z": 0.746755838394165
         }
      },
      {
         "actor_type": "vehicle.nissan.patrol",
         "actor_id": 213,
         "actor_location": {
            "x": -7.520565509796143,
            "y": 290.7025451660156,
            "z": 0.23151244223117828
         },
         "actor_rotation": {
            "roll": 0.0001912995066959411,
            "pitch": 0.026706038042902946,
            "yaw": 89.96678161621094
         },
         "actor_bbox_ext": {
            "x": 2.259999990463257,
            "y": 0.9599999785423279,
            "z": 0.9435654878616333
         }
      },
      {
         "actor_type": "vehicle.nissan.patrol",
         "actor_id": 214,
         "actor_location": {
            "x": -3.3071415424346924,
            "y": 214.2947540283203,
            "z": 0.23113173246383667
         },
         "actor_rotation": {
            "roll": 0.0003078087465837598,
            "pitch": 0.02810622751712799,
            "yaw": -90.03617858886719
         },
         "actor_bbox_ext": {
            "x": 2.259999990463257,
            "y": 0.9599999785423279,
            "z": 0.9435654878616333
         }
      },
      {
         "actor_type": "vehicle.volkswagen.t2",
         "actor_id": 215,
         "actor_location": {
            "x": -7.530755519866943,
            "y": 248.28396606445312,
            "z": 0.2144019603729248
         },
         "actor_rotation": {
            "roll": 0.009342211298644543,
            "pitch": -0.6005853414535522,
            "yaw": 89.99356842041016
         },
         "actor_bbox_ext": {
            "x": 2.2595229148864746,
            "y": 1.0383671522140503,
            "z": 1.0132241249084473
         }
      },
      {
         "actor_type": "vehicle.dodge_charger.police",
         "actor_id": 216,
         "actor_location": {
            "x": 7.785436630249023,
            "y": 109.60198974609375,
            "z": 0.20309138298034668
         },
         "actor_rotation": {
            "roll": 0.09646686166524887,
            "pitch": 0.11741777509450912,
            "yaw": -2.750244140625
         },
         "actor_bbox_ext": {
            "x": 2.4965829849243164,
            "y": 1.0679636001586914,
            "z": 0.7898477911949158
         }
      },
      {
         "actor_type": "vehicle.audi.etron",
         "actor_id": 217,
         "actor_location": {
            "x": -7.525071144104004,
            "y": 140.2548065185547,
            "z": 0.17219264805316925
         },
         "actor_rotation": {
            "roll": 0.0,
            "pitch": 0.0006761886761523783,
            "yaw": 89.99282836914062
         },
         "actor_bbox_ext": {
            "x": 2.4270286560058594,
            "y": 1.0045700073242188,
            "z": 0.8343994617462158
         }
      },
      {
         "actor_type": "vehicle.bmw.isetta",
         "actor_id": 218,
         "actor_location": {
            "x": 193.77499389648438,
            "y": 259.85357666015625,
            "z": 0.22221381962299347
         },
         "actor_rotation": {
            "roll": 1.045888438966358e-05,
            "pitch": 0.3145916759967804,
            "yaw": -90.01628112792969
         },
         "actor_bbox_ext": {
            "x": 1.1012483835220337,
            "y": 0.7426624298095703,
            "z": 0.6732476949691772
         }
      },
      {
         "actor_type": "vehicle.diamondback.century",
         "actor_id": 219,
         "actor_location": {
            "x": 189.93055725097656,
            "y": 263.5120544433594,
            "z": 0.20243796706199646
         },
         "actor_rotation": {
            "roll": -0.022979723289608955,
            "pitch": -0.27276358008384705,
            "yaw": 89.99407958984375
         },
         "actor_bbox_ext": {
            "x": 0.8281218409538269,
            "y": 0.21070940792560577,
            "z": 0.746755838394165
         }
      },
      {
         "actor_type": "vehicle.harley-davidson.low rider",
         "actor_id": 220,
         "actor_location": {
            "x": 193.82130432128906,
            "y": 276.48480224609375,
            "z": 0.19165563583374023
         },
         "actor_rotation": {
            "roll": 9.64163973549148e-06,
            "pitch": -0.028871208429336548,
            "yaw": -90.0006332397461
         },
         "actor_bbox_ext": {
            "x": 1.175087809562683,
            "y": 0.3831165134906769,
            "z": 0.7318695783615112
         }
      },
      {
         "actor_type": "vehicle.toyota.prius",
         "actor_id": 221,
         "actor_location": {
            "x": 176.2716827392578,
            "y": 302.54010009765625,
            "z": 0.258064866065979
         },
         "actor_rotation": {
            "roll": -0.032318104058504105,
            "pitch": -0.05065951123833656,
            "yaw": 179.3655242919922
         },
         "actor_bbox_ext": {
            "x": 2.2691667079925537,
            "y": 1.0005652904510498,
            "z": 0.7686808109283447
         }
      },
      {
         "actor_type": "vehicle.volkswagen.t2",
         "actor_id": 222,
         "actor_location": {
            "x": 193.81556701660156,
            "y": 206.52862548828125,
            "z": 0.22003772854804993
         },
         "actor_rotation": {
            "roll": 0.019661523401737213,
            "pitch": -1.1285384893417358,
            "yaw": -90.08905792236328
         },
         "actor_bbox_ext": {
            "x": 2.2595229148864746,
            "y": 1.0383671522140503,
            "z": 1.0132241249084473
         }
      },
      {
         "actor_type": "vehicle.audi.tt",
         "actor_id": 223,
         "actor_location": {
            "x": 189.931396484375,
            "y": 222.008544921875,
            "z": 0.2423580437898636
         },
         "actor_rotation": {
            "roll": 0.223511204123497,
            "pitch": 0.13021071255207062,
            "yaw": 89.92137908935547
         },
         "actor_bbox_ext": {
            "x": 2.1102468967437744,
            "y": 1.0045700073242188,
            "z": 0.695303738117218
         }
      },
      {
         "actor_type": "vehicle.nissan.micra",
         "actor_id": 224,
         "actor_location": {
            "x": 193.78211975097656,
            "y": 142.12863159179688,
            "z": 0.20760849118232727
         },
         "actor_rotation": {
            "roll": 0.0004690587520599365,
            "pitch": -0.22241143882274628,
            "yaw": -89.97966766357422
         },
         "actor_bbox_ext": {
            "x": 1.8344237804412842,
            "y": 0.9280761480331421,
            "z": 0.7616068720817566
         }
      },
      {
         "actor_type": "vehicle.bmw.isetta",
         "actor_id": 225,
         "actor_location": {
            "x": -7.524839878082275,
            "y": 256.8243408203125,
            "z": 0.22190961241722107
         },
         "actor_rotation": {
            "roll": -1.3340534898986789e-08,
            "pitch": 0.39813169836997986,