{
   "cam_type": "sensor.camera.rgb",
   "cam_id": 265,
   "cam_location": {
      "x": 189.8944854736328,
      "y": 166.34263610839844,
      "z": 2.997006416320801
   },
   "cam_rotation": {
      "roll": 0.6441304087638855,
      "pitch": 0.4655388295650482,
      "yaw": 89.93467712402344
   },
   "img_name": "230.png",
   "img_width": 640,
   "img_height": 680,
   "img_fov": 100,
   "debug_info": [
      {
         "actor_type": "vehicle.bmw.isetta",
         "actor_id": 212,
         "actor_location": {
            "x": -7.528312683105469,
            "y": 161.61598205566406,
            "z": 0.2222738415002823
         },
         "actor_rotation": {
            "roll": 7.070636002026731e-06,
            "pitch": 0.5479928851127625,
            "yaw": 89.99466705322266
         },
         "actor_bbox_ext": {
            "x": 1.1012483835220337,
            "y": 0.7426624298095703,
            "z": 0.6732476949691772
         }
      },
      {
         "actor_type": "vehicle.mini.cooperst",
         "actor_id": 213,
         "actor_location": {
            "x": 1.0103759765625,
            "y": 305.7254333496094,
            "z": 0.26239877939224243
         },
         "actor_rotation": {
            "roll": -0.3559264838695526,
            "pitch": 0.03658249229192734,
            "yaw": 19.00477409362793
         },
         "actor_bbox_ext": {
            "x": 1.9010963439941406,
            "y": 0.9870172142982483,
            "z": 0.7375003099441528
         }
      },
      {
         "actor_type": "vehicle.tesla.model3",
         "actor_id": 214,
         "actor_location": {
            "x": -3.261869192123413,
            "y": 207.54522705078125,
            "z": 0.2419050931930542
         },
         "actor_rotation": {
            "roll": 0.6425135731697083,
            "pitch": 0.46111971139907837,
            "yaw": -89.9158935546875
         },
         "actor_bbox_ext": {
            "x": 2.452350616455078,
            "y": 1.0303291082382202,
            "z": 0.7391985058784485
         }
      },
      {
         "actor_type": "vehicle.citroen.c3",
         "actor_id": 215,
         "actor_location": {
            "x": -7.530369281768799,
            "y": 272.1398010253906,
            "z": 0.2589057981967926
         },
         "actor_rotation": {
            "roll": 4.168816403193887e-10,
            "pitch": -0.013339358381927013,
            "yaw": 89.98696899414062
         },
         "actor_bbox_ext": {
            "x": 1.9876738786697388,
            "y": 0.931037425994873,
            "z": 0.8128864765167236
         }
      },
      {
         "actor_type": "vehicle.kawasaki.ninja",
         "actor_id": 216,
         "actor_location": {
            "x": 26.480098724365234,
            "y": 109.55155944824219,
            "z": 0.21930734813213348
         },
         "actor_rotation": {
            "roll": 4.932496267429087e-06,
            "pitch": -0.31603965163230896,
            "yaw": -0.000640869140625
         },
         "actor_bbox_ext": {
            "x": 1.021842122077942,
            "y": 0.3984561562538147,
            "z": 0.687301516532898
         }
      },
      {
         "actor_type": "vehicle.bmw.grandtourer",
         "actor_id": 217,
         "actor_location": {
            "x": -7.528387069702148,
            "y": 152.88888549804688,
            "z": 0.2954618036746979
         },
         "actor_rotation": {
            "roll": 0.0002573133388068527,
            "pitch": -0.12933646142482758,
            "yaw": 89.9935302734375
         },
         "actor_bbox_ext": {
            "x": 2.3195438385009766,
            "y": 1.129660964012146,
            "z": 0.8390889763832092
         }
      },
      {
         "actor_type": "vehicle.citroen.c3",
         "actor_id": 218,
         "actor_location": {
            "x": 193.7763671875,
            "y": 254.72952270507812,
            "z": 0.2582843005657196
         },
         "actor_rotation": {
            "roll": 6.943730568309547e-06,
            "pitch": -9.56226431299001e-05,
            "yaw": -90.00665283203125
         },
         "actor_bbox_ext": {
            "x": 1.9876738786697388,
            "y": 0.931037425994873,
            "z": 0.8128864765167236
         }
      },
      {
         "actor_type": "vehicle.nissan.patrol",
         "actor_id": 219,
         "actor_location": {
            "x": 189.59852600097656,
            "y": 287.6594543457031,
            "z": 0.23121455311775208
         },
         "actor_rotation": {
            "roll": -6.103481427999213e-05,
            "pitch": 0.017416981980204582,
            "yaw": 89.99639129638672
         },
         "actor_bbox_ext": {
            "x": 2.259999990463257,
            "y": 0.9599999785423279,
            "z": 0.9435654878616333
         }
      },
      {
         "actor_type": "vehicle.seat.leon",
         "actor_id": 220,
         "actor_location": {
            "x": 193.82278442382812,
            "y": 261.4111022949219,
            "z": 0.21547572314739227
         },
         "actor_rotation": {
            "roll": 0.001814262825064361,
            "pitch": -0.2723742723464966,
            "yaw": -90.03387451171875
         },
         "actor_bbox_ext": {
            "x": 2.1039369106292725,
            "y": 0.9099326133728027,
            "z": 0.7347301244735718
         }
      },
      {
         "actor_type": "vehicle.jeep.wrangler_rubicon",
         "actor_id": 221,
         "actor_location": {
            "x": 160.4152069091797,
            "y": 302.5499572753906,
            "z": 0.22630195319652557
         },
         "actor_rotation": {
            "roll": -0.004913329612463713,
            "pitch": 0.03161011263728142,
            "yaw": 179.99453735351562
         },
         "actor_bbox_ext": {
            "x": 1.9340534210205078,
            "y": 0.953285276889801,
            "z": 0.9399999976158142
         }
      },
      {
         "actor_type": "vehicle.bmw.isetta",
         "actor_id": 222,
         "actor_location": {
            "x": 193.77723693847656,
            "y": 206.5494842529297,
            "z": 0.22202546894550323
         },
         "actor_rotation": {
            "roll": -1.3340486049173705e-08,
            "pitch": 0.367047518491745,
            "yaw": -90.01699829101562
         },
         "actor_bbox_ext": {
            "x": 1.1012483835220337,
            "y": 0.7426624298095703,
            "z": 0.6732476949691772
         }
      },
      {
         "actor_type": "vehicle.citroen.c3",
         "actor_id": 223,
         "actor_location": {
            "x": 189.9286346435547,
            "y": 221.847900390625,
            "z": 0.2840448021888733
         },
         "actor_rotation": {
            "roll": 0.39999932050704956,
            "pitch": 0.36161068081855774,
            "yaw": 89.86924743652344
         },
         "actor_bbox_ext": {
            "x": 1.9876738786697388,
            "y": 0.931037425994873,
            "z": 0.8128864765167236
         }
      },
      {
         "actor_type": "vehicle.jeep.wrangler_rubicon",
         "actor_id": 224,
         "actor_location": {
            "x": 193.7812042236328,
            "y": 136.4574432373047,
            "z": 0.226384699344635
         },
         "actor_rotation": {
            "roll": -0.004730223678052425,
            "pitch": 0.016583697870373726,
            "yaw": -90.01009368896484
         },
         "actor_bbox_ext": {
            "x": 1.9340534210205078,
            "y": 0.953285276889801,
            "z": 0.9399999976158142
         }
      },
      {
         "actor_type": "vehicle.gazelle.omafiets",
         "actor_id": 225,
         "actor_location": {
            "x": -7.528448104858398,
            "y": 284.583251953125,
            "z": 0.20810115337371826
         },
         "actor_rotation": {
            "roll": 5.629694442177424e-06,
            "pitch": 0.38176655769348145,
            "yaw": 89.99449157714844
         },