{
   "cam_type": "sensor.camera.rgb",
   "cam_id": 261,
   "cam_location": {
      "x": 189.93026733398438,
      "y": 155.09190368652344,
      "z": 0.25337785482406616
   },
   "cam_rotation": {
      "roll": -0.00018310527957510203,
      "pitch": 0.024759434163570404,
      "yaw": 90.00019836425781
   },
   "img_name": "235.png",
   "img_width": 640,
   "img_height": 680,
   "img_fov": 100,
   "debug_info": [
      {
         "actor_type": "vehicle.bmw.isetta",
         "actor_id": 212,
         "actor_location": {
            "x": -7.52785587310791,
            "y": 143.19325256347656,
            "z": 0.22182559967041016
         },
         "actor_rotation": {
            "roll": -0.0005493406788446009,
            "pitch": 0.4563727378845215,
            "yaw": 89.9972152709961
         },
         "actor_bbox_ext": {
            "x": 1.1012483835220337,
            "y": 0.7426624298095703,
            "z": 0.6732476949691772
         }
      },
      {
         "actor_type": "vehicle.chevrolet.impala",
         "actor_id": 213,
         "actor_location": {
            "x": -7.5296196937561035,
            "y": 273.65875244140625,
            "z": 0.16773414611816406
         },
         "actor_rotation": {
            "roll": -0.001312216161750257,
            "pitch": 0.4803740084171295,
            "yaw": 90.00064086914062
         },
         "actor_bbox_ext": {
            "x": 2.684596538543701,
            "y": 1.026368260383606,
            "z": 0.7075497508049011
         }
      },
      {
         "actor_type": "vehicle.dodge_charger.police",
         "actor_id": 214,
         "actor_location": {
            "x": -3.370213747024536,
            "y": 231.70912170410156,
            "z": 0.2070595622062683
         },
         "actor_rotation": {
            "roll": -0.301605224609375,
            "pitch": -0.33056747913360596,
            "yaw": -84.31930541992188
         },
         "actor_bbox_ext": {
            "x": 2.4965829849243164,
            "y": 1.0679636001586914,
            "z": 0.7898477911949158
         }
      },
      {
         "actor_type": "vehicle.gazelle.omafiets",
         "actor_id": 215,
         "actor_location": {
            "x": -7.524072170257568,
            "y": 239.42050170898438,
            "z": 0.20228442549705505
         },
         "actor_rotation": {
            "roll": -0.001861577620729804,
            "pitch": -0.39557039737701416,
            "yaw": 89.99504852294922
         },
         "actor_bbox_ext": {
            "x": 0.9217206835746765,
            "y": 0.23374223709106445,
            "z": 0.7950369119644165
         }
      },
      {
         "actor_type": "vehicle.kawasaki.ninja",
         "actor_id": 216,
         "actor_location": {
            "x": -3.6803407669067383,
            "y": 120.28526306152344,
            "z": 0.2137576937675476
         },
         "actor_rotation": {
            "roll": -0.008789059706032276,
            "pitch": -0.9759520292282104,
            "yaw": -89.9927749633789
         },
         "actor_bbox_ext": {
            "x": 1.021842122077942,
            "y": 0.3984561562538147,
            "z": 0.687301516532898
         }
      },
      {
         "actor_type": "vehicle.lincoln.mkz2017",
         "actor_id": 217,
         "actor_location": {
            "x": -7.530032157897949,
            "y": 122.3281021118164,
            "z": 0.21509118378162384
         },
         "actor_rotation": {
            "roll": 0.00022386119235306978,
            "pitch": -0.6037545204162598,
            "yaw": 89.99932861328125
         },
         "actor_bbox_ext": {
            "x": 2.4543750286102295,
            "y": 1.056093692779541,
            "z": 0.7615917921066284
         }
      },
      {
         "actor_type": "vehicle.chevrolet.impala",
         "actor_id": 218,
         "actor_location": {
            "x": 193.7967529296875,
            "y": 265.10894775390625,
            "z": 0.16602550446987152
         },
         "actor_rotation": {
            "roll": 0.024799004197120667,
            "pitch": 0.5831273794174194,
            "yaw": -89.64892578125
         },
         "actor_bbox_ext": {
            "x": 2.684596538543701,
            "y": 1.026368260383606,
            "z": 0.7075497508049011
         }
      },
      {
         "actor_type": "vehicle.volkswagen.t2",
         "actor_id": 219,
         "actor_location": {
            "x": 189.88330078125,
            "y": 253.2549285888672,
            "z": 0.23213805258274078
         },
         "actor_rotation": {
            "roll": -0.07235711067914963,
            "pitch": 0.8562939167022705,
            "yaw": 91.50955200195312
         },
         "actor_bbox_ext": {
            "x": 2.2595229148864746,
            "y": 1.0383671522140503,
            "z": 1.0132241249084473
         }
      },
      {
         "actor_type": "vehicle.nissan.micra",
         "actor_id": 220,
         "actor_location": {
            "x": 193.7958526611328,
            "y": 292.7510681152344,
            "z": 0.2079334557056427
         },
         "actor_rotation": {
            "roll": 0.010215175338089466,
            "pitch": -0.292967289686203,
            "yaw": -89.40169525146484
         },
         "actor_bbox_ext": {
            "x": 1.8344237804412842,
            "y": 0.9280761480331421,
            "z": 0.7616068720817566
         }
      },
      {
         "actor_type": "vehicle.ford.mustang",
         "actor_id": 221,
         "actor_location": {
            "x": 189.8275909423828,
            "y": 294.3804016113281,
            "z": 0.20710960030555725
         },
         "actor_rotation": {
            "roll": -0.3775329887866974,
            "pitch": 0.8321628570556641,
            "yaw": 93.54827880859375
         },
         "actor_bbox_ext": {
            "x": 2.3399999141693115,
            "y": 0.9399999976158142,
            "z": 0.6499999761581421
         }
      },
      {
         "actor_type": "vehicle.volkswagen.t2",
         "actor_id": 222,
         "actor_location": {
            "x": 193.7919921875,
            "y": 218.36575317382812,
            "z": 0.20108245313167572
         },
         "actor_rotation": {
            "roll": 0.014185216277837753,
            "pitch": 0.621957004070282,
            "yaw": -89.49526977539062
         },
         "actor_bbox_ext": {
            "x": 2.2595229148864746,
            "y": 1.0383671522140503,
            "z": 1.0132241249084473
         }
      },
      {
         "actor_type": "vehicle.audi.a2",
         "actor_id": 223,
         "actor_location": {
            "x": 189.9303436279297,
            "y": 208.34376525878906,
            "z": 0.22002501785755157
         },
         "actor_rotation": {
            "roll": -0.061614979058504105,
            "pitch": -0.10236404091119766,
            "yaw": 90.00496673583984
         },
         "actor_bbox_ext": {
            "x": 1.8593107461929321,
            "y": 0.8962239623069763,
            "z": 0.7677467465400696
         }
      },
      {
         "actor_type": "vehicle.audi.a2",
         "actor_id": 224,
         "actor_location": {
            "x": 193.7799530029297,
            "y": 171.11569213867188,
            "z": 0.20467548072338104
         },
         "actor_rotation": {
            "roll": -0.06484988331794739,
            "pitch": 0.534796953201294,
            "yaw": -89.99667358398438
         },
         "actor_bbox_ext": {
            "x": 1.8593107461929321,
            "y": 0.8962239623069763,
            "z": 0.7677467465400696
         }
      },
      {
         "actor_type": "vehicle.diamondback.century",
         "actor_id": 225,
         "actor_location": {
            "x": -7.5237555503845215,
            "y": 251.29478454589844,
            "z": 0.20298469066619873
         },
         "actor_rotation": {
            "roll": -0.009094227105379105,
            "pitch": -0.21478894352912903,