{
   "cam_type": "sensor.camera.rgb",
   "cam_id": 265,
   "cam_location": {
      "x": 189.92288208007812,
      "y": 166.5160675048828,
      "z": 1.2400555610656738
   },
   "cam_rotation": {
      "roll": 0.014089795760810375,
      "pitch": -0.1703244149684906,
      "yaw": 89.8311996459961
   },
   "img_name": "245.png",
   "img_width": 640,
   "img_height": 680,
   "img_fov": 100,
   "debug_info": [
      {
         "actor_type": "vehicle.kawasaki.ninja",
         "actor_id": 212,
         "actor_location": {
            "x": -7.519525051116943,
            "y": 173.24151611328125,
            "z": 0.22129525244235992
         },
         "actor_rotation": {
            "roll": 7.883028047217522e-06,
            "pitch": -3.415094397496432e-05,
            "yaw": 89.99618530273438
         },
         "actor_bbox_ext": {
            "x": 1.021842122077942,
            "y": 0.3984561562538147,
            "z": 0.687301516532898
         }
      },
      {
         "actor_type": "vehicle.tesla.model3",
         "actor_id": 213,
         "actor_location": {
            "x": 13.24161434173584,
            "y": 306.70654296875,
            "z": 0.21678996086120605
         },
         "actor_rotation": {
            "roll": 0.06206037476658821,
            "pitch": 0.27201908826828003,
            "yaw": 0.5897408127784729
         },
         "actor_bbox_ext": {
            "x": 2.452350616455078,
            "y": 1.0303291082382202,
            "z": 0.7391985058784485
         }
      },
      {
         "actor_type": "vehicle.chevrolet.impala",
         "actor_id": 214,
         "actor_location": {
            "x": -3.224201202392578,
            "y": 206.23167419433594,
            "z": 0.19649021327495575
         },
         "actor_rotation": {
            "roll": 0.46557897329330444,
            "pitch": 0.3254653215408325,
            "yaw": -90.00238037109375
         },
         "actor_bbox_ext": {
            "x": 2.684596538543701,
            "y": 1.026368260383606,
            "z": 0.7075497508049011
         }
      },
      {
         "actor_type": "vehicle.harley-davidson.low rider",
         "actor_id": 215,
         "actor_location": {
            "x": -7.518987655639648,
            "y": 282.8648986816406,
            "z": 0.1916099637746811
         },
         "actor_rotation": {
            "roll": 0.0,
            "pitch": -0.03412362188100815,
            "yaw": 89.99447631835938
         },
         "actor_bbox_ext": {
            "x": 1.175087809562683,
            "y": 0.3831165134906769,
            "z": 0.7318695783615112
         }
      },
      {
         "actor_type": "vehicle.harley-davidson.low rider",
         "actor_id": 216,
         "actor_location": {
            "x": 49.3544921875,
            "y": 109.55149841308594,
            "z": 0.18416865170001984
         },
         "actor_rotation": {
            "roll": 3.764481107282336e-06,
            "pitch": -0.9059425592422485,
            "yaw": 0.00034705441794358194
         },
         "actor_bbox_ext": {
            "x": 1.175087809562683,
            "y": 0.3831165134906769,
            "z": 0.7318695783615112
         }
      },
      {
         "actor_type": "vehicle.ford.mustang",
         "actor_id": 217,
         "actor_location": {
            "x": -7.517312049865723,
            "y": 166.79193115234375,
            "z": 0.21534907817840576
         },
         "actor_rotation": {
            "roll": -0.0019531426951289177,
            "pitch": -0.22720623016357422,
            "yaw": 90.1255874633789
         },
         "actor_bbox_ext": {
            "x": 2.3399999141693115,
            "y": 0.9399999976158142,
            "z": 0.6499999761581421
         }
      },
      {
         "actor_type": "vehicle.seat.leon",
         "actor_id": 218,
         "actor_location": {
            "x": 193.7776336669922,
            "y": 255.8356170654297,
            "z": 0.21448852121829987
         },
         "actor_rotation": {
            "roll": -3.0517578125e-05,
            "pitch": -3.415094397496432e-05,
            "yaw": -90.15962982177734
         },
         "actor_bbox_ext": {
            "x": 2.1039369106292725,
            "y": 0.9099326133728027,
            "z": 0.7347301244735718
         }
      },
      {
         "actor_type": "vehicle.lincoln.mkz2017",
         "actor_id": 219,
         "actor_location": {
            "x": 185.89442443847656,
            "y": 301.1235656738281,
            "z": 0.2095603197813034
         },
         "actor_rotation": {
            "roll": 1.5185617208480835,
            "pitch": 0.04352879151701927,
            "yaw": 138.8131561279297
         },
         "actor_bbox_ext": {
            "x": 2.4543750286102295,
            "y": 1.056093692779541,
            "z": 0.7615917921066284
         }
      },
      {
         "actor_type": "vehicle.seat.leon",
         "actor_id": 220,
         "actor_location": {
            "x": 193.822998046875,
            "y": 262.387451171875,
            "z": 0.21448928117752075
         },
         "actor_rotation": {
            "roll": -3.051756721106358e-05,
            "pitch": -0.00021856604143977165,
            "yaw": -89.97921752929688
         },
         "actor_bbox_ext": {
            "x": 2.1039369106292725,
            "y": 0.9099326133728027,
            "z": 0.7347301244735718
         }
      },
      {
         "actor_type": "vehicle.yamaha.yzf",
         "actor_id": 221,
         "actor_location": {
            "x": 142.82766723632812,
            "y": 302.5523986816406,
            "z": 0.17512179911136627
         },
         "actor_rotation": {
            "roll": 0.002780170878395438,
            "pitch": -1.0672237873077393,
            "yaw": 179.99949645996094
         },
         "actor_bbox_ext": {
            "x": 1.0953842401504517,
            "y": 0.3831165134906769,
            "z": 0.8172529339790344
         }
      },
      {
         "actor_type": "vehicle.mercedes-benz.coupe",
         "actor_id": 222,
         "actor_location": {
            "x": 193.84222412109375,
            "y": 206.34381103515625,
            "z": 0.3489287495613098
         },
         "actor_rotation": {
            "roll": -0.011413565836846828,
            "pitch": 0.40123260021209717,
            "yaw": -90.26854705810547
         },
         "actor_bbox_ext": {
            "x": 2.521892547607422,
            "y": 1.0814987421035767,
            "z": 0.820067286491394
         }
      },
      {
         "actor_type": "vehicle.chevrolet.impala",
         "actor_id": 223,
         "actor_location": {
            "x": 189.9294891357422,
            "y": 220.15492248535156,
            "z": 0.1871148645877838
         },
         "actor_rotation": {
            "roll": 0.011585108004510403,
            "pitch": 0.6567294597625732,
            "yaw": 89.93245697021484
         },
         "actor_bbox_ext": {
            "x": 2.684596538543701,
            "y": 1.026368260383606,
            "z": 0.7075497508049011
         }
      },
      {
         "actor_type": "vehicle.bh.crossbike",
         "actor_id": 224,
         "actor_location": {
            "x": 193.74888610839844,
            "y": 135.6195831298828,
            "z": 0.21936851739883423
         },
         "actor_rotation": {
            "roll": -0.005340576637536287,
            "pitch": 0.009685208089649677,
            "yaw": -90.02163696289062
         },
         "actor_bbox_ext": {
            "x": 0.7546613812446594,
            "y": 0.4329703152179718,
            "z": 0.7653154730796814
         }
      },
      {
         "actor_type": "vehicle.citroen.c3",
         "actor_id": 225,
         "actor_location": {
            "x": -5.893864631652832,
            "y": 300.6089172363281,
            "z": 0.25875324010849
         },
         "actor_rotation": {
            "roll": 0.11189453303813934,
            "pitch": 0.0010381886968389153,