{
   "cam_type": "sensor.camera.rgb",
   "cam_id": 263,
   "cam_location": {
      "x": 189.9113006591797,
      "y": 165.87069702148438,
      "z": 2.1668519973754883
   },
   "cam_rotation": {
      "roll": 0.4688394069671631,
      "pitch": 0.3109033703804016,
      "yaw": 89.9618911743164
   },
   "img_name": "247.png",
   "img_width": 640,
   "img_height": 680,
   "img_fov": 100,
   "debug_info": [
      {
         "actor_type": "vehicle.carlamotors.carlacola",
         "actor_id": 212,
         "actor_location": {
            "x": -7.530167579650879,
            "y": 161.73501586914062,
            "z": 0.21859470009803772
         },
         "actor_rotation": {
            "roll": 5.707818490918726e-05,
            "pitch": -0.012697321362793446,
            "yaw": 89.99711608886719
         },
         "actor_bbox_ext": {
            "x": 2.5996146202087402,
            "y": 1.3075095415115356,
            "z": 1.2384252548217773
         }
      },
      {
         "actor_type": "vehicle.harley-davidson.low rider",
         "actor_id": 213,
         "actor_location": {
            "x": -7.5204973220825195,
            "y": 290.77117919921875,
            "z": 0.19080495834350586
         },
         "actor_rotation": {
            "roll": 0.0,
            "pitch": -0.1685827225446701,
            "yaw": 89.9944839477539
         },
         "actor_bbox_ext": {
            "x": 1.175087809562683,
            "y": 0.3831165134906769,
            "z": 0.7318695783615112
         }
      },
      {
         "actor_type": "vehicle.seat.leon",
         "actor_id": 214,
         "actor_location": {
            "x": -3.284337282180786,
            "y": 211.88145446777344,
            "z": 0.21509532630443573
         },
         "actor_rotation": {
            "roll": 5.743129440816119e-05,
            "pitch": -0.03607022762298584,
            "yaw": -90.01781463623047
         },
         "actor_bbox_ext": {
            "x": 2.1039369106292725,
            "y": 0.9099326133728027,
            "z": 0.7347301244735718
         }
      },
      {
         "actor_type": "vehicle.tesla.model3",
         "actor_id": 215,
         "actor_location": {
            "x": -7.529096603393555,
            "y": 254.7834930419922,
            "z": 0.21796046197414398
         },
         "actor_rotation": {
            "roll": 0.00032835628371685743,
            "pitch": 0.07623174041509628,
            "yaw": 89.99224853515625
         },
         "actor_bbox_ext": {
            "x": 2.452350616455078,
            "y": 1.0303291082382202,
            "z": 0.7391985058784485
         }
      },
      {
         "actor_type": "vehicle.mini.cooperst",
         "actor_id": 216,
         "actor_location": {
            "x": 9.744892120361328,
            "y": 109.55133819580078,
            "z": 0.26352202892303467
         },
         "actor_rotation": {
            "roll": 0.028754306957125664,
            "pitch": 0.05976415053009987,
            "yaw": -0.349365234375
         },
         "actor_bbox_ext": {
            "x": 1.9010963439941406,
            "y": 0.9870172142982483,
            "z": 0.7375003099441528
         }
      },
      {
         "actor_type": "vehicle.bh.crossbike",
         "actor_id": 217,
         "actor_location": {
            "x": -7.527445316314697,
            "y": 136.50677490234375,
            "z": 0.21929365396499634
         },
         "actor_rotation": {
            "roll": -0.011505127884447575,
            "pitch": -0.011659132316708565,
            "yaw": 89.94011688232422
         },
         "actor_bbox_ext": {
            "x": 0.7546613812446594,
            "y": 0.4329703152179718,
            "z": 0.7653154730796814
         }
      },
      {
         "actor_type": "vehicle.citroen.c3",
         "actor_id": 218,
         "actor_location": {
            "x": 193.77647399902344,
            "y": 254.77435302734375,
            "z": 0.25830477476119995
         },
         "actor_rotation": {
            "roll": 1.8668271877686493e-05,
            "pitch": -0.0020149056799709797,
            "yaw": -89.99251556396484
         },
         "actor_bbox_ext": {
            "x": 1.9876738786697388,
            "y": 0.931037425994873,
            "z": 0.8128864765167236
         }
      },
      {
         "actor_type": "vehicle.bmw.grandtourer",
         "actor_id": 219,
         "actor_location": {
            "x": 189.59849548339844,
            "y": 272.8248291015625,
            "z": 0.29593080282211304
         },
         "actor_rotation": {
            "roll": 0.0007082136580720544,
            "pitch": -0.12879003584384918,
            "yaw": 90.00261688232422
         },
         "actor_bbox_ext": {
            "x": 2.3195438385009766,
            "y": 1.129660964012146,
            "z": 0.8390889763832092
         }
      },
      {
         "actor_type": "vehicle.bh.crossbike",
         "actor_id": 220,
         "actor_location": {
            "x": 193.81964111328125,
            "y": 279.23968505859375,
            "z": 0.21931137144565582
         },
         "actor_rotation": {
            "roll": 0.0121111199259758,
            "pitch": -0.00717169838026166,
            "yaw": -89.92498016357422
         },
         "actor_bbox_ext": {
            "x": 0.7546613812446594,
            "y": 0.4329703152179718,
            "z": 0.7653154730796814
         }
      },
      {
         "actor_type": "vehicle.bh.crossbike",
         "actor_id": 221,
         "actor_location": {
            "x": 181.2503204345703,
            "y": 302.00799560546875,
            "z": 0.21863161027431488
         },
         "actor_rotation": {
            "roll": -2.11590576171875,
            "pitch": -0.3674983084201813,
            "yaw": 167.9740447998047
         },
         "actor_bbox_ext": {
            "x": 0.7546613812446594,
            "y": 0.4329703152179718,
            "z": 0.7653154730796814
         }
      },
      {
         "actor_type": "vehicle.gazelle.omafiets",
         "actor_id": 222,
         "actor_location": {
            "x": 193.76739501953125,
            "y": 206.1529083251953,
            "z": 0.20623333752155304
         },
         "actor_rotation": {
            "roll": 0.004583047702908516,
            "pitch": 0.21243253350257874,
            "yaw": -90.01217651367188
         },
         "actor_bbox_ext": {
            "x": 0.9217206835746765,
            "y": 0.23374223709106445,
            "z": 0.7950369119644165
         }
      },
      {
         "actor_type": "vehicle.bmw.isetta",
         "actor_id": 223,
         "actor_location": {
            "x": 189.9349365234375,
            "y": 214.37738037109375,
            "z": 0.22217348217964172
         },
         "actor_rotation": {
            "roll": 0.003075742395594716,
            "pitch": 0.3256497383117676,
            "yaw": 89.99420928955078
         },
         "actor_bbox_ext": {
            "x": 1.1012483835220337,
            "y": 0.7426624298095703,
            "z": 0.6732476949691772
         }
      },
      {
         "actor_type": "vehicle.gazelle.omafiets",
         "actor_id": 224,
         "actor_location": {
            "x": 193.76858520507812,
            "y": 150.42941284179688,
            "z": 0.20214498043060303
         },
         "actor_rotation": {
            "roll": 2.6681314935217415e-08,
            "pitch": -0.4676220417022705,
            "yaw": -90.0164794921875
         },
         "actor_bbox_ext": {
            "x": 0.9217206835746765,
            "y": 0.23374223709106445,
            "z": 0.7950369119644165
         }
      },
      {
         "actor_type": "vehicle.harley-davidson.low rider",
         "actor_id": 225,
         "actor_location": {
            "x": -7.527407169342041,
            "y": 267.9842224121094,
            "z": 0.1888081282377243
         },
         "actor_rotation": {
            "roll": 3.0949886422604322e-06,
            "pitch": -0.355040043592453,