{
   "cam_type": "sensor.camera.rgb",
   "cam_id": 263,
   "cam_location": {
      "x": 190.23092651367188,
      "y": 168.14486694335938,
      "z": 3.3279082775115967
   },
   "cam_rotation": {
      "roll": 0.01759462058544159,
      "pitch": -0.00027320755179971457,
      "yaw": 90.00013732910156
   },
   "img_name": "249.png",
   "img_width": 640,
   "img_height": 680,
   "img_fov": 100,
   "debug_info": [
      {
         "actor_type": "vehicle.nissan.patrol",
         "actor_id": 212,
         "actor_location": {
            "x": -7.518853664398193,
            "y": 172.7964630126953,
            "z": 0.23071978986263275
         },
         "actor_rotation": {
            "roll": 5.94389894104097e-06,
            "pitch": 0.019889509305357933,
            "yaw": 90.24545288085938
         },
         "actor_bbox_ext": {
            "x": 2.259999990463257,
            "y": 0.9599999785423279,
            "z": 0.9435654878616333
         }
      },
      {
         "actor_type": "vehicle.carlamotors.carlacola",
         "actor_id": 213,
         "actor_location": {
            "x": 11.49002456665039,
            "y": 306.70391845703125,
            "z": 0.21842265129089355
         },
         "actor_rotation": {
            "roll": -0.016937255859375,
            "pitch": 0.004842604044824839,
            "yaw": 0.7147418260574341
         },
         "actor_bbox_ext": {
            "x": 2.5996146202087402,
            "y": 1.3075095415115356,
            "z": 1.2384252548217773
         }
      },
      {
         "actor_type": "vehicle.nissan.patrol",
         "actor_id": 214,
         "actor_location": {
            "x": -3.322312593460083,
            "y": 207.55386352539062,
            "z": 0.2560897767543793
         },
         "actor_rotation": {
            "roll": 0.40693703293800354,
            "pitch": 0.34616079926490784,
            "yaw": -89.99649047851562
         },
         "actor_bbox_ext": {
            "x": 2.259999990463257,
            "y": 0.9599999785423279,
            "z": 0.9435654878616333
         }
      },
      {
         "actor_type": "vehicle.nissan.micra",
         "actor_id": 215,
         "actor_location": {
            "x": -7.531260967254639,
            "y": 286.1412353515625,
            "z": 0.20768478512763977
         },
         "actor_rotation": {
            "roll": -0.00015258621715474874,
            "pitch": -0.19222883880138397,
            "yaw": 90.00395965576172
         },
         "actor_bbox_ext": {
            "x": 1.8344237804412842,
            "y": 0.9280761480331421,
            "z": 0.7616068720817566
         }
      },
      {
         "actor_type": "vehicle.yamaha.yzf",
         "actor_id": 216,
         "actor_location": {
            "x": 53.82713317871094,
            "y": 109.551513671875,
            "z": 0.18101544678211212
         },
         "actor_rotation": {
            "roll": 4.077033281646436e-06,
            "pitch": -0.45736992359161377,
            "yaw": 0.0002666050859261304
         },
         "actor_bbox_ext": {
            "x": 1.0953842401504517,
            "y": 0.3831165134906769,
            "z": 0.8172529339790344
         }
      },
      {
         "actor_type": "vehicle.diamondback.century",
         "actor_id": 217,
         "actor_location": {
            "x": -7.527157306671143,
            "y": 158.93553161621094,
            "z": 0.20382732152938843
         },
         "actor_rotation": {
            "roll": 0.0,
            "pitch": -0.13360531628131866,
            "yaw": 89.99449157714844
         },
         "actor_bbox_ext": {
            "x": 0.8281218409538269,
            "y": 0.21070940792560577,
            "z": 0.746755838394165
         }
      },
      {
         "actor_type": "vehicle.citroen.c3",
         "actor_id": 218,
         "actor_location": {
            "x": 193.7776641845703,
            "y": 254.88612365722656,
            "z": 0.2582840025424957
         },
         "actor_rotation": {
            "roll": 6.805228622397408e-06,
            "pitch": -3.415094397496432e-05,
            "yaw": -90.0418701171875
         },
         "actor_bbox_ext": {
            "x": 1.9876738786697388,
            "y": 0.931037425994873,
            "z": 0.8128864765167236
         }
      },
      {
         "actor_type": "vehicle.bmw.isetta",
         "actor_id": 219,
         "actor_location": {
            "x": 189.5988311767578,
            "y": 283.3373107910156,
            "z": 0.22260600328445435
         },
         "actor_rotation": {
            "roll": -6.1032522353343666e-05,
            "pitch": 0.33653706312179565,
            "yaw": 90.0130386352539
         },
         "actor_bbox_ext": {
            "x": 1.1012483835220337,
            "y": 0.7426624298095703,
            "z": 0.6732476949691772
         }
      },
      {
         "actor_type": "vehicle.mercedes-benz.coupe",
         "actor_id": 220,
         "actor_location": {
            "x": 193.82138061523438,
            "y": 261.7095947265625,
            "z": 0.34892821311950684
         },
         "actor_rotation": {
            "roll": -0.011413591913878918,
            "pitch": 0.40130090713500977,
            "yaw": -90.20812225341797
         },
         "actor_bbox_ext": {
            "x": 2.521892547607422,
            "y": 1.0814987421035767,
            "z": 0.820067286491394
         }
      },
      {
         "actor_type": "vehicle.kawasaki.ninja",
         "actor_id": 221,
         "actor_location": {
            "x": 141.00262451171875,
            "y": 302.5523681640625,
            "z": 0.21443217992782593
         },
         "actor_rotation": {
            "roll": 4.492569132708013e-05,
            "pitch": -0.9436588883399963,
            "yaw": 179.9989013671875
         },
         "actor_bbox_ext": {
            "x": 1.021842122077942,
            "y": 0.3984561562538147,
            "z": 0.687301516532898
         }
      },
      {
         "actor_type": "vehicle.nissan.patrol",
         "actor_id": 222,
         "actor_location": {
            "x": 193.7692108154297,
            "y": 205.98585510253906,
            "z": 0.2307199090719223
         },
         "actor_rotation": {
            "roll": 6.591732926608529e-06,
            "pitch": 0.019869018346071243,
            "yaw": -89.74533081054688
         },
         "actor_bbox_ext": {
            "x": 2.259999990463257,
            "y": 0.9599999785423279,
            "z": 0.9435654878616333
         }
      },
      {
         "actor_type": "vehicle.dodge_charger.police",
         "actor_id": 223,
         "actor_location": {
            "x": 189.92974853515625,
            "y": 221.72360229492188,
            "z": 0.226596862077713
         },
         "actor_rotation": {
            "roll": 0.35892266035079956,
            "pitch": 0.4558331370353699,
            "yaw": 89.84205627441406
         },
         "actor_bbox_ext": {
            "x": 2.4965829849243164,
            "y": 1.0679636001586914,
            "z": 0.7898477911949158
         }
      },
      {
         "actor_type": "vehicle.audi.etron",
         "actor_id": 224,
         "actor_location": {
            "x": 193.89694213867188,
            "y": 118.89213562011719,
            "z": 0.17252105474472046
         },
         "actor_rotation": {
            "roll": 6.171839049784467e-05,
            "pitch": -0.001434339676052332,
            "yaw": -90.01806640625
         },
         "actor_bbox_ext": {
            "x": 2.4270286560058594,
            "y": 1.0045700073242188,
            "z": 0.8343994617462158
         }
      },
      {
         "actor_type": "vehicle.kawasaki.ninja",
         "actor_id": 225,
         "actor_location": {
            "x": -6.675026893615723,
            "y": 299.0166015625,
            "z": 0.2202962040901184
         },
         "actor_rotation": {
            "roll": -2.706115961074829,
            "pitch": -0.24389921128749847,