{
   "cam_type": "sensor.camera.rgb",
   "cam_id": 265,
   "cam_location": {
      "x": 190.25299072265625,
      "y": 167.79844665527344,
      "z": 1.2056169509887695
   },
   "cam_rotation": {
      "roll": 0.017005300149321556,
      "pitch": -0.00033467926550656557,
      "yaw": 90.17023468017578
   },
   "img_name": "253.png",
   "img_width": 640,
   "img_height": 680,
   "img_fov": 100,
   "debug_info": [
      {
         "actor_type": "vehicle.diamondback.century",
         "actor_id": 212,
         "actor_location": {
            "x": -7.5228447914123535,
            "y": 167.61126708984375,
            "z": 0.20299427211284637
         },
         "actor_rotation": {
            "roll": -1.3340315518917123e-08,
            "pitch": -0.2244878113269806,
            "yaw": 89.99446868896484
         },
         "actor_bbox_ext": {
            "x": 0.8281218409538269,
            "y": 0.21070940792560577,
            "z": 0.746755838394165
         }
      },
      {
         "actor_type": "vehicle.nissan.patrol",
         "actor_id": 213,
         "actor_location": {
            "x": -2.2127442359924316,
            "y": 304.5806579589844,
            "z": 0.23111823201179504
         },
         "actor_rotation": {
            "roll": 0.048180900514125824,
            "pitch": 0.025148754939436913,
            "yaw": 40.31126022338867
         },
         "actor_bbox_ext": {
            "x": 2.259999990463257,
            "y": 0.9599999785423279,
            "z": 0.9435654878616333
         }
      },
      {
         "actor_type": "vehicle.nissan.patrol",
         "actor_id": 214,
         "actor_location": {
            "x": -3.3090319633483887,
            "y": 207.52883911132812,
            "z": 0.2561118006706238
         },
         "actor_rotation": {
            "roll": 0.40701401233673096,
            "pitch": 0.34482890367507935,
            "yaw": -89.76644134521484
         },
         "actor_bbox_ext": {
            "x": 2.259999990463257,
            "y": 0.9599999785423279,
            "z": 0.9435654878616333
         }
      },
      {
         "actor_type": "vehicle.volkswagen.t2",
         "actor_id": 215,
         "actor_location": {
            "x": -7.530450820922852,
            "y": 257.5534362792969,
            "z": 0.20720301568508148
         },
         "actor_rotation": {
            "roll": -0.00015258709026966244,
            "pitch": 0.05380139872431755,
            "yaw": 90.01142120361328
         },
         "actor_bbox_ext": {
            "x": 2.2595229148864746,
            "y": 1.0383671522140503,
            "z": 1.0132241249084473
         }
      },
      {
         "actor_type": "vehicle.dodge_charger.police",
         "actor_id": 216,
         "actor_location": {
            "x": 23.498842239379883,
            "y": 109.55158996582031,
            "z": 0.20250608026981354
         },
         "actor_rotation": {
            "roll": 0.00022610131418332458,
            "pitch": 0.052824679762125015,
            "yaw": -0.0006103515042923391
         },
         "actor_bbox_ext": {
            "x": 2.4965829849243164,
            "y": 1.0679636001586914,
            "z": 0.7898477911949158
         }
      },
      {
         "actor_type": "vehicle.audi.etron",
         "actor_id": 217,
         "actor_location": {
            "x": -7.522950649261475,
            "y": 156.66110229492188,
            "z": 0.17210067808628082
         },
         "actor_rotation": {
            "roll": -0.0006408706540241838,
            "pitch": -0.039915625005960464,
            "yaw": 90.00404357910156
         },
         "actor_bbox_ext": {
            "x": 2.4270286560058594,
            "y": 1.0045700073242188,
            "z": 0.8343994617462158
         }
      },
      {
         "actor_type": "vehicle.bmw.isetta",
         "actor_id": 218,
         "actor_location": {
            "x": 193.77366638183594,
            "y": 256.1896057128906,
            "z": 0.22207395732402802
         },
         "actor_rotation": {
            "roll": 7.644087418157142e-06,
            "pitch": 0.35329151153564453,
            "yaw": -90.01689910888672
         },
         "actor_bbox_ext": {
            "x": 1.1012483835220337,
            "y": 0.7426624298095703,
            "z": 0.6732476949691772
         }
      },
      {
         "actor_type": "vehicle.diamondback.century",
         "actor_id": 219,
         "actor_location": {
            "x": 189.93063354492188,
            "y": 276.0140380859375,
            "z": 0.20220835506916046
         },
         "actor_rotation": {
            "roll": 1.0218759598501492e-05,
            "pitch": -0.31777453422546387,
            "yaw": 89.9944839477539
         },
         "actor_bbox_ext": {
            "x": 0.8281218409538269,
            "y": 0.21070940792560577,
            "z": 0.746755838394165
         }
      },
      {
         "actor_type": "vehicle.harley-davidson.low rider",
         "actor_id": 220,
         "actor_location": {
            "x": 193.82130432128906,
            "y": 262.51422119140625,
            "z": 0.18858107924461365
         },
         "actor_rotation": {
            "roll": -6.103226769482717e-05,
            "pitch": 0.2926326096057892,
            "yaw": -90.00067138671875
         },
         "actor_bbox_ext": {
            "x": 1.175087809562683,
            "y": 0.3831165134906769,
            "z": 0.7318695783615112
         }
      },
      {
         "actor_type": "vehicle.toyota.prius",
         "actor_id": 221,
         "actor_location": {
            "x": 160.60690307617188,
            "y": 302.5517578125,
            "z": 0.2554715573787689
         },
         "actor_rotation": {
            "roll": -0.00024414061044808477,
            "pitch": 0.07410755008459091,
            "yaw": 179.99948120117188
         },
         "actor_bbox_ext": {
            "x": 2.2691667079925537,
            "y": 1.0005652904510498,
            "z": 0.7686808109283447
         }
      },
      {
         "actor_type": "vehicle.volkswagen.t2",
         "actor_id": 222,
         "actor_location": {
            "x": 193.81570434570312,
            "y": 206.52127075195312,
            "z": 0.20787197351455688
         },
         "actor_rotation": {
            "roll": -4.168816403193887e-10,
            "pitch": -0.007021434139460325,
            "yaw": -90.0883560180664
         },
         "actor_bbox_ext": {
            "x": 2.2595229148864746,
            "y": 1.0383671522140503,
            "z": 1.0132241249084473
         }
      },
      {
         "actor_type": "vehicle.audi.tt",
         "actor_id": 223,
         "actor_location": {
            "x": 189.931396484375,
            "y": 222.0092315673828,
            "z": 0.24127063155174255
         },
         "actor_rotation": {
            "roll": 0.22326546907424927,
            "pitch": 0.2293304204940796,
            "yaw": 89.92147064208984
         },
         "actor_bbox_ext": {
            "x": 2.1102468967437744,
            "y": 1.0045700073242188,
            "z": 0.695303738117218
         }
      },
      {
         "actor_type": "vehicle.nissan.micra",
         "actor_id": 224,
         "actor_location": {
            "x": 193.7718505859375,
            "y": 118.71817016601562,
            "z": 0.20732825994491577
         },
         "actor_rotation": {
            "roll": -0.0007629363099113107,
            "pitch": -0.15704652667045593,
            "yaw": -90.02301025390625
         },
         "actor_bbox_ext": {
            "x": 1.8344237804412842,
            "y": 0.9280761480331421,
            "z": 0.7616068720817566
         }
      },
      {
         "actor_type": "vehicle.bmw.isetta",
         "actor_id": 225,
         "actor_location": {
            "x": -7.523885250091553,
            "y": 266.7389831542969,
            "z": 0.22218865156173706
         },
         "actor_rotation": {
            "roll": 7.76412616687594e-06,