{
   "cam_type": "sensor.camera.rgb",
   "cam_id": 265,
   "cam_location": {
      "x": 189.8944854736328,
      "y": 166.34262084960938,
      "z": 2.9969983100891113
   },
   "cam_rotation": {
      "roll": 0.6441895961761475,
      "pitch": 0.4656412899494171,
      "yaw": 89.93467712402344
   },
   "img_name": "256.png",
   "img_width": 640,
   "img_height": 680,
   "img_fov": 100,
   "debug_info": [
      {
         "actor_type": "vehicle.bmw.isetta",
         "actor_id": 212,
         "actor_location": {
            "x": -7.527492046356201,
            "y": 172.9801483154297,
            "z": 0.22352568805217743
         },
         "actor_rotation": {
            "roll": 0.00033942030859179795,
            "pitch": -0.3198850750923157,
            "yaw": 89.95254516601562
         },
         "actor_bbox_ext": {
            "x": 1.1012483835220337,
            "y": 0.7426624298095703,
            "z": 0.6732476949691772
         }
      },
      {
         "actor_type": "vehicle.mini.cooperst",
         "actor_id": 213,
         "actor_location": {
            "x": 15.754777908325195,
            "y": 306.71820068359375,
            "z": 0.2623266875743866
         },
         "actor_rotation": {
            "roll": -0.006561278831213713,
            "pitch": 0.04922517016530037,
            "yaw": 0.1739189624786377
         },
         "actor_bbox_ext": {
            "x": 1.9010963439941406,
            "y": 0.9870172142982483,
            "z": 0.7375003099441528
         }
      },
      {
         "actor_type": "vehicle.tesla.model3",
         "actor_id": 214,
         "actor_location": {
            "x": -3.26186466217041,
            "y": 207.54519653320312,
            "z": 0.2418779730796814
         },
         "actor_rotation": {
            "roll": 0.6420895457267761,
            "pitch": 0.4644528329372406,
            "yaw": -89.9158935546875
         },
         "actor_bbox_ext": {
            "x": 2.452350616455078,
            "y": 1.0303291082382202,
            "z": 0.7391985058784485
         }
      },
      {
         "actor_type": "vehicle.citroen.c3",
         "actor_id": 215,
         "actor_location": {
            "x": -7.530516624450684,
            "y": 286.92681884765625,
            "z": 0.2589836120605469
         },
         "actor_rotation": {
            "roll": 4.433536741998978e-05,
            "pitch": 0.014746377244591713,
            "yaw": 90.00361633300781
         },
         "actor_bbox_ext": {
            "x": 1.9876738786697388,
            "y": 0.931037425994873,
            "z": 0.8128864765167236
         }
      },
      {
         "actor_type": "vehicle.kawasaki.ninja",
         "actor_id": 216,
         "actor_location": {
            "x": 57.1057014465332,
            "y": 109.55156707763672,
            "z": 0.2154625654220581
         },
         "actor_rotation": {
            "roll": -6.103515625e-05,
            "pitch": -0.8149986267089844,
            "yaw": -0.00045776370097883046
         },
         "actor_bbox_ext": {
            "x": 1.021842122077942,
            "y": 0.3984561562538147,
            "z": 0.687301516532898
         }
      },
      {
         "actor_type": "vehicle.bmw.grandtourer",
         "actor_id": 217,
         "actor_location": {
            "x": -7.525246620178223,
            "y": 165.67259216308594,
            "z": 0.2973010540008545
         },
         "actor_rotation": {
            "roll": 0.0008938610553741455,
            "pitch": -0.31450968980789185,
            "yaw": 90.14593505859375
         },
         "actor_bbox_ext": {
            "x": 2.3195438385009766,
            "y": 1.129660964012146,
            "z": 0.8390889763832092
         }
      },
      {
         "actor_type": "vehicle.citroen.c3",
         "actor_id": 218,
         "actor_location": {
            "x": 193.7763671875,
            "y": 254.72952270507812,
            "z": 0.25827330350875854
         },
         "actor_rotation": {
            "roll": 6.943730568309547e-06,
            "pitch": -9.56226431299001e-05,
            "yaw": -90.00665283203125
         },
         "actor_bbox_ext": {
            "x": 1.9876738786697388,
            "y": 0.931037425994873,
            "z": 0.8128864765167236
         }
      },
      {
         "actor_type": "vehicle.nissan.patrol",
         "actor_id": 219,
         "actor_location": {
            "x": 185.96311950683594,
            "y": 301.11517333984375,
            "z": 0.23118476569652557
         },
         "actor_rotation": {
            "roll": -0.0693969652056694,
            "pitch": 0.017389660701155663,
            "yaw": 138.58352661132812
         },
         "actor_bbox_ext": {
            "x": 2.259999990463257,
            "y": 0.9599999785423279,
            "z": 0.9435654878616333
         }
      },
      {
         "actor_type": "vehicle.seat.leon",
         "actor_id": 220,
         "actor_location": {
            "x": 193.82281494140625,
            "y": 261.4093933105469,
            "z": 0.21448752284049988
         },
         "actor_rotation": {
            "roll": -3.0517576306010596e-05,
            "pitch": -6.147169915493578e-05,
            "yaw": -90.03380584716797
         },
         "actor_bbox_ext": {
            "x": 2.1039369106292725,
            "y": 0.9099326133728027,
            "z": 0.7347301244735718
         }
      },
      {
         "actor_type": "vehicle.jeep.wrangler_rubicon",
         "actor_id": 221,
         "actor_location": {
            "x": 142.28125,
            "y": 302.54949951171875,
            "z": 0.22683116793632507
         },
         "actor_rotation": {
            "roll": -0.004455565940588713,
            "pitch": -0.06476385146379471,
            "yaw": -179.97901916503906
         },
         "actor_bbox_ext": {
            "x": 1.9340534210205078,
            "y": 0.953285276889801,
            "z": 0.9399999976158142
         }
      },
      {
         "actor_type": "vehicle.bmw.isetta",
         "actor_id": 222,
         "actor_location": {
            "x": 193.77723693847656,
            "y": 206.5496826171875,
            "z": 0.2221490442752838
         },
         "actor_rotation": {
            "roll": 7.790813469910063e-06,
            "pitch": 0.32978883385658264,
            "yaw": -90.01699829101562
         },
         "actor_bbox_ext": {
            "x": 1.1012483835220337,
            "y": 0.7426624298095703,
            "z": 0.6732476949691772
         }
      },
      {
         "actor_type": "vehicle.citroen.c3",
         "actor_id": 223,
         "actor_location": {
            "x": 189.9286346435547,
            "y": 221.847900390625,
            "z": 0.2840456962585449
         },
         "actor_rotation": {
            "roll": 0.39999932050704956,
            "pitch": 0.36161068081855774,
            "yaw": 89.86924743652344
         },
         "actor_bbox_ext": {
            "x": 1.9876738786697388,
            "y": 0.931037425994873,
            "z": 0.8128864765167236
         }
      },
      {
         "actor_type": "vehicle.jeep.wrangler_rubicon",
         "actor_id": 224,
         "actor_location": {
            "x": 193.78260803222656,
            "y": 121.68843841552734,
            "z": 0.2266700267791748
         },
         "actor_rotation": {
            "roll": -0.004760742653161287,
            "pitch": 0.031999435275793076,
            "yaw": -90.01866149902344
         },
         "actor_bbox_ext": {
            "x": 1.9340534210205078,
            "y": 0.953285276889801,
            "z": 0.9399999976158142
         }
      },
      {
         "actor_type": "vehicle.gazelle.omafiets",
         "actor_id": 225,
         "actor_location": {
            "x": -6.874016761779785,
            "y": 298.4765625,
            "z": 0.20602446794509888
         },
         "actor_rotation": {
            "roll": -4.021515846252441,
            "pitch": 0.13469815254211426,
            "yaw": 74.75374603271484
         },