{
   "cam_type": "sensor.camera.rgb",
   "cam_id": 261,
   "cam_location": {
      "x": 189.9248809814453,
      "y": 168.10337829589844,
      "z": 0.3374382257461548
   },
   "cam_rotation": {
      "roll": 0.010790529660880566,
      "pitch": -0.4446999430656433,
      "yaw": 89.93950653076172
   },
   "img_name": "263.png",
   "img_width": 640,
   "img_height": 680,
   "img_fov": 100,
   "debug_info": [
      {
         "actor_type": "vehicle.bmw.isetta",
         "actor_id": 212,
         "actor_location": {
            "x": -7.527257442474365,
            "y": 149.1181640625,
            "z": 0.22222550213336945
         },
         "actor_rotation": {
            "roll": 7.363906206592219e-06,
            "pitch": 0.31134048104286194,
            "yaw": 89.99446868896484
         },
         "actor_bbox_ext": {
            "x": 1.1012483835220337,
            "y": 0.7426624298095703,
            "z": 0.6732476949691772
         }
      },
      {
         "actor_type": "vehicle.chevrolet.impala",
         "actor_id": 213,
         "actor_location": {
            "x": -7.528200626373291,
            "y": 290.2512512207031,
            "z": 0.17082370817661285
         },
         "actor_rotation": {
            "roll": -0.0005188040668144822,
            "pitch": 0.20184573531150818,
            "yaw": 89.99642944335938
         },
         "actor_bbox_ext": {
            "x": 2.684596538543701,
            "y": 1.026368260383606,
            "z": 0.7075497508049011
         }
      },
      {
         "actor_type": "vehicle.dodge_charger.police",
         "actor_id": 214,
         "actor_location": {
            "x": -3.2144861221313477,
            "y": 214.7696990966797,
            "z": 0.20123149454593658
         },
         "actor_rotation": {
            "roll": -6.103174018790014e-05,
            "pitch": 0.16864418983459473,
            "yaw": -90.00823974609375
         },
         "actor_bbox_ext": {
            "x": 2.4965829849243164,
            "y": 1.0679636001586914,
            "z": 0.7898477911949158
         }
      },
      {
         "actor_type": "vehicle.gazelle.omafiets",
         "actor_id": 215,
         "actor_location": {
            "x": -7.522427082061768,
            "y": 251.1671600341797,
            "z": 0.19874024391174316
         },
         "actor_rotation": {
            "roll": -0.1220397874712944,
            "pitch": -0.7546402215957642,
            "yaw": 89.99779510498047
         },
         "actor_bbox_ext": {
            "x": 0.9217206835746765,
            "y": 0.23374223709106445,
            "z": 0.7950369119644165
         }
      },
      {
         "actor_type": "vehicle.kawasaki.ninja",
         "actor_id": 216,
         "actor_location": {
            "x": 8.205326080322266,
            "y": 109.57050323486328,
            "z": 0.22920653223991394
         },
         "actor_rotation": {
            "roll": 0.30534490942955017,
            "pitch": 0.9233868718147278,
            "yaw": -0.6891477704048157
         },
         "actor_bbox_ext": {
            "x": 1.021842122077942,
            "y": 0.3984561562538147,
            "z": 0.687301516532898
         }
      },
      {
         "actor_type": "vehicle.lincoln.mkz2017",
         "actor_id": 217,
         "actor_location": {
            "x": -7.529013633728027,
            "y": 139.59951782226562,
            "z": 0.20888659358024597
         },
         "actor_rotation": {
            "roll": -0.0008544959709979594,
            "pitch": 0.123052679002285,
            "yaw": 90.0004653930664
         },
         "actor_bbox_ext": {
            "x": 2.4543750286102295,
            "y": 1.056093692779541,
            "z": 0.7615917921066284
         }
      },
      {
         "actor_type": "vehicle.chevrolet.impala",
         "actor_id": 218,
         "actor_location": {
            "x": 193.80430603027344,
            "y": 256.27410888671875,
            "z": 0.17222106456756592
         },
         "actor_rotation": {
            "roll": 7.084944809321314e-05,
            "pitch": -0.007724943570792675,
            "yaw": -89.89492797851562
         },
         "actor_bbox_ext": {
            "x": 2.684596538543701,
            "y": 1.026368260383606,
            "z": 0.7075497508049011
         }
      },
      {
         "actor_type": "vehicle.volkswagen.t2",
         "actor_id": 219,
         "actor_location": {
            "x": 189.5914764404297,
            "y": 267.4013366699219,
            "z": 0.20702269673347473
         },
         "actor_rotation": {
            "roll": 0.0041560581885278225,
            "pitch": 0.11377045512199402,
            "yaw": 90.08186340332031
         },
         "actor_bbox_ext": {
            "x": 2.2595229148864746,
            "y": 1.0383671522140503,
            "z": 1.0132241249084473
         }
      },
      {
         "actor_type": "vehicle.nissan.micra",
         "actor_id": 220,
         "actor_location": {
            "x": 193.88214111328125,
            "y": 274.90704345703125,
            "z": 0.20694048702716827
         },
         "actor_rotation": {
            "roll": -0.000762942829169333,
            "pitch": -0.1551135927438736,
            "yaw": -89.98534393310547
         },
         "actor_bbox_ext": {
            "x": 1.8344237804412842,
            "y": 0.9280761480331421,
            "z": 0.7616068720817566
         }
      },
      {
         "actor_type": "vehicle.ford.mustang",
         "actor_id": 221,
         "actor_location": {
            "x": 177.6808319091797,
            "y": 302.5143127441406,
            "z": 0.21572382748126984
         },
         "actor_rotation": {
            "roll": -0.1347351223230362,
            "pitch": -0.05358966067433357,
            "yaw": 178.0205078125
         },
         "actor_bbox_ext": {
            "x": 2.3399999141693115,
            "y": 0.9399999976158142,
            "z": 0.6499999761581421
         }
      },
      {
         "actor_type": "vehicle.volkswagen.t2",
         "actor_id": 222,
         "actor_location": {
            "x": 193.8016357421875,
            "y": 206.28460693359375,
            "z": 0.22243785858154297
         },
         "actor_rotation": {
            "roll": 0.02026408351957798,
            "pitch": -1.3578824996948242,
            "yaw": -90.0805892944336
         },
         "actor_bbox_ext": {
            "x": 2.2595229148864746,
            "y": 1.0383671522140503,
            "z": 1.0132241249084473
         }
      },
      {
         "actor_type": "vehicle.audi.a2",
         "actor_id": 223,
         "actor_location": {
            "x": 189.93215942382812,
            "y": 221.1085662841797,
            "z": 0.239374041557312
         },
         "actor_rotation": {
            "roll": 0.31486383080482483,
            "pitch": 0.05429317057132721,
            "yaw": 90.09666442871094
         },
         "actor_bbox_ext": {
            "x": 1.8593107461929321,
            "y": 0.8962239623069763,
            "z": 0.7677467465400696
         }
      },
      {
         "actor_type": "vehicle.audi.a2",
         "actor_id": 224,
         "actor_location": {
            "x": 193.77784729003906,
            "y": 154.952392578125,
            "z": 0.21012099087238312
         },
         "actor_rotation": {
            "roll": -0.0629577562212944,
            "pitch": 0.057701434940099716,
            "yaw": -90.00796508789062
         },
         "actor_bbox_ext": {
            "x": 1.8593107461929321,
            "y": 0.8962239623069763,
            "z": 0.7677467465400696
         }
      },
      {
         "actor_type": "vehicle.diamondback.century",
         "actor_id": 225,
         "actor_location": {
            "x": -7.522932052612305,
            "y": 260.3544616699219,
            "z": 0.20300021767616272
         },
         "actor_rotation": {
            "roll": 1.2673264393470163e-07,
            "pitch": -0.17935392260551453,