{
   "cam_type": "sensor.camera.rgb",
   "cam_id": 263,
   "cam_location": {
      "x": 189.91134643554688,
      "y": 165.8702850341797,
      "z": 2.165116786956787
   },
   "cam_rotation": {
      "roll": 0.4673498570919037,
      "pitch": 0.32678353786468506,
      "yaw": 89.96195220947266
   },
   "img_name": "273.png",
   "img_width": 640,
   "img_height": 680,
   "img_fov": 100,
   "debug_info": [
      {
         "actor_type": "vehicle.carlamotors.carlacola",
         "actor_id": 212,
         "actor_location": {
            "x": -7.528804779052734,
            "y": 173.78509521484375,
            "z": 0.21520663797855377
         },
         "actor_rotation": {
            "roll": 0.00032199674751609564,
            "pitch": 0.2874826490879059,
            "yaw": 89.94188690185547
         },
         "actor_bbox_ext": {
            "x": 2.5996146202087402,
            "y": 1.3075095415115356,
            "z": 1.2384252548217773
         }
      },
      {
         "actor_type": "vehicle.harley-davidson.low rider",
         "actor_id": 213,
         "actor_location": {
            "x": -2.6520040035247803,
            "y": 304.26055908203125,
            "z": 0.19120000302791595
         },
         "actor_rotation": {
            "roll": -3.143646717071533,
            "pitch": -0.08798649162054062,
            "yaw": 39.904884338378906
         },
         "actor_bbox_ext": {
            "x": 1.175087809562683,
            "y": 0.3831165134906769,
            "z": 0.7318695783615112
         }
      },
      {
         "actor_type": "vehicle.seat.leon",
         "actor_id": 214,
         "actor_location": {
            "x": -3.282493829727173,
            "y": 208.2645263671875,
            "z": 0.2319500744342804
         },
         "actor_rotation": {
            "roll": 0.010373558849096298,
            "pitch": 0.7098000645637512,
            "yaw": -89.92089080810547
         },
         "actor_bbox_ext": {
            "x": 2.1039369106292725,
            "y": 0.9099326133728027,
            "z": 0.7347301244735718
         }
      },
      {
         "actor_type": "vehicle.tesla.model3",
         "actor_id": 215,
         "actor_location": {
            "x": -7.527677536010742,
            "y": 269.68621826171875,
            "z": 0.21767227351665497
         },
         "actor_rotation": {
            "roll": 8.981319115264341e-05,
            "pitch": 0.12398841977119446,
            "yaw": 89.99459838867188
         },
         "actor_bbox_ext": {
            "x": 2.452350616455078,
            "y": 1.0303291082382202,
            "z": 0.7391985058784485
         }
      },
      {
         "actor_type": "vehicle.mini.cooperst",
         "actor_id": 216,
         "actor_location": {
            "x": 25.460102081298828,
            "y": 109.55140686035156,
            "z": 0.26299482583999634
         },
         "actor_rotation": {
            "roll": -0.00018310546875,
            "pitch": -0.0841069445014,
            "yaw": 0.0022684817668050528
         },
         "actor_bbox_ext": {
            "x": 1.9010963439941406,
            "y": 0.9870172142982483,
            "z": 0.7375003099441528
         }
      },
      {
         "actor_type": "vehicle.bh.crossbike",
         "actor_id": 217,
         "actor_location": {
            "x": -7.5226569175720215,
            "y": 148.83876037597656,
            "z": 0.21863211691379547
         },
         "actor_rotation": {
            "roll": 0.010626028291881084,
            "pitch": -0.2596154808998108,
            "yaw": 90.00067138671875
         },
         "actor_bbox_ext": {
            "x": 0.7546613812446594,
            "y": 0.4329703152179718,
            "z": 0.7653154730796814
         }
      },
      {
         "actor_type": "vehicle.citroen.c3",
         "actor_id": 218,
         "actor_location": {
            "x": 193.77647399902344,
            "y": 254.7743377685547,
            "z": 0.2582845389842987
         },
         "actor_rotation": {
            "roll": 6.149834916868713e-06,
            "pitch": -6.147169915493578e-05,
            "yaw": -89.99251556396484
         },
         "actor_bbox_ext": {
            "x": 1.9876738786697388,
            "y": 0.931037425994873,
            "z": 0.8128864765167236
         }
      },
      {
         "actor_type": "vehicle.bmw.grandtourer",
         "actor_id": 219,
         "actor_location": {
            "x": 189.59835815429688,
            "y": 288.4195556640625,
            "z": 0.29248660802841187
         },
         "actor_rotation": {
            "roll": 6.670139551800958e-09,
            "pitch": 0.1804194301366806,
            "yaw": 89.99971008300781
         },
         "actor_bbox_ext": {
            "x": 2.3195438385009766,
            "y": 1.129660964012146,
            "z": 0.8390889763832092
         }
      },
      {
         "actor_type": "vehicle.bh.crossbike",
         "actor_id": 220,
         "actor_location": {
            "x": 193.8211212158203,
            "y": 266.89227294921875,
            "z": 0.21880142390727997
         },
         "actor_rotation": {
            "roll": 0.02028530463576317,
            "pitch": -0.15335139632225037,
            "yaw": -89.93840789794922
         },
         "actor_bbox_ext": {
            "x": 0.7546613812446594,
            "y": 0.4329703152179718,
            "z": 0.7653154730796814
         }
      },
      {
         "actor_type": "vehicle.bh.crossbike",
         "actor_id": 221,
         "actor_location": {
            "x": 168.99417114257812,
            "y": 302.13055419921875,
            "z": 0.21888163685798645
         },
         "actor_rotation": {
            "roll": -0.0004577636136673391,
            "pitch": -0.09017898142337799,
            "yaw": -179.9912872314453
         },
         "actor_bbox_ext": {
            "x": 0.7546613812446594,
            "y": 0.4329703152179718,
            "z": 0.7653154730796814
         }
      },
      {
         "actor_type": "vehicle.gazelle.omafiets",
         "actor_id": 222,
         "actor_location": {
            "x": 193.76744079589844,
            "y": 206.15286254882812,
            "z": 0.2064417004585266
         },
         "actor_rotation": {
            "roll": 4.689119305112399e-05,
            "pitch": 0.2193310260772705,
            "yaw": -90.01217651367188
         },
         "actor_bbox_ext": {
            "x": 0.9217206835746765,
            "y": 0.23374223709106445,
            "z": 0.7950369119644165
         }
      },
      {
         "actor_type": "vehicle.bmw.isetta",
         "actor_id": 223,
         "actor_location": {
            "x": 189.93618774414062,
            "y": 220.96994018554688,
            "z": 0.24770379066467285
         },
         "actor_rotation": {
            "roll": 0.501550018787384,
            "pitch": 0.9563493728637695,
            "yaw": 89.99434661865234
         },
         "actor_bbox_ext": {
            "x": 1.1012483835220337,
            "y": 0.7426624298095703,
            "z": 0.6732476949691772
         }
      },
      {
         "actor_type": "vehicle.gazelle.omafiets",
         "actor_id": 224,
         "actor_location": {
            "x": 193.76272583007812,
            "y": 129.2125701904297,
            "z": 0.20858414471149445
         },
         "actor_rotation": {
            "roll": 1.2326913747529034e-05,
            "pitch": 0.5451651811599731,
            "yaw": -90.0164794921875
         },
         "actor_bbox_ext": {
            "x": 0.9217206835746765,
            "y": 0.23374223709106445,
            "z": 0.7950369119644165
         }
      },
      {
         "actor_type": "vehicle.harley-davidson.low rider",
         "actor_id": 225,
         "actor_location": {
            "x": -7.525970935821533,
            "y": 282.9972839355469,
            "z": 0.1904410570859909
         },
         "actor_rotation": {
            "roll": 5.402809506449557e-07,
            "pitch": -0.16790653765201569,