{
   "cam_type": "sensor.camera.rgb",
   "cam_id": 263,
   "cam_location": {
      "x": 190.23092651367188,
      "y": 168.14486694335938,
      "z": 3.3279075622558594
   },
   "cam_rotation": {
      "roll": 0.01759462058544159,
      "pitch": -0.00027320755179971457,
      "yaw": 90.00013732910156
   },
   "img_name": "276.png",
   "img_width": 640,
   "img_height": 680,
   "img_fov": 100,
   "debug_info": [
      {
         "actor_type": "vehicle.nissan.patrol",
         "actor_id": 212,
         "actor_location": {
            "x": -7.518853664398193,
            "y": 172.7964630126953,
            "z": 0.23071998357772827
         },
         "actor_rotation": {
            "roll": 5.94389894104097e-06,
            "pitch": 0.019889509305357933,
            "yaw": 90.24545288085938
         },
         "actor_bbox_ext": {
            "x": 2.259999990463257,
            "y": 0.9599999785423279,
            "z": 0.9435654878616333
         }
      },
      {
         "actor_type": "vehicle.carlamotors.carlacola",
         "actor_id": 213,
         "actor_location": {
            "x": 26.588653564453125,
            "y": 306.72564697265625,
            "z": 0.21480560302734375
         },
         "actor_rotation": {
            "roll": -0.002166748046875,
            "pitch": 0.2875168025493622,
            "yaw": -0.02215575985610485
         },
         "actor_bbox_ext": {
            "x": 2.5996146202087402,
            "y": 1.3075095415115356,
            "z": 1.2384252548217773
         }
      },
      {
         "actor_type": "vehicle.nissan.patrol",
         "actor_id": 214,
         "actor_location": {
            "x": -3.322312593460083,
            "y": 207.55386352539062,
            "z": 0.25608906149864197
         },
         "actor_rotation": {
            "roll": 0.4069269299507141,
            "pitch": 0.3463178873062134,
            "yaw": -89.99649047851562
         },
         "actor_bbox_ext": {
            "x": 2.259999990463257,
            "y": 0.9599999785423279,
            "z": 0.9435654878616333
         }
      },
      {
         "actor_type": "vehicle.nissan.micra",
         "actor_id": 215,
         "actor_location": {
            "x": -5.333444595336914,
            "y": 301.6665344238281,
            "z": 0.20706401765346527
         },
         "actor_rotation": {
            "roll": -0.1762695014476776,
            "pitch": -0.15243615210056305,
            "yaw": 60.28416061401367
         },
         "actor_bbox_ext": {
            "x": 1.8344237804412842,
            "y": 0.9280761480331421,
            "z": 0.7616068720817566
         }
      },
      {
         "actor_type": "vehicle.yamaha.yzf",
         "actor_id": 216,
         "actor_location": {
            "x": 105.81114196777344,
            "y": 109.551513671875,
            "z": 0.1760847270488739
         },
         "actor_rotation": {
            "roll": 2.328860318812076e-05,
            "pitch": -1.0007319450378418,
            "yaw": 0.00023200534633360803
         },
         "actor_bbox_ext": {
            "x": 1.0953842401504517,
            "y": 0.3831165134906769,
            "z": 0.8172529339790344
         }
      },
      {
         "actor_type": "vehicle.diamondback.century",
         "actor_id": 217,
         "actor_location": {
            "x": -7.526430606842041,
            "y": 166.7166748046875,
            "z": 0.2010529637336731
         },
         "actor_rotation": {
            "roll": 0.00018116743012797087,
            "pitch": -0.5163280963897705,
            "yaw": 89.9979476928711
         },
         "actor_bbox_ext": {
            "x": 0.8281218409538269,
            "y": 0.21070940792560577,
            "z": 0.746755838394165
         }
      },
      {
         "actor_type": "vehicle.citroen.c3",
         "actor_id": 218,
         "actor_location": {
            "x": 193.7776641845703,
            "y": 254.88612365722656,
            "z": 0.2582830488681793
         },
         "actor_rotation": {
            "roll": 6.805228622397408e-06,
            "pitch": -3.415094397496432e-05,
            "yaw": -90.0418701171875
         },
         "actor_bbox_ext": {
            "x": 1.9876738786697388,
            "y": 0.931037425994873,
            "z": 0.8128864765167236
         }
      },
      {
         "actor_type": "vehicle.bmw.isetta",
         "actor_id": 219,
         "actor_location": {
            "x": 188.69528198242188,
            "y": 298.3565979003906,
            "z": 0.22268131375312805
         },
         "actor_rotation": {
            "roll": -0.656219482421875,
            "pitch": 0.31539762020111084,
            "yaw": 110.81759643554688
         },
         "actor_bbox_ext": {
            "x": 1.1012483835220337,
            "y": 0.7426624298095703,
            "z": 0.6732476949691772
         }
      },
      {
         "actor_type": "vehicle.mercedes-benz.coupe",
         "actor_id": 220,
         "actor_location": {
            "x": 193.82138061523438,
            "y": 261.7095947265625,
            "z": 0.34892934560775757
         },
         "actor_rotation": {
            "roll": -0.011413578875362873,
            "pitch": 0.40117114782333374,
            "yaw": -90.20812225341797
         },
         "actor_bbox_ext": {
            "x": 2.521892547607422,
            "y": 1.0814987421035767,
            "z": 0.820067286491394
         }
      },
      {
         "actor_type": "vehicle.kawasaki.ninja",
         "actor_id": 221,
         "actor_location": {
            "x": 102.09069061279297,
            "y": 302.5523681640625,
            "z": 0.21692992746829987
         },
         "actor_rotation": {
            "roll": -9.155274165095761e-05,
            "pitch": -0.6106871962547302,
            "yaw": 179.99893188476562
         },
         "actor_bbox_ext": {
            "x": 1.021842122077942,
            "y": 0.3984561562538147,
            "z": 0.687301516532898
         }
      },
      {
         "actor_type": "vehicle.nissan.patrol",
         "actor_id": 222,
         "actor_location": {
            "x": 193.7692108154297,
            "y": 205.98585510253906,
            "z": 0.23072108626365662
         },
         "actor_rotation": {
            "roll": 6.591732926608529e-06,
            "pitch": 0.019869018346071243,
            "yaw": -89.74533081054688
         },
         "actor_bbox_ext": {
            "x": 2.259999990463257,
            "y": 0.9599999785423279,
            "z": 0.9435654878616333
         }
      },
      {
         "actor_type": "vehicle.dodge_charger.police",
         "actor_id": 223,
         "actor_location": {
            "x": 189.92974853515625,
            "y": 221.72360229492188,
            "z": 0.22659794986248016
         },
         "actor_rotation": {
            "roll": 0.35892266035079956,
            "pitch": 0.4558331370353699,
            "yaw": 89.84205627441406
         },
         "actor_bbox_ext": {
            "x": 2.4965829849243164,
            "y": 1.0679636001586914,
            "z": 0.7898477911949158
         }
      },
      {
         "actor_type": "vehicle.audi.etron",
         "actor_id": 224,
         "actor_location": {
            "x": 184.06130981445312,
            "y": 106.38481140136719,
            "z": 0.1722058802843094
         },
         "actor_rotation": {
            "roll": 0.059140395373106,
            "pitch": -0.0007649811450392008,
            "yaw": -163.56207275390625
         },
         "actor_bbox_ext": {
            "x": 2.4270286560058594,
            "y": 1.0045700073242188,
            "z": 0.8343994617462158
         }
      },
      {
         "actor_type": "vehicle.kawasaki.ninja",
         "actor_id": 225,
         "actor_location": {
            "x": 5.966094017028809,
            "y": 306.5398254394531,
            "z": 0.22292077541351318
         },
         "actor_rotation": {
            "roll": -2.496948719024658,
            "pitch": 0.15938928723335266,