{
   "cam_type": "sensor.camera.rgb",
   "cam_id": 265,
   "cam_location": {
      "x": 190.25299072265625,
      "y": 167.79844665527344,
      "z": 1.205615520477295
   },
   "cam_rotation": {
      "roll": 0.017005300149321556,
      "pitch": -0.00033467926550656557,
      "yaw": 90.17023468017578
   },
   "img_name": "280.png",
   "img_width": 640,
   "img_height": 680,
   "img_fov": 100,
   "debug_info": [
      {
         "actor_type": "vehicle.diamondback.century",
         "actor_id": 212,
         "actor_location": {
            "x": -7.522261142730713,
            "y": 173.40611267089844,
            "z": 0.2022264003753662
         },
         "actor_rotation": {
            "roll": -0.0001525876286905259,
            "pitch": -0.3126519024372101,
            "yaw": 89.98950958251953
         },
         "actor_bbox_ext": {
            "x": 0.8281218409538269,
            "y": 0.21070940792560577,
            "z": 0.746755838394165
         }
      },
      {
         "actor_type": "vehicle.nissan.patrol",
         "actor_id": 213,
         "actor_location": {
            "x": 13.347631454467773,
            "y": 306.71234130859375,
            "z": 0.23122210800647736
         },
         "actor_rotation": {
            "roll": 0.0012356402585282922,
            "pitch": 0.016330981627106667,
            "yaw": 0.37708091735839844
         },
         "actor_bbox_ext": {
            "x": 2.259999990463257,
            "y": 0.9599999785423279,
            "z": 0.9435654878616333
         }
      },
      {
         "actor_type": "vehicle.nissan.patrol",
         "actor_id": 214,
         "actor_location": {
            "x": -3.3090312480926514,
            "y": 207.52882385253906,
            "z": 0.25608596205711365
         },
         "actor_rotation": {
            "roll": 0.40690356492996216,
            "pitch": 0.34612664580345154,
            "yaw": -89.76644134521484
         },
         "actor_bbox_ext": {
            "x": 2.259999990463257,
            "y": 0.9599999785423279,
            "z": 0.9435654878616333
         }
      },
      {
         "actor_type": "vehicle.volkswagen.t2",
         "actor_id": 215,
         "actor_location": {
            "x": -7.531033039093018,
            "y": 270.60382080078125,
            "z": 0.20815807580947876
         },
         "actor_rotation": {
            "roll": -3.051824023714289e-05,
            "pitch": 0.024759434163570404,
            "yaw": 90.00869750976562
         },
         "actor_bbox_ext": {
            "x": 2.2595229148864746,
            "y": 1.0383671522140503,
            "z": 1.0132241249084473
         }
      },
      {
         "actor_type": "vehicle.dodge_charger.police",
         "actor_id": 216,
         "actor_location": {
            "x": 50.31794738769531,
            "y": 109.55158233642578,
            "z": 0.20266121625900269
         },
         "actor_rotation": {
            "roll": 0.00015443326265085489,
            "pitch": 0.03894573822617531,
            "yaw": 0.0005195880075916648
         },
         "actor_bbox_ext": {
            "x": 2.4965829849243164,
            "y": 1.0679636001586914,
            "z": 0.7898477911949158
         }
      },
      {
         "actor_type": "vehicle.audi.etron",
         "actor_id": 217,
         "actor_location": {
            "x": -7.5212531089782715,
            "y": 166.54110717773438,
            "z": 0.17205578088760376
         },
         "actor_rotation": {
            "roll": -0.0006713879993185401,
            "pitch": -0.03152132034301758,
            "yaw": 90.05001068115234
         },
         "actor_bbox_ext": {
            "x": 2.4270286560058594,
            "y": 1.0045700073242188,
            "z": 0.8343994617462158
         }
      },
      {
         "actor_type": "vehicle.bmw.isetta",
         "actor_id": 218,
         "actor_location": {
            "x": 193.77366638183594,
            "y": 256.1897277832031,
            "z": 0.222159743309021
         },
         "actor_rotation": {
            "roll": 7.310557975870324e-06,
            "pitch": 0.3296590745449066,
            "yaw": -90.01689910888672
         },
         "actor_bbox_ext": {
            "x": 1.1012483835220337,
            "y": 0.7426624298095703,
            "z": 0.6732476949691772
         }
      },
      {
         "actor_type": "vehicle.diamondback.century",
         "actor_id": 219,
         "actor_location": {
            "x": 189.93063354492188,
            "y": 290.56072998046875,
            "z": 0.20361270010471344
         },
         "actor_rotation": {
            "roll": 0.0,
            "pitch": -0.15673917531967163,
            "yaw": 89.99452209472656
         },
         "actor_bbox_ext": {
            "x": 0.8281218409538269,
            "y": 0.21070940792560577,
            "z": 0.746755838394165
         }
      },
      {
         "actor_type": "vehicle.harley-davidson.low rider",
         "actor_id": 220,
         "actor_location": {
            "x": 193.82131958007812,
            "y": 261.2576599121094,
            "z": 0.18993480503559113
         },
         "actor_rotation": {
            "roll": 4.1621647142164875e-06,
            "pitch": -0.17062494158744812,
            "yaw": -89.9973373413086
         },
         "actor_bbox_ext": {
            "x": 1.175087809562683,
            "y": 0.3831165134906769,
            "z": 0.7318695783615112
         }
      },
      {
         "actor_type": "vehicle.toyota.prius",
         "actor_id": 221,
         "actor_location": {
            "x": 140.87319946289062,
            "y": 302.5518798828125,
            "z": 0.2536586821079254
         },
         "actor_rotation": {
            "roll": -0.000762939453125,
            "pitch": 0.24173404276371002,
            "yaw": -179.99362182617188
         },
         "actor_bbox_ext": {
            "x": 2.2691667079925537,
            "y": 1.0005652904510498,
            "z": 0.7686808109283447
         }
      },
      {
         "actor_type": "vehicle.volkswagen.t2",
         "actor_id": 222,
         "actor_location": {
            "x": 193.81570434570312,
            "y": 206.52127075195312,
            "z": 0.20787334442138672
         },
         "actor_rotation": {
            "roll": 0.0,
            "pitch": -0.007144377566874027,
            "yaw": -90.0883560180664
         },
         "actor_bbox_ext": {
            "x": 2.2595229148864746,
            "y": 1.0383671522140503,
            "z": 1.0132241249084473
         }
      },
      {
         "actor_type": "vehicle.audi.tt",
         "actor_id": 223,
         "actor_location": {
            "x": 189.931396484375,
            "y": 222.0092315673828,
            "z": 0.24126987159252167
         },
         "actor_rotation": {
            "roll": 0.22326546907424927,
            "pitch": 0.2293304204940796,
            "yaw": 89.92147064208984
         },
         "actor_bbox_ext": {
            "x": 2.1102468967437744,
            "y": 1.0045700073242188,
            "z": 0.695303738117218
         }
      },
      {
         "actor_type": "vehicle.nissan.micra",
         "actor_id": 224,
         "actor_location": {
            "x": 185.16012573242188,
            "y": 106.54617309570312,
            "z": 0.20725935697555542
         },
         "actor_rotation": {
            "roll": -0.09475705772638321,
            "pitch": -0.17941540479660034,
            "yaw": -161.82208251953125
         },
         "actor_bbox_ext": {
            "x": 1.8344237804412842,
            "y": 0.9280761480331421,
            "z": 0.7616068720817566
         }
      },
      {
         "actor_type": "vehicle.bmw.isetta",
         "actor_id": 225,
         "actor_location": {
            "x": -7.523740768432617,
            "y": 280.79071044921875,
            "z": 0.22260192036628723
         },
         "actor_rotation": {
            "roll": 1.446104306523921e-05,
            "pitch": 0.33782798051834106,