{
   "cam_type": "sensor.camera.rgb",
   "cam_id": 265,
   "cam_location": {
      "x": 189.8944854736328,
      "y": 166.34262084960938,
      "z": 2.996995210647583
   },
   "cam_rotation": {
      "roll": 0.6441895961761475,
      "pitch": 0.4656412899494171,
      "yaw": 89.93467712402344
   },
   "img_name": "283.png",
   "img_width": 640,
   "img_height": 680,
   "img_fov": 100,
   "debug_info": [
      {
         "actor_type": "vehicle.bmw.isetta",
         "actor_id": 212,
         "actor_location": {
            "x": -7.527491092681885,
            "y": 172.98297119140625,
            "z": 0.22215765714645386
         },
         "actor_rotation": {
            "roll": 7.257196102727903e-06,
            "pitch": 0.33016449213027954,
            "yaw": 89.95244598388672
         },
         "actor_bbox_ext": {
            "x": 1.1012483835220337,
            "y": 0.7426624298095703,
            "z": 0.6732476949691772
         }
      },
      {
         "actor_type": "vehicle.mini.cooperst",
         "actor_id": 213,
         "actor_location": {
            "x": 26.70751190185547,
            "y": 306.7213439941406,
            "z": 0.2617267370223999
         },
         "actor_rotation": {
            "roll": -3.0517569030052982e-05,
            "pitch": 0.07164184749126434,
            "yaw": -0.05764768645167351
         },
         "actor_bbox_ext": {
            "x": 1.9010963439941406,
            "y": 0.9870172142982483,
            "z": 0.7375003099441528
         }
      },
      {
         "actor_type": "vehicle.tesla.model3",
         "actor_id": 214,
         "actor_location": {
            "x": -3.26186466217041,
            "y": 207.54519653320312,
            "z": 0.2418789565563202
         },
         "actor_rotation": {
            "roll": 0.6420895457267761,
            "pitch": 0.4644528329372406,
            "yaw": -89.9158935546875
         },
         "actor_bbox_ext": {
            "x": 2.452350616455078,
            "y": 1.0303291082382202,
            "z": 0.7391985058784485
         }
      },
      {
         "actor_type": "vehicle.citroen.c3",
         "actor_id": 215,
         "actor_location": {
            "x": -4.662445068359375,
            "y": 302.36041259765625,
            "z": 0.2587634325027466
         },
         "actor_rotation": {
            "roll": 0.333732932806015,
            "pitch": 0.0016529057174921036,
            "yaw": 54.66506576538086
         },
         "actor_bbox_ext": {
            "x": 1.9876738786697388,
            "y": 0.931037425994873,
            "z": 0.8128864765167236
         }
      },
      {
         "actor_type": "vehicle.kawasaki.ninja",
         "actor_id": 216,
         "actor_location": {
            "x": 114.15290832519531,
            "y": 109.5514907836914,
            "z": 0.23043635487556458
         },
         "actor_rotation": {
            "roll": 0.0006183966179378331,
            "pitch": 1.144302487373352,
            "yaw": 0.0005950271151959896
         },
         "actor_bbox_ext": {
            "x": 1.021842122077942,
            "y": 0.3984561562538147,
            "z": 0.687301516532898
         }
      },
      {
         "actor_type": "vehicle.bmw.grandtourer",
         "actor_id": 217,
         "actor_location": {
            "x": -7.523906230926514,
            "y": 166.9410858154297,
            "z": 0.2940257489681244
         },
         "actor_rotation": {
            "roll": 2.412793719486217e-06,
            "pitch": -0.00033467926550656557,
            "yaw": 90.3144760131836
         },
         "actor_bbox_ext": {
            "x": 2.3195438385009766,
            "y": 1.129660964012146,
            "z": 0.8390889763832092
         }
      },
      {
         "actor_type": "vehicle.citroen.c3",
         "actor_id": 218,
         "actor_location": {
            "x": 193.7763671875,
            "y": 254.72952270507812,
            "z": 0.25828298926353455
         },
         "actor_rotation": {
            "roll": 6.943730568309547e-06,
            "pitch": -9.56226431299001e-05,
            "yaw": -90.00665283203125
         },
         "actor_bbox_ext": {
            "x": 1.9876738786697388,
            "y": 0.931037425994873,
            "z": 0.8128864765167236
         }
      },
      {
         "actor_type": "vehicle.nissan.patrol",
         "actor_id": 219,
         "actor_location": {
            "x": 170.86134338378906,
            "y": 302.5519714355469,
            "z": 0.2317400723695755
         },
         "actor_rotation": {
            "roll": -0.0003662108792923391,
            "pitch": -0.008483094163239002,
            "yaw": 179.9392547607422
         },
         "actor_bbox_ext": {
            "x": 2.259999990463257,
            "y": 0.9599999785423279,
            "z": 0.9435654878616333
         }
      },
      {
         "actor_type": "vehicle.seat.leon",
         "actor_id": 220,
         "actor_location": {
            "x": 193.82281494140625,
            "y": 261.4093933105469,
            "z": 0.2144891619682312
         },
         "actor_rotation": {
            "roll": -3.0517576306010596e-05,
            "pitch": -6.147169915493578e-05,
            "yaw": -90.03380584716797
         },
         "actor_bbox_ext": {
            "x": 2.1039369106292725,
            "y": 0.9099326133728027,
            "z": 0.7347301244735718
         }
      },
      {
         "actor_type": "vehicle.jeep.wrangler_rubicon",
         "actor_id": 221,
         "actor_location": {
            "x": 105.8080825805664,
            "y": 302.5500793457031,
            "z": 0.22634482383728027
         },
         "actor_rotation": {
            "roll": -0.004791259765625,
            "pitch": 0.023782717064023018,
            "yaw": -179.99415588378906
         },
         "actor_bbox_ext": {
            "x": 1.9340534210205078,
            "y": 0.953285276889801,
            "z": 0.9399999976158142
         }
      },
      {
         "actor_type": "vehicle.bmw.isetta",
         "actor_id": 222,
         "actor_location": {
            "x": 193.77723693847656,
            "y": 206.5496826171875,
            "z": 0.22215919196605682
         },
         "actor_rotation": {
            "roll": 7.670749255339615e-06,
            "pitch": 0.3296590745449066,
            "yaw": -90.01699829101562
         },
         "actor_bbox_ext": {
            "x": 1.1012483835220337,
            "y": 0.7426624298095703,
            "z": 0.6732476949691772
         }
      },
      {
         "actor_type": "vehicle.citroen.c3",
         "actor_id": 223,
         "actor_location": {
            "x": 189.9286346435547,
            "y": 221.847900390625,
            "z": 0.2840437591075897
         },
         "actor_rotation": {
            "roll": 0.39999932050704956,
            "pitch": 0.36161068081855774,
            "yaw": 89.86924743652344
         },
         "actor_bbox_ext": {
            "x": 1.9876738786697388,
            "y": 0.931037425994873,
            "z": 0.8128864765167236
         }
      },
      {
         "actor_type": "vehicle.jeep.wrangler_rubicon",
         "actor_id": 224,
         "actor_location": {
            "x": 188.5003662109375,
            "y": 107.816650390625,
            "z": 0.22625556588172913
         },
         "actor_rotation": {
            "roll": -0.10302732139825821,
            "pitch": 0.03594045341014862,
            "yaw": -141.45465087890625
         },
         "actor_bbox_ext": {
            "x": 1.9340534210205078,
            "y": 0.953285276889801,
            "z": 0.9399999976158142
         }
      },
      {
         "actor_type": "vehicle.gazelle.omafiets",
         "actor_id": 225,
         "actor_location": {
            "x": 4.623574733734131,
            "y": 306.3301086425781,
            "z": 0.20341195166110992
         },
         "actor_rotation": {
            "roll": -3.142425775527954,
            "pitch": -0.35867369174957275,