{
   "cam_type": "sensor.camera.rgb",
   "cam_id": 261,
   "cam_location": {
      "x": 189.92494201660156,
      "y": 168.10595703125,
      "z": 0.28958091139793396
   },
   "cam_rotation": {
      "roll": 0.017174873501062393,
      "pitch": -0.00018441509746480733,
      "yaw": 89.93963623046875
   },
   "img_name": "290.png",
   "img_width": 640,
   "img_height": 680,
   "img_fov": 100,
   "debug_info": [
      {
         "actor_type": "vehicle.bmw.isetta",
         "actor_id": 212,
         "actor_location": {
            "x": -7.526249885559082,
            "y": 159.67929077148438,
            "z": 0.22214187681674957
         },
         "actor_rotation": {
            "roll": 7.363922577496851e-06,
            "pitch": 0.3341328501701355,
            "yaw": 89.99451446533203
         },
         "actor_bbox_ext": {
            "x": 1.1012483835220337,
            "y": 0.7426624298095703,
            "z": 0.6732476949691772
         }
      },
      {
         "actor_type": "vehicle.chevrolet.impala",
         "actor_id": 213,
         "actor_location": {
            "x": -0.12928909063339233,
            "y": 305.3015441894531,
            "z": 0.17112350463867188
         },
         "actor_rotation": {
            "roll": 0.6517409086227417,
            "pitch": 0.14322222769260406,
            "yaw": 23.621097564697266
         },
         "actor_bbox_ext": {
            "x": 2.684596538543701,
            "y": 1.026368260383606,
            "z": 0.7075497508049011
         }
      },
      {
         "actor_type": "vehicle.dodge_charger.police",
         "actor_id": 214,
         "actor_location": {
            "x": -3.2147457599639893,
            "y": 207.73300170898438,
            "z": 0.21815292537212372
         },
         "actor_rotation": {
            "roll": 0.011568124406039715,
            "pitch": 0.7779380083084106,
            "yaw": -90.05333709716797
         },
         "actor_bbox_ext": {
            "x": 2.4965829849243164,
            "y": 1.0679636001586914,
            "z": 0.7898477911949158
         }
      },
      {
         "actor_type": "vehicle.gazelle.omafiets",
         "actor_id": 215,
         "actor_location": {
            "x": -7.521364688873291,
            "y": 262.3968811035156,
            "z": 0.19852033257484436
         },
         "actor_rotation": {
            "roll": -3.052410465897992e-05,
            "pitch": -0.6041233539581299,
            "yaw": 89.9944839477539
         },
         "actor_bbox_ext": {
            "x": 0.9217206835746765,
            "y": 0.23374223709106445,
            "z": 0.7950369119644165
         }
      },
      {
         "actor_type": "vehicle.kawasaki.ninja",
         "actor_id": 216,
         "actor_location": {
            "x": 24.764753341674805,
            "y": 109.55147552490234,
            "z": 0.21662293374538422
         },
         "actor_rotation": {
            "roll": -3.0517576306010596e-05,
            "pitch": -0.6569821834564209,
            "yaw": 0.0007320786826312542
         },
         "actor_bbox_ext": {
            "x": 1.021842122077942,
            "y": 0.3984561562538147,
            "z": 0.687301516532898
         }
      },
      {
         "actor_type": "vehicle.lincoln.mkz2017",
         "actor_id": 217,
         "actor_location": {
            "x": -7.528079032897949,
            "y": 150.95376586914062,
            "z": 0.21063901484012604
         },
         "actor_rotation": {
            "roll": 5.548207263927907e-05,
            "pitch": -0.12362641841173172,
            "yaw": 89.99482727050781
         },
         "actor_bbox_ext": {
            "x": 2.4543750286102295,
            "y": 1.056093692779541,
            "z": 0.7615917921066284
         }
      },
      {
         "actor_type": "vehicle.chevrolet.impala",
         "actor_id": 218,
         "actor_location": {
            "x": 193.80430603027344,
            "y": 256.2740478515625,
            "z": 0.1721312701702118
         },
         "actor_rotation": {
            "roll": 0.0001336080313194543,
            "pitch": 0.0007103396346792579,
            "yaw": -89.89492797851562
         },
         "actor_bbox_ext": {
            "x": 2.684596538543701,
            "y": 1.026368260383606,
            "z": 0.7075497508049011
         }
      },
      {
         "actor_type": "vehicle.volkswagen.t2",
         "actor_id": 219,
         "actor_location": {
            "x": 189.5889434814453,
            "y": 287.7760314941406,
            "z": 0.21136672794818878
         },
         "actor_rotation": {
            "roll": 0.004701987840235233,
            "pitch": -0.28145840764045715,
            "yaw": 89.95997619628906
         },
         "actor_bbox_ext": {
            "x": 2.2595229148864746,
            "y": 1.0383671522140503,
            "z": 1.0132241249084473
         }
      },
      {
         "actor_type": "vehicle.nissan.micra",
         "actor_id": 220,
         "actor_location": {
            "x": 193.8815155029297,
            "y": 263.4130859375,
            "z": 0.20607402920722961
         },
         "actor_rotation": {
            "roll": -0.00100708135869354,
            "pitch": -0.11550532281398773,
            "yaw": -89.76129150390625
         },
         "actor_bbox_ext": {
            "x": 1.8344237804412842,
            "y": 0.9280761480331421,
            "z": 0.7616068720817566
         }
      },
      {
         "actor_type": "vehicle.ford.mustang",
         "actor_id": 221,
         "actor_location": {
            "x": 162.01405334472656,
            "y": 302.552490234375,
            "z": 0.2146379053592682
         },
         "actor_rotation": {
            "roll": -0.0003051757230423391,
            "pitch": -0.07882720977067947,
            "yaw": -179.99815368652344
         },
         "actor_bbox_ext": {
            "x": 2.3399999141693115,
            "y": 0.9399999976158142,
            "z": 0.6499999761581421
         }
      },
      {
         "actor_type": "vehicle.volkswagen.t2",
         "actor_id": 222,
         "actor_location": {
            "x": 193.80178833007812,
            "y": 206.27574157714844,
            "z": 0.2078714668750763
         },
         "actor_rotation": {
            "roll": 0.0,
            "pitch": -0.006987283006310463,
            "yaw": -90.07974243164062
         },
         "actor_bbox_ext": {
            "x": 2.2595229148864746,
            "y": 1.0383671522140503,
            "z": 1.0132241249084473
         }
      },
      {
         "actor_type": "vehicle.audi.a2",
         "actor_id": 223,
         "actor_location": {
            "x": 189.93215942382812,
            "y": 221.11080932617188,
            "z": 0.235197976231575
         },
         "actor_rotation": {
            "roll": 0.3124094307422638,
            "pitch": 0.42489922046661377,
            "yaw": 90.09776306152344
         },
         "actor_bbox_ext": {
            "x": 1.8593107461929321,
            "y": 0.8962239623069763,
            "z": 0.7677467465400696
         }
      },
      {
         "actor_type": "vehicle.audi.a2",
         "actor_id": 224,
         "actor_location": {
            "x": 193.77281188964844,
            "y": 135.2970733642578,
            "z": 0.21574333310127258
         },
         "actor_rotation": {
            "roll": -0.06103512644767761,
            "pitch": -0.46395424008369446,
            "yaw": -90.03192138671875
         },
         "actor_bbox_ext": {
            "x": 1.8593107461929321,
            "y": 0.8962239623069763,
            "z": 0.7677467465400696
         }
      },
      {
         "actor_type": "vehicle.diamondback.century",
         "actor_id": 225,
         "actor_location": {
            "x": -7.52177095413208,
            "y": 272.5543212890625,
            "z": 0.20246894657611847
         },
         "actor_rotation": {
            "roll": 0.0,
            "pitch": -0.27221718430519104,
            "yaw": 89.9945297241211
         },