{
   "cam_type": "sensor.camera.rgb",
   "cam_id": 265,
   "cam_location": {
      "x": 189.92288208007812,
      "y": 166.5160675048828,
      "z": 1.2400555610656738
   },
   "cam_rotation": {
      "roll": 0.014089795760810375,
      "pitch": -0.1703244149684906,
      "yaw": 89.8311996459961
   },
   "img_name": "298.png",
   "img_width": 640,
   "img_height": 680,
   "img_fov": 100,
   "debug_info": [
      {
         "actor_type": "vehicle.kawasaki.ninja",
         "actor_id": 212,
         "actor_location": {
            "x": -7.519186973571777,
            "y": 176.83184814453125,
            "z": 0.21598465740680695
         },
         "actor_rotation": {
            "roll": -9.154926374321803e-05,
            "pitch": -0.7913525104522705,
            "yaw": 89.9944839477539
         },
         "actor_bbox_ext": {
            "x": 1.021842122077942,
            "y": 0.3984561562538147,
            "z": 0.687301516532898
         }
      },
      {
         "actor_type": "vehicle.tesla.model3",
         "actor_id": 213,
         "actor_location": {
            "x": 29.130775451660156,
            "y": 306.7229309082031,
            "z": 0.21424902975559235
         },
         "actor_rotation": {
            "roll": -0.003387451171875,
            "pitch": 0.6129889488220215,
            "yaw": -0.004821776878088713
         },
         "actor_bbox_ext": {
            "x": 2.452350616455078,
            "y": 1.0303291082382202,
            "z": 0.7391985058784485
         }
      },
      {
         "actor_type": "vehicle.chevrolet.impala",
         "actor_id": 214,
         "actor_location": {
            "x": -3.224201202392578,
            "y": 206.23167419433594,
            "z": 0.19649021327495575
         },
         "actor_rotation": {
            "roll": 0.46557897329330444,
            "pitch": 0.3254653215408325,
            "yaw": -90.00238037109375
         },
         "actor_bbox_ext": {
            "x": 2.684596538543701,
            "y": 1.026368260383606,
            "z": 0.7075497508049011
         }
      },
      {
         "actor_type": "vehicle.harley-davidson.low rider",
         "actor_id": 215,
         "actor_location": {
            "x": 4.676943302154541,
            "y": 306.36260986328125,
            "z": 0.19144636392593384
         },
         "actor_rotation": {
            "roll": -2.9878242015838623,
            "pitch": -0.05990075692534447,
            "yaw": 5.345406532287598
         },
         "actor_bbox_ext": {
            "x": 1.175087809562683,
            "y": 0.3831165134906769,
            "z": 0.7318695783615112
         }
      },
      {
         "actor_type": "vehicle.harley-davidson.low rider",
         "actor_id": 216,
         "actor_location": {
            "x": 154.3307647705078,
            "y": 109.55149841308594,
            "z": 0.18443183600902557
         },
         "actor_rotation": {
            "roll": -0.00018310548330191523,
            "pitch": -0.5963096618652344,
            "yaw": 0.0003103549825027585
         },
         "actor_bbox_ext": {
            "x": 1.175087809562683,
            "y": 0.3831165134906769,
            "z": 0.7318695783615112
         }
      },
      {
         "actor_type": "vehicle.ford.mustang",
         "actor_id": 217,
         "actor_location": {
            "x": -7.517751693725586,
            "y": 166.9961700439453,
            "z": 0.21126167476177216
         },
         "actor_rotation": {
            "roll": 0.0019146106205880642,
            "pitch": 0.2831796407699585,
            "yaw": 90.09053802490234
         },
         "actor_bbox_ext": {
            "x": 2.3399999141693115,
            "y": 0.9399999976158142,
            "z": 0.6499999761581421
         }
      },
      {
         "actor_type": "vehicle.seat.leon",
         "actor_id": 218,
         "actor_location": {
            "x": 193.7747802734375,
            "y": 253.1421356201172,
            "z": 0.21416838467121124
         },
         "actor_rotation": {
            "roll": -0.002410879358649254,
            "pitch": 0.2498619705438614,
            "yaw": -90.05889129638672
         },
         "actor_bbox_ext": {
            "x": 2.1039369106292725,
            "y": 0.9099326133728027,
            "z": 0.7347301244735718
         }
      },
      {
         "actor_type": "vehicle.lincoln.mkz2017",
         "actor_id": 219,
         "actor_location": {
            "x": 154.63302612304688,
            "y": 302.5527648925781,
            "z": 0.2106437236070633
         },
         "actor_rotation": {
            "roll": 2.0355566462005453e-13,
            "pitch": -0.07149841636419296,
            "yaw": -179.99612426757812
         },
         "actor_bbox_ext": {
            "x": 2.4543750286102295,
            "y": 1.056093692779541,
            "z": 0.7615917921066284
         }
      },
      {
         "actor_type": "vehicle.seat.leon",
         "actor_id": 220,
         "actor_location": {
            "x": 193.822998046875,
            "y": 262.3222961425781,
            "z": 0.21422474086284637
         },
         "actor_rotation": {
            "roll": 0.0008285611984319985,
            "pitch": 0.07231120765209198,
            "yaw": -89.9957046508789
         },
         "actor_bbox_ext": {
            "x": 2.1039369106292725,
            "y": 0.9099326133728027,
            "z": 0.7347301244735718
         }
      },
      {
         "actor_type": "vehicle.yamaha.yzf",
         "actor_id": 221,
         "actor_location": {
            "x": 70.7908935546875,
            "y": 302.5523681640625,
            "z": 0.24063266813755035
         },
         "actor_rotation": {
            "roll": 7.974246545927599e-05,
            "pitch": 5.826786041259766,
            "yaw": 179.99940490722656
         },
         "actor_bbox_ext": {
            "x": 1.0953842401504517,
            "y": 0.3831165134906769,
            "z": 0.8172529339790344
         }
      },
      {
         "actor_type": "vehicle.mercedes-benz.coupe",
         "actor_id": 222,
         "actor_location": {
            "x": 193.8386993408203,
            "y": 203.7674560546875,
            "z": 0.3504888415336609
         },
         "actor_rotation": {
            "roll": -0.005187987349927425,
            "pitch": 0.2396644949913025,
            "yaw": -89.97124481201172
         },
         "actor_bbox_ext": {
            "x": 2.521892547607422,
            "y": 1.0814987421035767,
            "z": 0.820067286491394
         }
      },
      {
         "actor_type": "vehicle.chevrolet.impala",
         "actor_id": 223,
         "actor_location": {
            "x": 189.9294891357422,
            "y": 220.15492248535156,
            "z": 0.1871148645877838
         },
         "actor_rotation": {
            "roll": 0.011585108004510403,
            "pitch": 0.6567294597625732,
            "yaw": 89.93245697021484
         },
         "actor_bbox_ext": {
            "x": 2.684596538543701,
            "y": 1.026368260383606,
            "z": 0.7075497508049011
         }
      },
      {
         "actor_type": "vehicle.bh.crossbike",
         "actor_id": 224,
         "actor_location": {
            "x": 192.08795166015625,
            "y": 111.50531005859375,
            "z": 0.21835269033908844
         },
         "actor_rotation": {
            "roll": -2.8432321548461914,
            "pitch": -0.29543980956077576,
            "yaw": -121.26480865478516
         },
         "actor_bbox_ext": {
            "x": 0.7546613812446594,
            "y": 0.4329703152179718,
            "z": 0.7653154730796814
         }
      },
      {
         "actor_type": "vehicle.citroen.c3",
         "actor_id": 225,
         "actor_location": {
            "x": 20.824256896972656,
            "y": 306.7194519042969,
            "z": 0.25817155838012695
         },
         "actor_rotation": {
            "roll": 8.500296098645777e-05,
            "pitch": 0.009616905823349953,