{
   "cam_type": "sensor.camera.rgb",
   "cam_id": 263,
   "cam_location": {
      "x": 189.91134643554688,
      "y": 165.8702850341797,
      "z": 2.16510272026062
   },
   "cam_rotation": {
      "roll": 0.46734508872032166,
      "pitch": 0.32691332697868347,
      "yaw": 89.96195220947266
   },
   "img_name": "299.png",
   "img_width": 640,
   "img_height": 680,
   "img_fov": 100,
   "debug_info": [
      {
         "actor_type": "vehicle.carlamotors.carlacola",
         "actor_id": 212,
         "actor_location": {
            "x": -7.52880859375,
            "y": 173.78282165527344,
            "z": 0.2179964780807495
         },
         "actor_rotation": {
            "roll": 8.376980986213312e-05,
            "pitch": 6.147169915493578e-05,
            "yaw": 89.94187927246094
         },
         "actor_bbox_ext": {
            "x": 2.5996146202087402,
            "y": 1.3075095415115356,
            "z": 1.2384252548217773
         }
      },
      {
         "actor_type": "vehicle.harley-davidson.low rider",
         "actor_id": 213,
         "actor_location": {
            "x": 11.997284889221191,
            "y": 306.713623046875,
            "z": 0.19202964007854462
         },
         "actor_rotation": {
            "roll": -0.3407287299633026,
            "pitch": 0.013715019449591637,
            "yaw": 0.4183095693588257
         },
         "actor_bbox_ext": {
            "x": 1.175087809562683,
            "y": 0.3831165134906769,
            "z": 0.7318695783615112
         }
      },
      {
         "actor_type": "vehicle.seat.leon",
         "actor_id": 214,
         "actor_location": {
            "x": -3.28249454498291,
            "y": 208.2645263671875,
            "z": 0.2319449931383133
         },
         "actor_rotation": {
            "roll": 0.010477622039616108,
            "pitch": 0.7106333374977112,
            "yaw": -89.9209213256836
         },
         "actor_bbox_ext": {
            "x": 2.1039369106292725,
            "y": 0.9099326133728027,
            "z": 0.7347301244735718
         }
      },
      {
         "actor_type": "vehicle.tesla.model3",
         "actor_id": 215,
         "actor_location": {
            "x": -7.526280403137207,
            "y": 284.537353515625,
            "z": 0.2175682783126831
         },
         "actor_rotation": {
            "roll": -0.0003051855892408639,
            "pitch": 0.18124589323997498,
            "yaw": 89.99595642089844
         },
         "actor_bbox_ext": {
            "x": 2.452350616455078,
            "y": 1.0303291082382202,
            "z": 0.7391985058784485
         }
      },
      {
         "actor_type": "vehicle.mini.cooperst",
         "actor_id": 216,
         "actor_location": {
            "x": 54.871952056884766,
            "y": 109.55149841308594,
            "z": 0.263887882232666
         },
         "actor_rotation": {
            "roll": -0.00054931640625,
            "pitch": -0.26180797815322876,
            "yaw": -0.0062255859375
         },
         "actor_bbox_ext": {
            "x": 1.9010963439941406,
            "y": 0.9870172142982483,
            "z": 0.7375003099441528
         }
      },
      {
         "actor_type": "vehicle.bh.crossbike",
         "actor_id": 217,
         "actor_location": {
            "x": -7.5119309425354,
            "y": 161.74745178222656,
            "z": 0.2192091941833496
         },
         "actor_rotation": {
            "roll": 0.26386669278144836,
            "pitch": -0.09293154627084732,
            "yaw": 91.15015411376953
         },
         "actor_bbox_ext": {
            "x": 0.7546613812446594,
            "y": 0.4329703152179718,
            "z": 0.7653154730796814
         }
      },
      {
         "actor_type": "vehicle.citroen.c3",
         "actor_id": 218,
         "actor_location": {
            "x": 193.77647399902344,
            "y": 254.7743377685547,
            "z": 0.2582826614379883
         },
         "actor_rotation": {
            "roll": 6.149834916868713e-06,
            "pitch": -6.147169915493578e-05,
            "yaw": -89.99251556396484
         },
         "actor_bbox_ext": {
            "x": 1.9876738786697388,
            "y": 0.931037425994873,
            "z": 0.8128864765167236
         }
      },
      {
         "actor_type": "vehicle.bmw.grandtourer",
         "actor_id": 219,
         "actor_location": {
            "x": 184.5015411376953,
            "y": 301.720703125,
            "z": 0.29612407088279724
         },
         "actor_rotation": {
            "roll": -1.1288145780563354,
            "pitch": -0.15188290178775787,
            "yaw": 151.6847381591797
         },
         "actor_bbox_ext": {
            "x": 2.3195438385009766,
            "y": 1.129660964012146,
            "z": 0.8390889763832092
         }
      },
      {
         "actor_type": "vehicle.bh.crossbike",
         "actor_id": 220,
         "actor_location": {
            "x": 193.82150268554688,
            "y": 260.3874816894531,
            "z": 0.220794215798378
         },
         "actor_rotation": {
            "roll": 0.0007900152122601867,
            "pitch": 0.41904574632644653,
            "yaw": -90.06658935546875
         },
         "actor_bbox_ext": {
            "x": 0.7546613812446594,
            "y": 0.4329703152179718,
            "z": 0.7653154730796814
         }
      },
      {
         "actor_type": "vehicle.bh.crossbike",
         "actor_id": 221,
         "actor_location": {
            "x": 156.8064422607422,
            "y": 302.12908935546875,
            "z": 0.21911700069904327
         },
         "actor_rotation": {
            "roll": 0.0030472860671579838,
            "pitch": -0.06216154992580414,
            "yaw": -179.9998016357422
         },
         "actor_bbox_ext": {
            "x": 0.7546613812446594,
            "y": 0.4329703152179718,
            "z": 0.7653154730796814
         }
      },
      {
         "actor_type": "vehicle.gazelle.omafiets",
         "actor_id": 222,
         "actor_location": {
            "x": 193.76744079589844,
            "y": 206.15286254882812,
            "z": 0.20644116401672363
         },
         "actor_rotation": {
            "roll": 4.689119305112399e-05,
            "pitch": 0.2193310260772705,
            "yaw": -90.01217651367188
         },
         "actor_bbox_ext": {
            "x": 0.9217206835746765,
            "y": 0.23374223709106445,
            "z": 0.7950369119644165
         }
      },
      {
         "actor_type": "vehicle.bmw.isetta",
         "actor_id": 223,
         "actor_location": {
            "x": 189.9359588623047,
            "y": 220.97003173828125,
            "z": 0.2483413815498352
         },
         "actor_rotation": {
            "roll": 0.40808287262916565,
            "pitch": 0.9736024141311646,
            "yaw": 89.99343872070312
         },
         "actor_bbox_ext": {
            "x": 1.1012483835220337,
            "y": 0.7426624298095703,
            "z": 0.6732476949691772
         }
      },
      {
         "actor_type": "vehicle.gazelle.omafiets",
         "actor_id": 224,
         "actor_location": {
            "x": 193.23348999023438,
            "y": 114.58616638183594,
            "z": 0.20741744339466095
         },
         "actor_rotation": {
            "roll": -4.9820876121521,
            "pitch": 0.308041512966156,
            "yaw": -104.35352325439453
         },
         "actor_bbox_ext": {
            "x": 0.9217206835746765,
            "y": 0.23374223709106445,
            "z": 0.7950369119644165
         }
      },
      {
         "actor_type": "vehicle.harley-davidson.low rider",
         "actor_id": 225,
         "actor_location": {
            "x": -7.042642593383789,
            "y": 297.81890869140625,
            "z": 0.18954147398471832
         },
         "actor_rotation": {
            "roll": -4.257234573364258,
            "pitch": -0.2718483507633209,