{
   "cam_type": "sensor.camera.rgb",
   "cam_id": 263,
   "cam_location": {
      "x": 190.23092651367188,
      "y": 168.14486694335938,
      "z": 3.3279082775115967
   },
   "cam_rotation": {
      "roll": 0.01759462058544159,
      "pitch": -0.00027320755179971457,
      "yaw": 90.00013732910156
   },
   "img_name": "303.png",
   "img_width": 640,
   "img_height": 680,
   "img_fov": 100,
   "debug_info": [
      {
         "actor_type": "vehicle.nissan.patrol",
         "actor_id": 212,
         "actor_location": {
            "x": -7.5220794677734375,
            "y": 175.5439453125,
            "z": 0.23050853610038757
         },
         "actor_rotation": {
            "roll": 0.0009258744539692998,
            "pitch": 0.047278568148612976,
            "yaw": 89.98640441894531
         },
         "actor_bbox_ext": {
            "x": 2.259999990463257,
            "y": 0.9599999785423279,
            "z": 0.9435654878616333
         }
      },
      {
         "actor_type": "vehicle.carlamotors.carlacola",
         "actor_id": 213,
         "actor_location": {
            "x": 29.560869216918945,
            "y": 306.7253723144531,
            "z": 0.22006255388259888
         },
         "actor_rotation": {
            "roll": 0.0018947637872770429,
            "pitch": -0.21392834186553955,
            "yaw": 0.0018831529887393117
         },
         "actor_bbox_ext": {
            "x": 2.5996146202087402,
            "y": 1.3075095415115356,
            "z": 1.2384252548217773
         }
      },
      {
         "actor_type": "vehicle.nissan.patrol",
         "actor_id": 214,
         "actor_location": {
            "x": -3.322312593460083,
            "y": 207.55386352539062,
            "z": 0.2560889720916748
         },
         "actor_rotation": {
            "roll": 0.4069269299507141,
            "pitch": 0.3463178873062134,
            "yaw": -89.99649047851562
         },
         "actor_bbox_ext": {
            "x": 2.259999990463257,
            "y": 0.9599999785423279,
            "z": 0.9435654878616333
         }
      },
      {
         "actor_type": "vehicle.nissan.micra",
         "actor_id": 215,
         "actor_location": {
            "x": 8.978364944458008,
            "y": 306.72149658203125,
            "z": 0.20692916214466095
         },
         "actor_rotation": {
            "roll": -0.01739501766860485,
            "pitch": -0.15249761939048767,
            "yaw": 2.1110520362854004
         },
         "actor_bbox_ext": {
            "x": 1.8344237804412842,
            "y": 0.9280761480331421,
            "z": 0.7616068720817566
         }
      },
      {
         "actor_type": "vehicle.yamaha.yzf",
         "actor_id": 216,
         "actor_location": {
            "x": 157.18829345703125,
            "y": 109.551513671875,
            "z": 0.17076930403709412
         },
         "actor_rotation": {
            "roll": 0.0002319102204637602,
            "pitch": -1.4157341718673706,
            "yaw": 0.00014670372183900326
         },
         "actor_bbox_ext": {
            "x": 1.0953842401504517,
            "y": 0.3831165134906769,
            "z": 0.8172529339790344
         }
      },
      {
         "actor_type": "vehicle.diamondback.century",
         "actor_id": 217,
         "actor_location": {
            "x": -7.525949478149414,
            "y": 166.94674682617188,
            "z": 0.20251266658306122
         },
         "actor_rotation": {
            "roll": 0.0013149986043572426,
            "pitch": -0.2633037865161896,
            "yaw": 89.94283294677734
         },
         "actor_bbox_ext": {
            "x": 0.8281218409538269,
            "y": 0.21070940792560577,
            "z": 0.746755838394165
         }
      },
      {
         "actor_type": "vehicle.citroen.c3",
         "actor_id": 218,
         "actor_location": {
            "x": 193.7650146484375,
            "y": 250.8794403076172,
            "z": 0.25836825370788574
         },
         "actor_rotation": {
            "roll": 0.007201736327260733,
            "pitch": 0.06996162235736847,
            "yaw": -90.32229614257812
         },
         "actor_bbox_ext": {
            "x": 1.9876738786697388,
            "y": 0.931037425994873,
            "z": 0.8128864765167236
         }
      },
      {
         "actor_type": "vehicle.bmw.isetta",
         "actor_id": 219,
         "actor_location": {
            "x": 175.2726287841797,
            "y": 302.52978515625,
            "z": 0.22385621070861816
         },
         "actor_rotation": {
            "roll": -0.041015613824129105,
            "pitch": 0.33227503299713135,
            "yaw": 179.51181030273438
         },
         "actor_bbox_ext": {
            "x": 1.1012483835220337,
            "y": 0.7426624298095703,
            "z": 0.6732476949691772
         }
      },
      {
         "actor_type": "vehicle.mercedes-benz.coupe",
         "actor_id": 220,
         "actor_location": {
            "x": 193.82040405273438,
            "y": 261.1184387207031,
            "z": 0.35019975900650024
         },
         "actor_rotation": {
            "roll": -0.005401608068495989,
            "pitch": 0.24458906054496765,
            "yaw": -90.03191375732422
         },
         "actor_bbox_ext": {
            "x": 2.521892547607422,
            "y": 1.0814987421035767,
            "z": 0.820067286491394
         }
      },
      {
         "actor_type": "vehicle.kawasaki.ninja",
         "actor_id": 221,
         "actor_location": {
            "x": 69.461181640625,
            "y": 302.5523681640625,
            "z": 0.21686190366744995
         },
         "actor_rotation": {
            "roll": 0.00018729960720520467,
            "pitch": 0.3315032124519348,
            "yaw": 179.99940490722656
         },
         "actor_bbox_ext": {
            "x": 1.021842122077942,
            "y": 0.3984561562538147,
            "z": 0.687301516532898
         }
      },
      {
         "actor_type": "vehicle.nissan.patrol",
         "actor_id": 222,
         "actor_location": {
            "x": 193.7684783935547,
            "y": 203.23802185058594,
            "z": 0.23050716519355774
         },
         "actor_rotation": {
            "roll": 0.002942805178463459,
            "pitch": 0.047251246869564056,
            "yaw": -90.16259765625
         },
         "actor_bbox_ext": {
            "x": 2.259999990463257,
            "y": 0.9599999785423279,
            "z": 0.9435654878616333
         }
      },
      {
         "actor_type": "vehicle.dodge_charger.police",
         "actor_id": 223,
         "actor_location": {
            "x": 189.92974853515625,
            "y": 221.72360229492188,
            "z": 0.22659707069396973
         },
         "actor_rotation": {
            "roll": 0.35892266035079956,
            "pitch": 0.4558331370353699,
            "yaw": 89.84205627441406
         },
         "actor_bbox_ext": {
            "x": 2.4965829849243164,
            "y": 1.0679636001586914,
            "z": 0.7898477911949158
         }
      },
      {
         "actor_type": "vehicle.audi.etron",
         "actor_id": 224,
         "actor_location": {
            "x": 166.7115020751953,
            "y": 105.42369079589844,
            "z": 0.17199508845806122
         },
         "actor_rotation": {
            "roll": 0.0010884003713726997,
            "pitch": 0.019356755539774895,
            "yaw": -179.96572875976562
         },
         "actor_bbox_ext": {
            "x": 2.4270286560058594,
            "y": 1.0045700073242188,
            "z": 0.8343994617462158
         }
      },
      {
         "actor_type": "vehicle.kawasaki.ninja",
         "actor_id": 225,
         "actor_location": {
            "x": 20.137605667114258,
            "y": 306.7220764160156,
            "z": 0.21333996951580048
         },
         "actor_rotation": {
            "roll": -0.0021362302359193563,
            "pitch": -0.8543063402175903,