{
   "cam_type": "sensor.camera.rgb",
   "cam_id": 265,
   "cam_location": {
      "x": 190.25299072265625,
      "y": 167.79844665527344,
      "z": 1.2056167125701904
   },
   "cam_rotation": {
      "roll": 0.017005300149321556,
      "pitch": -0.00033467926550656557,
      "yaw": 90.17023468017578
   },
   "img_name": "307.png",
   "img_width": 640,
   "img_height": 680,
   "img_fov": 100,
   "debug_info": [
      {
         "actor_type": "vehicle.diamondback.century",
         "actor_id": 212,
         "actor_location": {
            "x": -7.522260665893555,
            "y": 173.4061737060547,
            "z": 0.20228320360183716
         },
         "actor_rotation": {
            "roll": -3.052283500437625e-05,
            "pitch": -0.3040185272693634,
            "yaw": 89.989501953125
         },
         "actor_bbox_ext": {
            "x": 0.8281218409538269,
            "y": 0.21070940792560577,
            "z": 0.746755838394165
         }
      },
      {
         "actor_type": "vehicle.nissan.patrol",
         "actor_id": 213,
         "actor_location": {
            "x": 26.726478576660156,
            "y": 306.72113037109375,
            "z": 0.23098124563694
         },
         "actor_rotation": {
            "roll": -0.0011291500413790345,
            "pitch": -0.030428491532802582,
            "yaw": 0.06322963535785675
         },
         "actor_bbox_ext": {
            "x": 2.259999990463257,
            "y": 0.9599999785423279,
            "z": 0.9435654878616333
         }
      },
      {
         "actor_type": "vehicle.nissan.patrol",
         "actor_id": 214,
         "actor_location": {
            "x": -3.3090312480926514,
            "y": 207.52882385253906,
            "z": 0.25608518719673157
         },
         "actor_rotation": {
            "roll": 0.40690356492996216,
            "pitch": 0.34612664580345154,
            "yaw": -89.76644134521484
         },
         "actor_bbox_ext": {
            "x": 2.259999990463257,
            "y": 0.9599999785423279,
            "z": 0.9435654878616333
         }
      },
      {
         "actor_type": "vehicle.volkswagen.t2",
         "actor_id": 215,
         "actor_location": {
            "x": -7.5306901931762695,
            "y": 285.09326171875,
            "z": 0.2084556519985199
         },
         "actor_rotation": {
            "roll": -0.0004272465594112873,
            "pitch": 0.012451434507966042,
            "yaw": 89.99508666992188
         },
         "actor_bbox_ext": {
            "x": 2.2595229148864746,
            "y": 1.0383671522140503,
            "z": 1.0132241249084473
         }
      },
      {
         "actor_type": "vehicle.dodge_charger.police",
         "actor_id": 216,
         "actor_location": {
            "x": 94.0630874633789,
            "y": 109.55158996582031,
            "z": 0.20201262831687927
         },
         "actor_rotation": {
            "roll": -9.1552734375e-05,
            "pitch": 0.09775365889072418,
            "yaw": -0.0010681151179596782
         },
         "actor_bbox_ext": {
            "x": 2.4965829849243164,
            "y": 1.0679636001586914,
            "z": 0.7898477911949158
         }
      },
      {
         "actor_type": "vehicle.audi.etron",
         "actor_id": 217,
         "actor_location": {
            "x": -7.521249771118164,
            "y": 166.54135131835938,
            "z": 0.17172549664974213
         },
         "actor_rotation": {
            "roll": 0.0,
            "pitch": -9.56226431299001e-05,
            "yaw": 90.05001831054688
         },
         "actor_bbox_ext": {
            "x": 2.4270286560058594,
            "y": 1.0045700073242188,
            "z": 0.8343994617462158
         }
      },
      {
         "actor_type": "vehicle.bmw.isetta",
         "actor_id": 218,
         "actor_location": {
            "x": 193.77366638183594,
            "y": 256.1897277832031,
            "z": 0.22216090559959412
         },
         "actor_rotation": {
            "roll": 7.310557975870324e-06,
            "pitch": 0.3296590745449066,
            "yaw": -90.01689910888672
         },
         "actor_bbox_ext": {
            "x": 1.1012483835220337,
            "y": 0.7426624298095703,
            "z": 0.6732476949691772
         }
      },
      {
         "actor_type": "vehicle.diamondback.century",
         "actor_id": 219,
         "actor_location": {
            "x": 183.08511352539062,
            "y": 301.9010925292969,
            "z": 0.2038794606924057
         },
         "actor_rotation": {
            "roll": -1.9030760526657104,
            "pitch": -0.10571765899658203,
            "yaw": 176.158935546875
         },
         "actor_bbox_ext": {
            "x": 0.8281218409538269,
            "y": 0.21070940792560577,
            "z": 0.746755838394165
         }
      },
      {
         "actor_type": "vehicle.harley-davidson.low rider",
         "actor_id": 220,
         "actor_location": {
            "x": 193.82131958007812,
            "y": 261.2576599121094,
            "z": 0.18993623554706573
         },
         "actor_rotation": {
            "roll": 1.7942664953807252e-06,
            "pitch": -0.17077520489692688,
            "yaw": -89.9973373413086
         },
         "actor_bbox_ext": {
            "x": 1.175087809562683,
            "y": 0.3831165134906769,
            "z": 0.7318695783615112
         }
      },
      {
         "actor_type": "vehicle.toyota.prius",
         "actor_id": 221,
         "actor_location": {
            "x": 103.50971221923828,
            "y": 302.5520935058594,
            "z": 0.2562998831272125
         },
         "actor_rotation": {
            "roll": -9.155271982308477e-05,
            "pitch": -0.002684264210984111,
            "yaw": -179.9993133544922
         },
         "actor_bbox_ext": {
            "x": 2.2691667079925537,
            "y": 1.0005652904510498,
            "z": 0.7686808109283447
         }
      },
      {
         "actor_type": "vehicle.volkswagen.t2",
         "actor_id": 222,
         "actor_location": {
            "x": 193.81570434570312,
            "y": 206.52127075195312,
            "z": 0.2078748345375061
         },
         "actor_rotation": {
            "roll": 0.0,
            "pitch": -0.007144377566874027,
            "yaw": -90.0883560180664
         },
         "actor_bbox_ext": {
            "x": 2.2595229148864746,
            "y": 1.0383671522140503,
            "z": 1.0132241249084473
         }
      },
      {
         "actor_type": "vehicle.audi.tt",
         "actor_id": 223,
         "actor_location": {
            "x": 189.931396484375,
            "y": 222.0092315673828,
            "z": 0.24127070605754852
         },
         "actor_rotation": {
            "roll": 0.22326546907424927,
            "pitch": 0.2293304204940796,
            "yaw": 89.92147064208984
         },
         "actor_bbox_ext": {
            "x": 2.1102468967437744,
            "y": 1.0045700073242188,
            "z": 0.695303738117218
         }
      },
      {
         "actor_type": "vehicle.nissan.micra",
         "actor_id": 224,
         "actor_location": {
            "x": 168.95620727539062,
            "y": 105.34244537353516,
            "z": 0.2069469392299652
         },
         "actor_rotation": {
            "roll": -0.0021057126577943563,
            "pitch": -0.15567366778850555,
            "yaw": -179.9033660888672
         },
         "actor_bbox_ext": {
            "x": 1.8344237804412842,
            "y": 0.9280761480331421,
            "z": 0.7616068720817566
         }
      },
      {
         "actor_type": "vehicle.bmw.isetta",
         "actor_id": 225,
         "actor_location": {
            "x": -7.504343032836914,
            "y": 295.56298828125,
            "z": 0.2226887047290802
         },
         "actor_rotation": {
            "roll": 0.057348765432834625,
            "pitch": 0.32814958691596985,