{
   "cam_type": "sensor.camera.rgb",
   "cam_id": 265,
   "cam_location": {
      "x": 189.8944854736328,
      "y": 166.34262084960938,
      "z": 2.996995449066162
   },
   "cam_rotation": {
      "roll": 0.6441895961761475,
      "pitch": 0.4656412899494171,
      "yaw": 89.93467712402344
   },
   "img_name": "309.png",
   "img_width": 640,
   "img_height": 680,
   "img_fov": 100,
   "debug_info": [
      {
         "actor_type": "vehicle.bmw.isetta",
         "actor_id": 212,
         "actor_location": {
            "x": -7.526735782623291,
            "y": 176.45333862304688,
            "z": 0.22175531089305878
         },
         "actor_rotation": {
            "roll": -3.053665568586439e-05,
            "pitch": 0.4417082965373993,
            "yaw": 89.99199676513672
         },
         "actor_bbox_ext": {
            "x": 1.1012483835220337,
            "y": 0.7426624298095703,
            "z": 0.6732476949691772
         }
      },
      {
         "actor_type": "vehicle.mini.cooperst",
         "actor_id": 213,
         "actor_location": {
            "x": 30.935699462890625,
            "y": 306.7165222167969,
            "z": 0.2648075520992279
         },
         "actor_rotation": {
            "roll": -0.0410766638815403,
            "pitch": -0.36971810460090637,
            "yaw": -0.1981811672449112
         },
         "actor_bbox_ext": {
            "x": 1.9010963439941406,
            "y": 0.9870172142982483,
            "z": 0.7375003099441528
         }
      },
      {
         "actor_type": "vehicle.tesla.model3",
         "actor_id": 214,
         "actor_location": {
            "x": -3.26186466217041,
            "y": 207.54519653320312,
            "z": 0.24187880754470825
         },
         "actor_rotation": {
            "roll": 0.6420895457267761,
            "pitch": 0.4644528329372406,
            "yaw": -89.9158935546875
         },
         "actor_bbox_ext": {
            "x": 2.452350616455078,
            "y": 1.0303291082382202,
            "z": 0.7391985058784485
         }
      },
      {
         "actor_type": "vehicle.citroen.c3",
         "actor_id": 215,
         "actor_location": {
            "x": 8.004778861999512,
            "y": 306.61370849609375,
            "z": 0.25895315408706665
         },
         "actor_rotation": {
            "roll": 0.03909123316407204,
            "pitch": -0.012267018668353558,
            "yaw": 3.5644781589508057
         },
         "actor_bbox_ext": {
            "x": 1.9876738786697388,
            "y": 0.931037425994873,
            "z": 0.8128864765167236
         }
      },
      {
         "actor_type": "vehicle.kawasaki.ninja",
         "actor_id": 216,
         "actor_location": {
            "x": 160.0885009765625,
            "y": 109.55056762695312,
            "z": 0.2106844037771225
         },
         "actor_rotation": {
            "roll": -0.0307922326028347,
            "pitch": -1.1692737340927124,
            "yaw": 0.028003757819533348
         },
         "actor_bbox_ext": {
            "x": 1.021842122077942,
            "y": 0.3984561562538147,
            "z": 0.687301516532898
         }
      },
      {
         "actor_type": "vehicle.bmw.grandtourer",
         "actor_id": 217,
         "actor_location": {
            "x": -7.526938438415527,
            "y": 168.3993377685547,
            "z": 0.2878536880016327
         },
         "actor_rotation": {
            "roll": 0.002921936335042119,
            "pitch": 0.5535321831703186,
            "yaw": 90.20014190673828
         },
         "actor_bbox_ext": {
            "x": 2.3195438385009766,
            "y": 1.129660964012146,
            "z": 0.8390889763832092
         }
      },
      {
         "actor_type": "vehicle.citroen.c3",
         "actor_id": 218,
         "actor_location": {
            "x": 193.75503540039062,
            "y": 250.16065979003906,
            "z": 0.25849729776382446
         },
         "actor_rotation": {
            "roll": 0.0038886999245733023,
            "pitch": 0.047633737325668335,
            "yaw": -90.43869018554688
         },
         "actor_bbox_ext": {
            "x": 1.9876738786697388,
            "y": 0.931037425994873,
            "z": 0.8128864765167236
         }
      },
      {
         "actor_type": "vehicle.nissan.patrol",
         "actor_id": 219,
         "actor_location": {
            "x": 155.83485412597656,
            "y": 302.55279541015625,
            "z": 0.23121203482151031
         },
         "actor_rotation": {
            "roll": -3.051757266803179e-05,
            "pitch": 0.01775849051773548,
            "yaw": -179.9901885986328
         },
         "actor_bbox_ext": {
            "x": 2.259999990463257,
            "y": 0.9599999785423279,
            "z": 0.9435654878616333
         }
      },
      {
         "actor_type": "vehicle.seat.leon",
         "actor_id": 220,
         "actor_location": {
            "x": 193.82269287109375,
            "y": 260.1017150878906,
            "z": 0.21354247629642487
         },
         "actor_rotation": {
            "roll": -0.0010681216372177005,
            "pitch": 0.2589597702026367,
            "yaw": -90.00149536132812
         },
         "actor_bbox_ext": {
            "x": 2.1039369106292725,
            "y": 0.9099326133728027,
            "z": 0.7347301244735718
         }
      },
      {
         "actor_type": "vehicle.jeep.wrangler_rubicon",
         "actor_id": 221,
         "actor_location": {
            "x": 70.28120422363281,
            "y": 302.55084228515625,
            "z": 0.22545665502548218
         },
         "actor_rotation": {
            "roll": -0.005889892112463713,
            "pitch": 0.18561720848083496,
            "yaw": 179.8992462158203
         },
         "actor_bbox_ext": {
            "x": 1.9340534210205078,
            "y": 0.953285276889801,
            "z": 0.9399999976158142
         }
      },
      {
         "actor_type": "vehicle.bmw.isetta",
         "actor_id": 222,
         "actor_location": {
            "x": 193.77687072753906,
            "y": 204.416259765625,
            "z": 0.2210003286600113
         },
         "actor_rotation": {
            "roll": 0.00023384220548905432,
            "pitch": 0.6480414867401123,
            "yaw": -90.00835418701172
         },
         "actor_bbox_ext": {
            "x": 1.1012483835220337,
            "y": 0.7426624298095703,
            "z": 0.6732476949691772
         }
      },
      {
         "actor_type": "vehicle.citroen.c3",
         "actor_id": 223,
         "actor_location": {
            "x": 189.9286346435547,
            "y": 221.847900390625,
            "z": 0.2840437889099121
         },
         "actor_rotation": {
            "roll": 0.39999932050704956,
            "pitch": 0.36161068081855774,
            "yaw": 89.86924743652344
         },
         "actor_bbox_ext": {
            "x": 1.9876738786697388,
            "y": 0.931037425994873,
            "z": 0.8128864765167236
         }
      },
      {
         "actor_type": "vehicle.jeep.wrangler_rubicon",
         "actor_id": 224,
         "actor_location": {
            "x": 173.80088806152344,
            "y": 105.41902160644531,
            "z": 0.22635917365550995
         },
         "actor_rotation": {
            "roll": -0.011901851743459702,
            "pitch": 0.02093452773988247,
            "yaw": -179.38424682617188
         },
         "actor_bbox_ext": {
            "x": 1.9340534210205078,
            "y": 0.953285276889801,
            "z": 0.9399999976158142
         }
      },
      {
         "actor_type": "vehicle.gazelle.omafiets",
         "actor_id": 225,
         "actor_location": {
            "x": 19.245555877685547,
            "y": 306.7184753417969,
            "z": 0.20778796076774597
         },
         "actor_rotation": {
            "roll": -0.015167236328125,
            "pitch": 0.3455870747566223,