{
   "cam_type": "sensor.camera.rgb",
   "cam_id": 261,
   "cam_location": {
      "x": 189.92494201660156,
      "y": 168.10595703125,
      "z": 0.28958091139793396
   },
   "cam_rotation": {
      "roll": 0.017174873501062393,
      "pitch": -0.00018441509746480733,
      "yaw": 89.93963623046875
   },
   "img_name": "318.png",
   "img_width": 640,
   "img_height": 680,
   "img_fov": 100,
   "debug_info": [
      {
         "actor_type": "vehicle.bmw.isetta",
         "actor_id": 212,
         "actor_location": {
            "x": -7.525257587432861,
            "y": 172.7594757080078,
            "z": 0.22389905154705048
         },
         "actor_rotation": {
            "roll": 0.0004115902993362397,
            "pitch": -0.5365250110626221,
            "yaw": 89.95340728759766
         },
         "actor_bbox_ext": {
            "x": 1.1012483835220337,
            "y": 0.7426624298095703,
            "z": 0.6732476949691772
         }
      },
      {
         "actor_type": "vehicle.chevrolet.impala",
         "actor_id": 213,
         "actor_location": {
            "x": 17.30128288269043,
            "y": 306.71685791015625,
            "z": 0.17166590690612793
         },
         "actor_rotation": {
            "roll": 0.012696654535830021,
            "pitch": 0.0886421874165535,
            "yaw": 0.11968231946229935
         },
         "actor_bbox_ext": {
            "x": 2.684596538543701,
            "y": 1.026368260383606,
            "z": 0.7075497508049011
         }
      },
      {
         "actor_type": "vehicle.dodge_charger.police",
         "actor_id": 214,
         "actor_location": {
            "x": -3.2147467136383057,
            "y": 207.73304748535156,
            "z": 0.21820637583732605
         },
         "actor_rotation": {
            "roll": 0.011786829680204391,
            "pitch": 0.7725899815559387,
            "yaw": -90.05333709716797
         },
         "actor_bbox_ext": {
            "x": 2.4965829849243164,
            "y": 1.0679636001586914,
            "z": 0.7898477911949158
         }
      },
      {
         "actor_type": "vehicle.gazelle.omafiets",
         "actor_id": 215,
         "actor_location": {
            "x": -7.520022392272949,
            "y": 276.2734375,
            "z": 0.19489428400993347
         },
         "actor_rotation": {
            "roll": 0.0007248999318107963,
            "pitch": -0.6466959118843079,
            "yaw": 89.99442291259766
         },
         "actor_bbox_ext": {
            "x": 0.9217206835746765,
            "y": 0.23374223709106445,
            "z": 0.7950369119644165
         }
      },
      {
         "actor_type": "vehicle.kawasaki.ninja",
         "actor_id": 216,
         "actor_location": {
            "x": 57.9081916809082,
            "y": 109.55149841308594,
            "z": 0.2153322398662567
         },
         "actor_rotation": {
            "roll": 0.00016233770293183625,
            "pitch": -0.8320946097373962,
            "yaw": 0.0009758090018294752
         },
         "actor_bbox_ext": {
            "x": 1.021842122077942,
            "y": 0.3984561562538147,
            "z": 0.687301516532898
         }
      },
      {
         "actor_type": "vehicle.lincoln.mkz2017",
         "actor_id": 217,
         "actor_location": {
            "x": -7.526771068572998,
            "y": 164.95513916015625,
            "z": 0.20533622801303864
         },
         "actor_rotation": {
            "roll": -0.0002136092516593635,
            "pitch": 0.42119041085243225,
            "yaw": 89.9935531616211
         },
         "actor_bbox_ext": {
            "x": 2.4543750286102295,
            "y": 1.056093692779541,
            "z": 0.7615917921066284
         }
      },
      {
         "actor_type": "vehicle.chevrolet.impala",
         "actor_id": 218,
         "actor_location": {
            "x": 193.80430603027344,
            "y": 256.2740478515625,
            "z": 0.1721312701702118
         },
         "actor_rotation": {
            "roll": 0.0001336080313194543,
            "pitch": 0.0007103396346792579,
            "yaw": -89.89492797851562
         },
         "actor_bbox_ext": {
            "x": 2.684596538543701,
            "y": 1.026368260383606,
            "z": 0.7075497508049011
         }
      },
      {
         "actor_type": "vehicle.volkswagen.t2",
         "actor_id": 219,
         "actor_location": {
            "x": 182.20187377929688,
            "y": 302.3031311035156,
            "z": 0.2089705616235733
         },
         "actor_rotation": {
            "roll": -0.7736815810203552,
            "pitch": -0.0031418867874890566,
            "yaw": 169.8251495361328
         },
         "actor_bbox_ext": {
            "x": 2.2595229148864746,
            "y": 1.0383671522140503,
            "z": 1.0132241249084473
         }
      },
      {
         "actor_type": "vehicle.nissan.micra",
         "actor_id": 220,
         "actor_location": {
            "x": 193.8815155029297,
            "y": 263.4134216308594,
            "z": 0.2066347450017929
         },
         "actor_rotation": {
            "roll": -0.0004577648069243878,
            "pitch": -0.17248958349227905,
            "yaw": -89.76129913330078
         },
         "actor_bbox_ext": {
            "x": 1.8344237804412842,
            "y": 0.9280761480331421,
            "z": 0.7616068720817566
         }
      },
      {
         "actor_type": "vehicle.ford.mustang",
         "actor_id": 221,
         "actor_location": {
            "x": 141.4235076904297,
            "y": 302.552490234375,
            "z": 0.2104446291923523
         },
         "actor_rotation": {
            "roll": 0.0012645096285268664,
            "pitch": 0.4430606961250305,
            "yaw": 179.99002075195312
         },
         "actor_bbox_ext": {
            "x": 2.3399999141693115,
            "y": 0.9399999976158142,
            "z": 0.6499999761581421
         }
      },
      {
         "actor_type": "vehicle.volkswagen.t2",
         "actor_id": 222,
         "actor_location": {
            "x": 193.80178833007812,
            "y": 206.27574157714844,
            "z": 0.20787371695041656
         },
         "actor_rotation": {
            "roll": 0.0,
            "pitch": -0.007110226433724165,
            "yaw": -90.07974243164062
         },
         "actor_bbox_ext": {
            "x": 2.2595229148864746,
            "y": 1.0383671522140503,
            "z": 1.0132241249084473
         }
      },
      {
         "actor_type": "vehicle.audi.a2",
         "actor_id": 223,
         "actor_location": {
            "x": 189.93215942382812,
            "y": 221.11080932617188,
            "z": 0.235197976231575
         },
         "actor_rotation": {
            "roll": 0.3124094307422638,
            "pitch": 0.42489922046661377,
            "yaw": 90.09776306152344
         },
         "actor_bbox_ext": {
            "x": 1.8593107461929321,
            "y": 0.8962239623069763,
            "z": 0.7677467465400696
         }
      },
      {
         "actor_type": "vehicle.audi.a2",
         "actor_id": 224,
         "actor_location": {
            "x": 193.76571655273438,
            "y": 118.3896713256836,
            "z": 0.2073313444852829
         },
         "actor_rotation": {
            "roll": -0.0651244968175888,
            "pitch": 0.3346382677555084,
            "yaw": -90.00780487060547
         },
         "actor_bbox_ext": {
            "x": 1.8593107461929321,
            "y": 0.8962239623069763,
            "z": 0.7677467465400696
         }
      },
      {
         "actor_type": "vehicle.diamondback.century",
         "actor_id": 225,
         "actor_location": {
            "x": -7.5204033851623535,
            "y": 286.7787170410156,
            "z": 0.20251066982746124
         },
         "actor_rotation": {
            "roll": 0.0,
            "pitch": -0.31405889987945557,
            "yaw": 89.99449157714844
         },