{
   "cam_type": "sensor.camera.rgb",
   "cam_id": 265,
   "cam_location": {
      "x": 189.9229278564453,
      "y": 166.5160675048828,
      "z": 1.2401198148727417
   },
   "cam_rotation": {
      "roll": 0.01259093638509512,
      "pitch": -0.17099377512931824,
      "yaw": 89.83123016357422
   },
   "img_name": "324.png",
   "img_width": 640,
   "img_height": 680,
   "img_fov": 100,
   "debug_info": [
      {
         "actor_type": "vehicle.kawasaki.ninja",
         "actor_id": 212,
         "actor_location": {
            "x": -7.371321678161621,
            "y": 195.97756958007812,
            "z": 0.2261417657136917
         },
         "actor_rotation": {
            "roll": 3.412586738704704e-05,
            "pitch": 0.5554036498069763,
            "yaw": 89.54052734375
         },
         "actor_bbox_ext": {
            "x": 1.021842122077942,
            "y": 0.3984561562538147,
            "z": 0.687301516532898
         }
      },
      {
         "actor_type": "vehicle.tesla.model3",
         "actor_id": 213,
         "actor_location": {
            "x": 44.30081558227539,
            "y": 306.42437744140625,
            "z": 0.21728134155273438
         },
         "actor_rotation": {
            "roll": 0.0009666253463365138,
            "pitch": 0.18879324197769165,
            "yaw": -1.33306884765625
         },
         "actor_bbox_ext": {
            "x": 2.452350616455078,
            "y": 1.0303291082382202,
            "z": 0.7391985058784485
         }
      },
      {
         "actor_type": "vehicle.chevrolet.impala",
         "actor_id": 214,
         "actor_location": {
            "x": -3.224201202392578,
            "y": 206.23167419433594,
            "z": 0.19649024307727814
         },
         "actor_rotation": {
            "roll": 0.4655836224555969,
            "pitch": 0.32562926411628723,
            "yaw": -90.00238037109375
         },
         "actor_bbox_ext": {
            "x": 2.684596538543701,
            "y": 1.026368260383606,
            "z": 0.7075497508049011
         }
      },
      {
         "actor_type": "vehicle.harley-davidson.low rider",
         "actor_id": 215,
         "actor_location": {
            "x": 19.656097412109375,
            "y": 306.7225341796875,
            "z": 0.1903684437274933
         },
         "actor_rotation": {
            "roll": -0.009185790084302425,
            "pitch": -0.1763623058795929,
            "yaw": 0.0064210412092506886
         },
         "actor_bbox_ext": {
            "x": 1.175087809562683,
            "y": 0.3831165134906769,
            "z": 0.7318695783615112
         }
      },
      {
         "actor_type": "vehicle.harley-davidson.low rider",
         "actor_id": 216,
         "actor_location": {
            "x": 172.94775390625,
            "y": 109.55149841308594,
            "z": 0.1906343251466751
         },
         "actor_rotation": {
            "roll": 0.0,
            "pitch": -0.14917132258415222,
            "yaw": 0.00028939315234310925
         },
         "actor_bbox_ext": {
            "x": 1.175087809562683,
            "y": 0.3831165134906769,
            "z": 0.7318695783615112
         }
      },
      {
         "actor_type": "vehicle.ford.mustang",
         "actor_id": 217,
         "actor_location": {
            "x": -7.387131214141846,
            "y": 180.84271240234375,
            "z": 0.21449099481105804
         },
         "actor_rotation": {
            "roll": 0.019973820075392723,
            "pitch": -0.060665737837553024,
            "yaw": 88.31109619140625
         },
         "actor_bbox_ext": {
            "x": 2.3399999141693115,
            "y": 0.9399999976158142,
            "z": 0.6499999761581421
         }
      },
      {
         "actor_type": "vehicle.seat.leon",
         "actor_id": 218,
         "actor_location": {
            "x": 188.7977294921875,
            "y": 239.1254119873047,
            "z": 0.24968719482421875
         },
         "actor_rotation": {
            "roll": 1.3306608200073242,
            "pitch": -0.11578536033630371,
            "yaw": -143.04019165039062
         },
         "actor_bbox_ext": {
            "x": 2.1039369106292725,
            "y": 0.9099326133728027,
            "z": 0.7347301244735718
         }
      },
      {
         "actor_type": "vehicle.lincoln.mkz2017",
         "actor_id": 219,
         "actor_location": {
            "x": 130.13792419433594,
            "y": 302.5525817871094,
            "z": 0.21073314547538757
         },
         "actor_rotation": {
            "roll": 7.462745270458981e-05,
            "pitch": -0.08102653175592422,
            "yaw": -179.9981231689453
         },
         "actor_bbox_ext": {
            "x": 2.4543750286102295,
            "y": 1.056093692779541,
            "z": 0.7615917921066284
         }
      },
      {
         "actor_type": "vehicle.seat.leon",
         "actor_id": 220,
         "actor_location": {
            "x": 193.78347778320312,
            "y": 249.5087890625,
            "z": 0.21482433378696442
         },
         "actor_rotation": {
            "roll": 0.017832975834608078,
            "pitch": 0.03917796164751053,
            "yaw": -90.72588348388672
         },
         "actor_bbox_ext": {
            "x": 2.1039369106292725,
            "y": 0.9099326133728027,
            "z": 0.7347301244735718
         }
      },
      {
         "actor_type": "vehicle.yamaha.yzf",
         "actor_id": 221,
         "actor_location": {
            "x": 61.38775634765625,
            "y": 302.55120849609375,
            "z": 0.2178281992673874
         },
         "actor_rotation": {
            "roll": -0.1010436937212944,
            "pitch": -0.09851181507110596,
            "yaw": -179.93154907226562
         },
         "actor_bbox_ext": {
            "x": 1.0953842401504517,
            "y": 0.3831165134906769,
            "z": 0.8172529339790344
         }
      },
      {
         "actor_type": "vehicle.mercedes-benz.coupe",
         "actor_id": 222,
         "actor_location": {
            "x": 188.6453399658203,
            "y": 190.378662109375,
            "z": 0.38379696011543274
         },
         "actor_rotation": {
            "roll": -0.6176146864891052,
            "pitch": 0.3224668800830841,
            "yaw": -144.48016357421875
         },
         "actor_bbox_ext": {
            "x": 2.521892547607422,
            "y": 1.0814987421035767,
            "z": 0.820067286491394
         }
      },
      {
         "actor_type": "vehicle.chevrolet.impala",
         "actor_id": 223,
         "actor_location": {
            "x": 189.9294891357422,
            "y": 220.15492248535156,
            "z": 0.18711403012275696
         },
         "actor_rotation": {
            "roll": 0.011591298505663872,
            "pitch": 0.6568319201469421,
            "yaw": 89.93245697021484
         },
         "actor_bbox_ext": {
            "x": 2.684596538543701,
            "y": 1.026368260383606,
            "z": 0.7075497508049011
         }
      },
      {
         "actor_type": "vehicle.bh.crossbike",
         "actor_id": 224,
         "actor_location": {
            "x": 181.44569396972656,
            "y": 105.96770477294922,
            "z": 0.21878963708877563
         },
         "actor_rotation": {
            "roll": -2.843811273574829,
            "pitch": -0.18724963068962097,
            "yaw": 178.0519256591797
         },
         "actor_bbox_ext": {
            "x": 0.7546613812446594,
            "y": 0.4329703152179718,
            "z": 0.7653154730796814
         }
      },
      {
         "actor_type": "vehicle.citroen.c3",
         "actor_id": 225,
         "actor_location": {
            "x": 33.172332763671875,
            "y": 306.62548828125,
            "z": 0.2587847113609314
         },
         "actor_rotation": {
            "roll": 0.011499731801450253,
            "pitch": 0.010668754577636719,