{
   "cam_type": "sensor.camera.rgb",
   "cam_id": 263,
   "cam_location": {
      "x": 189.91134643554688,
      "y": 165.8702850341797,
      "z": 2.16510272026062
   },
   "cam_rotation": {
      "roll": 0.46734508872032166,
      "pitch": 0.32691332697868347,
      "yaw": 89.96195220947266
   },
   "img_name": "325.png",
   "img_width": 640,
   "img_height": 680,
   "img_fov": 100,
   "debug_info": [
      {
         "actor_type": "vehicle.carlamotors.carlacola",
         "actor_id": 212,
         "actor_location": {
            "x": -7.52880859375,
            "y": 173.78282165527344,
            "z": 0.21799659729003906
         },
         "actor_rotation": {
            "roll": 8.376980986213312e-05,
            "pitch": 6.147169915493578e-05,
            "yaw": 89.94187927246094
         },
         "actor_bbox_ext": {
            "x": 2.5996146202087402,
            "y": 1.3075095415115356,
            "z": 1.2384252548217773
         }
      },
      {
         "actor_type": "vehicle.harley-davidson.low rider",
         "actor_id": 213,
         "actor_location": {
            "x": 26.967872619628906,
            "y": 306.7225036621094,
            "z": 0.19211679697036743
         },
         "actor_rotation": {
            "roll": -6.103515625e-05,
            "pitch": 0.024356452748179436,
            "yaw": -0.001129150390625
         },
         "actor_bbox_ext": {
            "x": 1.175087809562683,
            "y": 0.3831165134906769,
            "z": 0.7318695783615112
         }
      },
      {
         "actor_type": "vehicle.seat.leon",
         "actor_id": 214,
         "actor_location": {
            "x": -3.28249454498291,
            "y": 208.2645263671875,
            "z": 0.23194582760334015
         },
         "actor_rotation": {
            "roll": 0.010477622039616108,
            "pitch": 0.7106333374977112,
            "yaw": -89.9209213256836
         },
         "actor_bbox_ext": {
            "x": 2.1039369106292725,
            "y": 0.9099326133728027,
            "z": 0.7347301244735718
         }
      },
      {
         "actor_type": "vehicle.tesla.model3",
         "actor_id": 215,
         "actor_location": {
            "x": -6.43484354019165,
            "y": 299.2582092285156,
            "z": 0.21741366386413574
         },
         "actor_rotation": {
            "roll": 1.2529431581497192,
            "pitch": 0.18790532648563385,
            "yaw": 72.24431610107422
         },
         "actor_bbox_ext": {
            "x": 2.452350616455078,
            "y": 1.0303291082382202,
            "z": 0.7391985058784485
         }
      },
      {
         "actor_type": "vehicle.mini.cooperst",
         "actor_id": 216,
         "actor_location": {
            "x": 103.67862701416016,
            "y": 109.55136108398438,
            "z": 0.26391637325286865
         },
         "actor_rotation": {
            "roll": 0.0002087583561660722,
            "pitch": -0.26562604308128357,
            "yaw": 0.0016684301663190126
         },
         "actor_bbox_ext": {
            "x": 1.9010963439941406,
            "y": 0.9870172142982483,
            "z": 0.7375003099441528
         }
      },
      {
         "actor_type": "vehicle.bh.crossbike",
         "actor_id": 217,
         "actor_location": {
            "x": -7.533947467803955,
            "y": 167.58091735839844,
            "z": 0.2208137810230255
         },
         "actor_rotation": {
            "roll": 0.008889895863831043,
            "pitch": 0.42511093616485596,
            "yaw": 90.2153091430664
         },
         "actor_bbox_ext": {
            "x": 0.7546613812446594,
            "y": 0.4329703152179718,
            "z": 0.7653154730796814
         }
      },
      {
         "actor_type": "vehicle.citroen.c3",
         "actor_id": 218,
         "actor_location": {
            "x": 193.77647399902344,
            "y": 254.7743377685547,
            "z": 0.25828272104263306
         },
         "actor_rotation": {
            "roll": 6.149834916868713e-06,
            "pitch": -6.147169915493578e-05,
            "yaw": -89.99251556396484
         },
         "actor_bbox_ext": {
            "x": 1.9876738786697388,
            "y": 0.931037425994873,
            "z": 0.8128864765167236
         }
      },
      {
         "actor_type": "vehicle.bmw.grandtourer",
         "actor_id": 219,
         "actor_location": {
            "x": 168.8758544921875,
            "y": 302.55230712890625,
            "z": 0.2954929769039154
         },
         "actor_rotation": {
            "roll": -0.0018310546875,
            "pitch": -0.09237147122621536,
            "yaw": 179.98037719726562
         },
         "actor_bbox_ext": {
            "x": 2.3195438385009766,
            "y": 1.129660964012146,
            "z": 0.8390889763832092
         }
      },
      {
         "actor_type": "vehicle.bh.crossbike",
         "actor_id": 220,
         "actor_location": {
            "x": 193.82150268554688,
            "y": 260.3893737792969,
            "z": 0.21933481097221375
         },
         "actor_rotation": {
            "roll": 1.8521269851135003e-07,
            "pitch": 0.00023222641902975738,
            "yaw": -90.067626953125
         },
         "actor_bbox_ext": {
            "x": 0.7546613812446594,
            "y": 0.4329703152179718,
            "z": 0.7653154730796814
         }
      },
      {
         "actor_type": "vehicle.bh.crossbike",
         "actor_id": 221,
         "actor_location": {
            "x": 144.40357971191406,
            "y": 302.1240539550781,
            "z": 0.21933439373970032
         },
         "actor_rotation": {
            "roll": -0.01763916015625,
            "pitch": -0.0002458867966197431,
            "yaw": 179.92604064941406
         },
         "actor_bbox_ext": {
            "x": 0.7546613812446594,
            "y": 0.4329703152179718,
            "z": 0.7653154730796814
         }
      },
      {
         "actor_type": "vehicle.gazelle.omafiets",
         "actor_id": 222,
         "actor_location": {
            "x": 193.76744079589844,
            "y": 206.15286254882812,
            "z": 0.20644105970859528
         },
         "actor_rotation": {
            "roll": 4.689119305112399e-05,
            "pitch": 0.2193310260772705,
            "yaw": -90.01217651367188
         },
         "actor_bbox_ext": {
            "x": 0.9217206835746765,
            "y": 0.23374223709106445,
            "z": 0.7950369119644165
         }
      },
      {
         "actor_type": "vehicle.bmw.isetta",
         "actor_id": 223,
         "actor_location": {
            "x": 189.9359588623047,
            "y": 220.97003173828125,
            "z": 0.24834123253822327
         },
         "actor_rotation": {
            "roll": 0.40811687707901,
            "pitch": 0.9734863042831421,
            "yaw": 89.99346160888672
         },
         "actor_bbox_ext": {
            "x": 1.1012483835220337,
            "y": 0.7426624298095703,
            "z": 0.6732476949691772
         }
      },
      {
         "actor_type": "vehicle.gazelle.omafiets",
         "actor_id": 224,
         "actor_location": {
            "x": 182.11880493164062,
            "y": 105.94196319580078,
            "z": 0.20698679983615875
         },
         "actor_rotation": {
            "roll": 0.3677000105381012,
            "pitch": 0.22034871578216553,
            "yaw": -171.7451171875
         },
         "actor_bbox_ext": {
            "x": 0.9217206835746765,
            "y": 0.23374223709106445,
            "z": 0.7950369119644165
         }
      },
      {
         "actor_type": "vehicle.harley-davidson.low rider",
         "actor_id": 225,
         "actor_location": {
            "x": 4.106818675994873,
            "y": 306.3172302246094,
            "z": 0.18924249708652496
         },
         "actor_rotation": {
            "roll": -2.783020496368408,
            "pitch": -0.3283681571483612,