{
   "cam_type": "sensor.camera.rgb",
   "cam_id": 381,
   "cam_location": {
      "x": 189.93389892578125,
      "y": 156.07052612304688,
      "z": 3.886532783508301
   },
   "cam_rotation": {
      "roll": 0.0007196699734777212,
      "pitch": -1.8267203569412231,
      "yaw": 90.03840637207031
   },
   "img_name": "329.png",
   "img_width": 640,
   "img_height": 680,
   "img_fov": 100,
   "debug_info": [
      {
         "actor_type": "vehicle.ford.mustang",
         "actor_id": 332,
         "actor_location": {
            "x": -7.528428554534912,
            "y": 149.39442443847656,
            "z": 0.2140774130821228
         },
         "actor_rotation": {
            "roll": -0.0003051758976653218,
            "pitch": -0.007110226433724165,
            "yaw": 89.99185180664062
         },
         "actor_bbox_ext": {
            "x": 2.3399999141693115,
            "y": 0.9399999976158142,
            "z": 0.6499999761581421
         }
      },
      {
         "actor_type": "vehicle.dodge_charger.police",
         "actor_id": 333,
         "actor_location": {
            "x": -7.529561996459961,
            "y": 276.68048095703125,
            "z": 0.203119695186615
         },
         "actor_rotation": {
            "roll": 0.00020906115241814405,
            "pitch": 0.0006147170206531882,
            "yaw": 89.99982452392578
         },
         "actor_bbox_ext": {
            "x": 2.4965829849243164,
            "y": 1.0679636001586914,
            "z": 0.7898477911949158
         }
      },
      {
         "actor_type": "vehicle.citroen.c3",
         "actor_id": 334,
         "actor_location": {
            "x": -3.3370068073272705,
            "y": 228.05335998535156,
            "z": 0.2582332491874695
         },
         "actor_rotation": {
            "roll": 0.03539643809199333,
            "pitch": 0.05103516951203346,
            "yaw": -89.02112579345703
         },
         "actor_bbox_ext": {
            "x": 1.9876738786697388,
            "y": 0.931037425994873,
            "z": 0.8128864765167236
         }
      },
      {
         "actor_type": "vehicle.bmw.grandtourer",
         "actor_id": 335,
         "actor_location": {
            "x": -7.529793739318848,
            "y": 238.72683715820312,
            "z": 0.2880963981151581
         },
         "actor_rotation": {
            "roll": -0.0010375755373388529,
            "pitch": 0.5841723680496216,
            "yaw": 90.003662109375
         },
         "actor_bbox_ext": {
            "x": 2.3195438385009766,
            "y": 1.129660964012146,
            "z": 0.8390889763832092
         }
      },
      {
         "actor_type": "vehicle.yamaha.yzf",
         "actor_id": 336,
         "actor_location": {
            "x": -3.682218551635742,
            "y": 118.437744140625,
            "z": 0.1752406507730484
         },
         "actor_rotation": {
            "roll": -0.0010070852003991604,
            "pitch": -1.0400055646896362,
            "yaw": -90.01639556884766
         },
         "actor_bbox_ext": {
            "x": 1.0953842401504517,
            "y": 0.3831165134906769,
            "z": 0.8172529339790344
         }
      },
      {
         "actor_type": "vehicle.bmw.isetta",
         "actor_id": 337,
         "actor_location": {
            "x": -7.527515888214111,
            "y": 122.58710479736328,
            "z": 0.22218458354473114
         },
         "actor_rotation": {
            "roll": -0.0006713978364132345,
            "pitch": 0.3367214798927307,
            "yaw": 89.99718475341797
         },
         "actor_bbox_ext": {
            "x": 1.1012483835220337,
            "y": 0.7426624298095703,
            "z": 0.6732476949691772
         }
      },
      {
         "actor_type": "vehicle.harley-davidson.low rider",
         "actor_id": 338,
         "actor_location": {
            "x": 193.77127075195312,
            "y": 263.7419128417969,
            "z": 0.18427599966526031
         },
         "actor_rotation": {
            "roll": -0.005859342869371176,
            "pitch": -0.915743887424469,
            "yaw": -90.01242065429688
         },
         "actor_bbox_ext": {
            "x": 1.175087809562683,
            "y": 0.3831165134906769,
            "z": 0.7318695783615112
         }
      },
      {
         "actor_type": "vehicle.citroen.c3",
         "actor_id": 339,
         "actor_location": {
            "x": 189.71275329589844,
            "y": 256.6574401855469,
            "z": 0.27975940704345703
         },
         "actor_rotation": {
            "roll": 1.0255345106124878,
            "pitch": -0.34564170241355896,
            "yaw": 92.48847961425781
         },
         "actor_bbox_ext": {
            "x": 1.9876738786697388,
            "y": 0.931037425994873,
            "z": 0.8128864765167236
         }
      },
      {
         "actor_type": "vehicle.carlamotors.carlacola",
         "actor_id": 340,
         "actor_location": {
            "x": 193.79261779785156,
            "y": 291.7769775390625,
            "z": 0.22089557349681854
         },
         "actor_rotation": {
            "roll": 0.002720118733122945,
            "pitch": -0.2950095236301422,
            "yaw": -89.66588592529297
         },
         "actor_bbox_ext": {
            "x": 2.5996146202087402,
            "y": 1.3075095415115356,
            "z": 1.2384252548217773
         }
      },
      {
         "actor_type": "vehicle.carlamotors.carlacola",
         "actor_id": 341,
         "actor_location": {
            "x": 189.7526092529297,
            "y": 294.8632507324219,
            "z": 0.2210497260093689
         },
         "actor_rotation": {
            "roll": 0.07271065562963486,
            "pitch": -0.3097490668296814,
            "yaw": 95.33838653564453
         },
         "actor_bbox_ext": {
            "x": 2.5996146202087402,
            "y": 1.3075095415115356,
            "z": 1.2384252548217773
         }
      },
      {
         "actor_type": "vehicle.nissan.micra",
         "actor_id": 342,
         "actor_location": {
            "x": 193.77915954589844,
            "y": 216.31686401367188,
            "z": 0.2086649239063263
         },
         "actor_rotation": {
            "roll": 0.0026819247286766768,
            "pitch": -0.2929058074951172,
            "yaw": -89.93617248535156
         },
         "actor_bbox_ext": {
            "x": 1.8344237804412842,
            "y": 0.9280761480331421,
            "z": 0.7616068720817566
         }
      },
      {
         "actor_type": "vehicle.ford.mustang",
         "actor_id": 343,
         "actor_location": {
            "x": 189.9286346435547,
            "y": 210.7544708251953,
            "z": 0.20999762415885925
         },
         "actor_rotation": {
            "roll": 0.12603121995925903,
            "pitch": 0.6871374845504761,
            "yaw": 89.97862243652344
         },
         "actor_bbox_ext": {
            "x": 2.3399999141693115,
            "y": 0.9399999976158142,
            "z": 0.6499999761581421
         }
      },
      {
         "actor_type": "vehicle.nissan.patrol",
         "actor_id": 344,
         "actor_location": {
            "x": 193.77957153320312,
            "y": 169.7759552001953,
            "z": 0.23041698336601257
         },
         "actor_rotation": {
            "roll": 0.0015512178651988506,
            "pitch": 0.07021433860063553,
            "yaw": -90.14266967773438
         },
         "actor_bbox_ext": {
            "x": 2.259999990463257,
            "y": 0.9599999785423279,
            "z": 0.9435654878616333
         }
      },
      {
         "actor_type": "vehicle.yamaha.yzf",
         "actor_id": 345,
         "actor_location": {
            "x": -7.525772571563721,
            "y": 252.0183563232422,
            "z": 0.17406119406223297
         },
         "actor_rotation": {
            "roll": 0.0007270216592587531,
            "pitch": -1.1252052783966064,