{
   "cam_type": "sensor.camera.rgb",
   "cam_id": 263,
   "cam_location": {
      "x": 190.23092651367188,
      "y": 168.14486694335938,
      "z": 3.327908515930176
   },
   "cam_rotation": {
      "roll": 0.01759462058544159,
      "pitch": -0.00027320755179971457,
      "yaw": 90.00013732910156
   },
   "img_name": "330.png",
   "img_width": 640,
   "img_height": 680,
   "img_fov": 100,
   "debug_info": [
      {
         "actor_type": "vehicle.nissan.patrol",
         "actor_id": 212,
         "actor_location": {
            "x": -2.442852020263672,
            "y": 189.64767456054688,
            "z": 0.26556509733200073
         },
         "actor_rotation": {
            "roll": 0.061912380158901215,
            "pitch": -0.03506619110703468,
            "yaw": 38.6595458984375
         },
         "actor_bbox_ext": {
            "x": 2.259999990463257,
            "y": 0.9599999785423279,
            "z": 0.9435654878616333
         }
      },
      {
         "actor_type": "vehicle.carlamotors.carlacola",
         "actor_id": 213,
         "actor_location": {
            "x": 44.527854919433594,
            "y": 306.4178771972656,
            "z": 0.21875980496406555
         },
         "actor_rotation": {
            "roll": 0.00010218145325779915,
            "pitch": -0.029793282970786095,
            "yaw": -1.3157042264938354
         },
         "actor_bbox_ext": {
            "x": 2.5996146202087402,
            "y": 1.3075095415115356,
            "z": 1.2384252548217773
         }
      },
      {
         "actor_type": "vehicle.nissan.patrol",
         "actor_id": 214,
         "actor_location": {
            "x": -3.322312593460083,
            "y": 207.55386352539062,
            "z": 0.2560900151729584
         },
         "actor_rotation": {
            "roll": 0.4069269299507141,
            "pitch": 0.3463178873062134,
            "yaw": -89.99649047851562
         },
         "actor_bbox_ext": {
            "x": 2.259999990463257,
            "y": 0.9599999785423279,
            "z": 0.9435654878616333
         }
      },
      {
         "actor_type": "vehicle.nissan.micra",
         "actor_id": 215,
         "actor_location": {
            "x": 22.951000213623047,
            "y": 306.7839050292969,
            "z": 0.2057816982269287
         },
         "actor_rotation": {
            "roll": -0.0012207028921693563,
            "pitch": -0.11828520894050598,
            "yaw": 0.04862748086452484
         },
         "actor_bbox_ext": {
            "x": 1.8344237804412842,
            "y": 0.9280761480331421,
            "z": 0.7616068720817566
         }
      },
      {
         "actor_type": "vehicle.yamaha.yzf",
         "actor_id": 216,
         "actor_location": {
            "x": 177.7953643798828,
            "y": 109.551513671875,
            "z": 0.18456827104091644
         },
         "actor_rotation": {
            "roll": -3.0517576306010596e-05,
            "pitch": -0.0766005665063858,
            "yaw": 0.00016119999054353684
         },
         "actor_bbox_ext": {
            "x": 1.0953842401504517,
            "y": 0.3831165134906769,
            "z": 0.8172529339790344
         }
      },
      {
         "actor_type": "vehicle.diamondback.century",
         "actor_id": 217,
         "actor_location": {
            "x": -7.525590419769287,
            "y": 174.32568359375,
            "z": 0.20448382198810577
         },
         "actor_rotation": {
            "roll": 0.0,
            "pitch": -0.024506717920303345,
            "yaw": 89.99451446533203
         },
         "actor_bbox_ext": {
            "x": 0.8281218409538269,
            "y": 0.21070940792560577,
            "z": 0.746755838394165
         }
      },
      {
         "actor_type": "vehicle.citroen.c3",
         "actor_id": 218,
         "actor_location": {
            "x": 183.7809600830078,
            "y": 237.23348999023438,
            "z": 0.29159680008888245
         },
         "actor_rotation": {
            "roll": 0.11430902779102325,
            "pitch": -0.09728921204805374,
            "yaw": -171.1871337890625
         },
         "actor_bbox_ext": {
            "x": 1.9876738786697388,
            "y": 0.931037425994873,
            "z": 0.8128864765167236
         }
      },
      {
         "actor_type": "vehicle.bmw.isetta",
         "actor_id": 219,
         "actor_location": {
            "x": 160.0845184326172,
            "y": 302.55218505859375,
            "z": 0.2226080298423767
         },
         "actor_rotation": {
            "roll": -3.0517576306010596e-05,
            "pitch": 0.33599749207496643,
            "yaw": -179.99188232421875
         },
         "actor_bbox_ext": {
            "x": 1.1012483835220337,
            "y": 0.7426624298095703,
            "z": 0.6732476949691772
         }
      },
      {
         "actor_type": "vehicle.mercedes-benz.coupe",
         "actor_id": 220,
         "actor_location": {
            "x": 193.60113525390625,
            "y": 246.28915405273438,
            "z": 0.34863391518592834
         },
         "actor_rotation": {
            "roll": -0.5067443251609802,
            "pitch": 0.44164684414863586,
            "yaw": -95.74785614013672
         },
         "actor_bbox_ext": {
            "x": 2.521892547607422,
            "y": 1.0814987421035767,
            "z": 0.820067286491394
         }
      },
      {
         "actor_type": "vehicle.kawasaki.ninja",
         "actor_id": 221,
         "actor_location": {
            "x": 61.17336654663086,
            "y": 302.5511169433594,
            "z": 0.25487765669822693
         },
         "actor_rotation": {
            "roll": 0.016804246231913567,
            "pitch": -0.0006761886761523783,
            "yaw": 179.69024658203125
         },
         "actor_bbox_ext": {
            "x": 1.021842122077942,
            "y": 0.3984561562538147,
            "z": 0.687301516532898
         }
      },
      {
         "actor_type": "vehicle.nissan.patrol",
         "actor_id": 222,
         "actor_location": {
            "x": 187.9545440673828,
            "y": 189.74667358398438,
            "z": 0.26492545008659363
         },
         "actor_rotation": {
            "roll": 0.04548982158303261,
            "pitch": -0.014801018871366978,
            "yaw": -151.2689208984375
         },
         "actor_bbox_ext": {
            "x": 2.259999990463257,
            "y": 0.9599999785423279,
            "z": 0.9435654878616333
         }
      },
      {
         "actor_type": "vehicle.dodge_charger.police",
         "actor_id": 223,
         "actor_location": {
            "x": 189.92974853515625,
            "y": 221.72360229492188,
            "z": 0.2265983521938324
         },
         "actor_rotation": {
            "roll": 0.35892266035079956,
            "pitch": 0.4558331370353699,
            "yaw": 89.84205627441406
         },
         "actor_bbox_ext": {
            "x": 2.4965829849243164,
            "y": 1.0679636001586914,
            "z": 0.7898477911949158
         }
      },
      {
         "actor_type": "vehicle.audi.etron",
         "actor_id": 224,
         "actor_location": {
            "x": 139.26251220703125,
            "y": 105.42241668701172,
            "z": 0.17202937602996826
         },
         "actor_rotation": {
            "roll": 0.00038603731081821024,
            "pitch": 0.016098754480481148,
            "yaw": 179.9901123046875
         },
         "actor_bbox_ext": {
            "x": 2.4270286560058594,
            "y": 1.0045700073242188,
            "z": 0.8343994617462158
         }
      },
      {
         "actor_type": "vehicle.kawasaki.ninja",
         "actor_id": 225,
         "actor_location": {
            "x": 32.56450271606445,
            "y": 306.6812438964844,
            "z": 0.22051751613616943
         },
         "actor_rotation": {
            "roll": -0.3575744032859802,
            "pitch": 0.03772996366024017,