{
   "cam_type": "sensor.camera.rgb",
   "cam_id": 265,
   "cam_location": {
      "x": 190.25299072265625,
      "y": 167.79844665527344,
      "z": 1.205615520477295
   },
   "cam_rotation": {
      "roll": 0.017005300149321556,
      "pitch": -0.00033467926550656557,
      "yaw": 90.17023468017578
   },
   "img_name": "334.png",
   "img_width": 640,
   "img_height": 680,
   "img_fov": 100,
   "debug_info": [
      {
         "actor_type": "vehicle.diamondback.century",
         "actor_id": 212,
         "actor_location": {
            "x": -7.523176670074463,
            "y": 174.65475463867188,
            "z": 0.2036151885986328
         },
         "actor_rotation": {
            "roll": 0.0004981305683031678,
            "pitch": -0.07183992862701416,
            "yaw": 90.0198974609375
         },
         "actor_bbox_ext": {
            "x": 0.8281218409538269,
            "y": 0.21070940792560577,
            "z": 0.746755838394165
         }
      },
      {
         "actor_type": "vehicle.nissan.patrol",
         "actor_id": 213,
         "actor_location": {
            "x": 29.48998260498047,
            "y": 306.72210693359375,
            "z": 0.23050978779792786
         },
         "actor_rotation": {
            "roll": 0.0007528607384301722,
            "pitch": 0.04712147265672684,
            "yaw": -0.062408436089754105
         },
         "actor_bbox_ext": {
            "x": 2.259999990463257,
            "y": 0.9599999785423279,
            "z": 0.9435654878616333
         }
      },
      {
         "actor_type": "vehicle.nissan.patrol",
         "actor_id": 214,
         "actor_location": {
            "x": -3.3090312480926514,
            "y": 207.52882385253906,
            "z": 0.2560864984989166
         },
         "actor_rotation": {
            "roll": 0.40690356492996216,
            "pitch": 0.34612664580345154,
            "yaw": -89.76644134521484
         },
         "actor_bbox_ext": {
            "x": 2.259999990463257,
            "y": 0.9599999785423279,
            "z": 0.9435654878616333
         }
      },
      {
         "actor_type": "vehicle.volkswagen.t2",
         "actor_id": 215,
         "actor_location": {
            "x": -5.852670669555664,
            "y": 300.84954833984375,
            "z": 0.20785965025424957
         },
         "actor_rotation": {
            "roll": 0.5766082406044006,
            "pitch": 0.04129531979560852,
            "yaw": 66.55188751220703
         },
         "actor_bbox_ext": {
            "x": 2.2595229148864746,
            "y": 1.0383671522140503,
            "z": 1.0132241249084473
         }
      },
      {
         "actor_type": "vehicle.dodge_charger.police",
         "actor_id": 216,
         "actor_location": {
            "x": 149.4716033935547,
            "y": 109.55152893066406,
            "z": 0.19783295691013336
         },
         "actor_rotation": {
            "roll": -0.000946044921875,
            "pitch": 0.47675400972366333,
            "yaw": -0.010162353515625
         },
         "actor_bbox_ext": {
            "x": 2.4965829849243164,
            "y": 1.0679636001586914,
            "z": 0.7898477911949158
         }
      },
      {
         "actor_type": "vehicle.audi.etron",
         "actor_id": 217,
         "actor_location": {
            "x": -7.52117395401001,
            "y": 166.6278533935547,
            "z": 0.17144934833049774
         },
         "actor_rotation": {
            "roll": 0.000440783187514171,
            "pitch": 0.02605717070400715,
            "yaw": 90.05650329589844
         },
         "actor_bbox_ext": {
            "x": 2.4270286560058594,
            "y": 1.0045700073242188,
            "z": 0.8343994617462158
         }
      },
      {
         "actor_type": "vehicle.bmw.isetta",
         "actor_id": 218,
         "actor_location": {
            "x": 193.7731475830078,
            "y": 254.2479248046875,
            "z": 0.22080770134925842
         },
         "actor_rotation": {
            "roll": 3.0017728931852616e-05,
            "pitch": 0.7013989090919495,
            "yaw": -90.01543426513672
         },
         "actor_bbox_ext": {
            "x": 1.1012483835220337,
            "y": 0.7426624298095703,
            "z": 0.6732476949691772
         }
      },
      {
         "actor_type": "vehicle.diamondback.century",
         "actor_id": 219,
         "actor_location": {
            "x": 168.184814453125,
            "y": 302.554931640625,
            "z": 0.20275714993476868
         },
         "actor_rotation": {
            "roll": -0.005218505393713713,
            "pitch": -0.28704550862312317,
            "yaw": -179.87286376953125
         },
         "actor_bbox_ext": {
            "x": 0.8281218409538269,
            "y": 0.21070940792560577,
            "z": 0.746755838394165
         }
      },
      {
         "actor_type": "vehicle.harley-davidson.low rider",
         "actor_id": 220,
         "actor_location": {
            "x": 193.8212890625,
            "y": 259.931884765625,
            "z": 0.19227541983127594
         },
         "actor_rotation": {
            "roll": 0.0011701183393597603,
            "pitch": 0.09727554768323898,
            "yaw": -90.00399780273438
         },
         "actor_bbox_ext": {
            "x": 1.175087809562683,
            "y": 0.3831165134906769,
            "z": 0.7318695783615112
         }
      },
      {
         "actor_type": "vehicle.toyota.prius",
         "actor_id": 221,
         "actor_location": {
            "x": 68.26286315917969,
            "y": 302.5518798828125,
            "z": 0.2626103460788727
         },
         "actor_rotation": {
            "roll": 0.0017507182201370597,
            "pitch": -0.587368905544281,
            "yaw": 179.95932006835938
         },
         "actor_bbox_ext": {
            "x": 2.2691667079925537,
            "y": 1.0005652904510498,
            "z": 0.7686808109283447
         }
      },
      {
         "actor_type": "vehicle.volkswagen.t2",
         "actor_id": 222,
         "actor_location": {
            "x": 193.81451416015625,
            "y": 203.650634765625,
            "z": 0.20481383800506592
         },
         "actor_rotation": {
            "roll": -0.0034790062345564365,
            "pitch": 0.27125412225723267,
            "yaw": -89.95244598388672
         },
         "actor_bbox_ext": {
            "x": 2.2595229148864746,
            "y": 1.0383671522140503,
            "z": 1.0132241249084473
         }
      },
      {
         "actor_type": "vehicle.audi.tt",
         "actor_id": 223,
         "actor_location": {
            "x": 189.931396484375,
            "y": 222.0092315673828,
            "z": 0.24126926064491272
         },
         "actor_rotation": {
            "roll": 0.22326546907424927,
            "pitch": 0.2293304204940796,
            "yaw": 89.92147064208984
         },
         "actor_bbox_ext": {
            "x": 2.1102468967437744,
            "y": 1.0045700073242188,
            "z": 0.695303738117218
         }
      },
      {
         "actor_type": "vehicle.nissan.micra",
         "actor_id": 224,
         "actor_location": {
            "x": 142.13145446777344,
            "y": 105.34013366699219,
            "z": 0.20727825164794922
         },
         "actor_rotation": {
            "roll": -0.00048828122089616954,
            "pitch": -0.18877959251403809,
            "yaw": 179.97775268554688
         },
         "actor_bbox_ext": {
            "x": 1.8344237804412842,
            "y": 0.9280761480331421,
            "z": 0.7616068720817566
         }
      },
      {
         "actor_type": "vehicle.bmw.isetta",
         "actor_id": 225,
         "actor_location": {
            "x": 1.5102111101150513,
            "y": 305.8277893066406,
            "z": 0.22256749868392944
         },
         "actor_rotation": {
            "roll": 0.36857834458351135,
            "pitch": 0.3464749753475189,