{
   "cam_type": "sensor.camera.rgb",
   "cam_id": 265,
   "cam_location": {
      "x": 189.8944854736328,
      "y": 166.34262084960938,
      "z": 2.996995449066162
   },
   "cam_rotation": {
      "roll": 0.6441895961761475,
      "pitch": 0.4656412899494171,
      "yaw": 89.93467712402344
   },
   "img_name": "335.png",
   "img_width": 640,
   "img_height": 680,
   "img_fov": 100,
   "debug_info": [
      {
         "actor_type": "vehicle.bmw.isetta",
         "actor_id": 212,
         "actor_location": {
            "x": -7.434986591339111,
            "y": 188.3206329345703,
            "z": 0.22206006944179535
         },
         "actor_rotation": {
            "roll": 8.185888873413205e-05,
            "pitch": 0.5180288553237915,
            "yaw": 89.53226470947266
         },
         "actor_bbox_ext": {
            "x": 1.1012483835220337,
            "y": 0.7426624298095703,
            "z": 0.6732476949691772
         }
      },
      {
         "actor_type": "vehicle.mini.cooperst",
         "actor_id": 213,
         "actor_location": {
            "x": 47.17031478881836,
            "y": 306.3590087890625,
            "z": 0.26309940218925476
         },
         "actor_rotation": {
            "roll": -0.0007019040058366954,
            "pitch": -0.10507562756538391,
            "yaw": -1.343048095703125
         },
         "actor_bbox_ext": {
            "x": 1.9010963439941406,
            "y": 0.9870172142982483,
            "z": 0.7375003099441528
         }
      },
      {
         "actor_type": "vehicle.tesla.model3",
         "actor_id": 214,
         "actor_location": {
            "x": -3.26186466217041,
            "y": 207.54519653320312,
            "z": 0.24187880754470825
         },
         "actor_rotation": {
            "roll": 0.6420895457267761,
            "pitch": 0.4644528329372406,
            "yaw": -89.9158935546875
         },
         "actor_bbox_ext": {
            "x": 2.452350616455078,
            "y": 1.0303291082382202,
            "z": 0.7391985058784485
         }
      },
      {
         "actor_type": "vehicle.citroen.c3",
         "actor_id": 215,
         "actor_location": {
            "x": 22.587080001831055,
            "y": 306.719482421875,
            "z": 0.25847530364990234
         },
         "actor_rotation": {
            "roll": 1.8188795365858823e-05,
            "pitch": 0.02575664222240448,
            "yaw": 0.017676478251814842
         },
         "actor_bbox_ext": {
            "x": 1.9876738786697388,
            "y": 0.931037425994873,
            "z": 0.8128864765167236
         }
      },
      {
         "actor_type": "vehicle.kawasaki.ninja",
         "actor_id": 216,
         "actor_location": {
            "x": 178.41162109375,
            "y": 109.55149841308594,
            "z": 0.22265397012233734
         },
         "actor_rotation": {
            "roll": -6.103515625e-05,
            "pitch": 0.3050157427787781,
            "yaw": 0.00032948041916824877
         },
         "actor_bbox_ext": {
            "x": 1.021842122077942,
            "y": 0.3984561562538147,
            "z": 0.687301516532898
         }
      },
      {
         "actor_type": "vehicle.bmw.grandtourer",
         "actor_id": 217,
         "actor_location": {
            "x": -7.440850734710693,
            "y": 179.15484619140625,
            "z": 0.29194557666778564
         },
         "actor_rotation": {
            "roll": 0.012902354821562767,
            "pitch": 0.18666906654834747,
            "yaw": 88.54261016845703
         },
         "actor_bbox_ext": {
            "x": 2.3195438385009766,
            "y": 1.129660964012146,
            "z": 0.8390889763832092
         }
      },
      {
         "actor_type": "vehicle.citroen.c3",
         "actor_id": 218,
         "actor_location": {
            "x": 183.26803588867188,
            "y": 237.3109588623047,
            "z": 0.2914111018180847
         },
         "actor_rotation": {
            "roll": 0.085514135658741,
            "pitch": -0.09548603743314743,
            "yaw": -170.87245178222656
         },
         "actor_bbox_ext": {
            "x": 1.9876738786697388,
            "y": 0.931037425994873,
            "z": 0.8128864765167236
         }
      },
      {
         "actor_type": "vehicle.nissan.patrol",
         "actor_id": 219,
         "actor_location": {
            "x": 133.89585876464844,
            "y": 302.5531921386719,
            "z": 0.23114635050296783
         },
         "actor_rotation": {
            "roll": 7.193452620413154e-05,
            "pitch": 0.02620060369372368,
            "yaw": -179.98533630371094
         },
         "actor_bbox_ext": {
            "x": 2.259999990463257,
            "y": 0.9599999785423279,
            "z": 0.9435654878616333
         }
      },
      {
         "actor_type": "vehicle.seat.leon",
         "actor_id": 220,
         "actor_location": {
            "x": 193.8080596923828,
            "y": 246.32666015625,
            "z": 0.2151290476322174
         },
         "actor_rotation": {
            "roll": 0.0011791500728577375,
            "pitch": -0.044894829392433167,
            "yaw": -90.15989685058594
         },
         "actor_bbox_ext": {
            "x": 2.1039369106292725,
            "y": 0.9099326133728027,
            "z": 0.7347301244735718
         }
      },
      {
         "actor_type": "vehicle.jeep.wrangler_rubicon",
         "actor_id": 221,
         "actor_location": {
            "x": 62.07804489135742,
            "y": 302.5495300292969,
            "z": 0.2501821219921112
         },
         "actor_rotation": {
            "roll": 0.44661980867385864,
            "pitch": 0.44554686546325684,
            "yaw": 179.94541931152344
         },
         "actor_bbox_ext": {
            "x": 1.9340534210205078,
            "y": 0.953285276889801,
            "z": 0.9399999976158142
         }
      },
      {
         "actor_type": "vehicle.bmw.isetta",
         "actor_id": 222,
         "actor_location": {
            "x": 193.0703125,
            "y": 195.3850555419922,
            "z": 0.2222711443901062
         },
         "actor_rotation": {
            "roll": 0.6800627708435059,
            "pitch": 0.29864999651908875,
            "yaw": -110.29313659667969
         },
         "actor_bbox_ext": {
            "x": 1.1012483835220337,
            "y": 0.7426624298095703,
            "z": 0.6732476949691772
         }
      },
      {
         "actor_type": "vehicle.citroen.c3",
         "actor_id": 223,
         "actor_location": {
            "x": 189.9286346435547,
            "y": 221.847900390625,
            "z": 0.2840437889099121
         },
         "actor_rotation": {
            "roll": 0.39999932050704956,
            "pitch": 0.36161068081855774,
            "yaw": 89.86924743652344
         },
         "actor_bbox_ext": {
            "x": 1.9876738786697388,
            "y": 0.931037425994873,
            "z": 0.8128864765167236
         }
      },
      {
         "actor_type": "vehicle.jeep.wrangler_rubicon",
         "actor_id": 224,
         "actor_location": {
            "x": 155.44937133789062,
            "y": 105.39949798583984,
            "z": 0.22682608664035797
         },
         "actor_rotation": {
            "roll": -0.004394529853016138,
            "pitch": -0.06380762159824371,
            "yaw": -179.97811889648438
         },
         "actor_bbox_ext": {
            "x": 1.9340534210205078,
            "y": 0.953285276889801,
            "z": 0.9399999976158142
         }
      },
      {
         "actor_type": "vehicle.gazelle.omafiets",
         "actor_id": 225,
         "actor_location": {
            "x": 33.854549407958984,
            "y": 306.634765625,
            "z": 0.20731580257415771
         },
         "actor_rotation": {
            "roll": -0.9290160536766052,
            "pitch": 0.27742859721183777,
            "yaw": -2.660004138946533
         },