{
   "cam_type": "sensor.camera.rgb",
   "cam_id": 261,
   "cam_location": {
      "x": 189.92494201660156,
      "y": 168.10595703125,
      "z": 0.28957995772361755
   },
   "cam_rotation": {
      "roll": 0.017174873501062393,
      "pitch": -0.00018441509746480733,
      "yaw": 89.93963623046875
   },
   "img_name": "345.png",
   "img_width": 640,
   "img_height": 680,
   "img_fov": 100,
   "debug_info": [
      {
         "actor_type": "vehicle.bmw.isetta",
         "actor_id": 212,
         "actor_location": {
            "x": -7.525256156921387,
            "y": 172.7632598876953,
            "z": 0.22215737402439117
         },
         "actor_rotation": {
            "roll": 7.4439622039790265e-06,
            "pitch": 0.33026012778282166,
            "yaw": 89.9532470703125
         },
         "actor_bbox_ext": {
            "x": 1.1012483835220337,
            "y": 0.7426624298095703,
            "z": 0.6732476949691772
         }
      },
      {
         "actor_type": "vehicle.chevrolet.impala",
         "actor_id": 213,
         "actor_location": {
            "x": 28.560197830200195,
            "y": 306.7203369140625,
            "z": 0.17238208651542664
         },
         "actor_rotation": {
            "roll": 0.00010720633144956082,
            "pitch": -0.0227650199085474,
            "yaw": 0.006236882880330086
         },
         "actor_bbox_ext": {
            "x": 2.684596538543701,
            "y": 1.026368260383606,
            "z": 0.7075497508049011
         }
      },
      {
         "actor_type": "vehicle.dodge_charger.police",
         "actor_id": 214,
         "actor_location": {
            "x": -3.2147467136383057,
            "y": 207.73304748535156,
            "z": 0.21820731461048126
         },
         "actor_rotation": {
            "roll": 0.011786829680204391,
            "pitch": 0.7725899815559387,
            "yaw": -90.05333709716797
         },
         "actor_bbox_ext": {
            "x": 2.4965829849243164,
            "y": 1.0679636001586914,
            "z": 0.7898477911949158
         }
      },
      {
         "actor_type": "vehicle.gazelle.omafiets",
         "actor_id": 215,
         "actor_location": {
            "x": -7.518611907958984,
            "y": 290.8270568847656,
            "z": 0.2079131305217743
         },
         "actor_rotation": {
            "roll": -1.3340407889472772e-08,
            "pitch": 0.3095851242542267,
            "yaw": 89.99449157714844
         },
         "actor_bbox_ext": {
            "x": 0.9217206835746765,
            "y": 0.23374223709106445,
            "z": 0.7950369119644165
         }
      },
      {
         "actor_type": "vehicle.kawasaki.ninja",
         "actor_id": 216,
         "actor_location": {
            "x": 115.61734008789062,
            "y": 109.55149841308594,
            "z": 0.21904486417770386
         },
         "actor_rotation": {
            "roll": -6.103515625e-05,
            "pitch": -0.3978516757488251,
            "yaw": 0.0007280119461938739
         },
         "actor_bbox_ext": {
            "x": 1.021842122077942,
            "y": 0.3984561562538147,
            "z": 0.687301516532898
         }
      },
      {
         "actor_type": "vehicle.lincoln.mkz2017",
         "actor_id": 217,
         "actor_location": {
            "x": -7.5265421867370605,
            "y": 166.8741912841797,
            "z": 0.2095189094543457
         },
         "actor_rotation": {
            "roll": 0.0,
            "pitch": 0.0004234717052895576,
            "yaw": 89.99779510498047
         },
         "actor_bbox_ext": {
            "x": 2.4543750286102295,
            "y": 1.056093692779541,
            "z": 0.7615917921066284
         }
      },
      {
         "actor_type": "vehicle.chevrolet.impala",
         "actor_id": 218,
         "actor_location": {
            "x": 193.80430603027344,
            "y": 256.2740478515625,
            "z": 0.17213107645511627
         },
         "actor_rotation": {
            "roll": 0.0001336080313194543,
            "pitch": 0.0007103396346792579,
            "yaw": -89.89492797851562
         },
         "actor_bbox_ext": {
            "x": 2.684596538543701,
            "y": 1.026368260383606,
            "z": 0.7075497508049011
         }
      },
      {
         "actor_type": "vehicle.volkswagen.t2",
         "actor_id": 219,
         "actor_location": {
            "x": 161.6669464111328,
            "y": 302.5426940917969,
            "z": 0.20882892608642578
         },
         "actor_rotation": {
            "roll": 0.0017019518418237567,
            "pitch": -0.05084392428398132,
            "yaw": -179.97393798828125
         },
         "actor_bbox_ext": {
            "x": 2.2595229148864746,
            "y": 1.0383671522140503,
            "z": 1.0132241249084473
         }
      },
      {
         "actor_type": "vehicle.nissan.micra",
         "actor_id": 220,
         "actor_location": {
            "x": 193.8815155029297,
            "y": 263.4134216308594,
            "z": 0.20663569867610931
         },
         "actor_rotation": {
            "roll": -0.0004577648069243878,
            "pitch": -0.1725715547800064,
            "yaw": -89.76129913330078
         },
         "actor_bbox_ext": {
            "x": 1.8344237804412842,
            "y": 0.9280761480331421,
            "z": 0.7616068720817566
         }
      },
      {
         "actor_type": "vehicle.ford.mustang",
         "actor_id": 221,
         "actor_location": {
            "x": 103.0802230834961,
            "y": 302.55242919921875,
            "z": 0.21423575282096863
         },
         "actor_rotation": {
            "roll": -6.1035138060105965e-05,
            "pitch": -0.02856384962797165,
            "yaw": -179.9996337890625
         },
         "actor_bbox_ext": {
            "x": 2.3399999141693115,
            "y": 0.9399999976158142,
            "z": 0.6499999761581421
         }
      },
      {
         "actor_type": "vehicle.volkswagen.t2",
         "actor_id": 222,
         "actor_location": {
            "x": 193.80178833007812,
            "y": 206.27574157714844,
            "z": 0.2078731507062912
         },
         "actor_rotation": {
            "roll": 0.0,
            "pitch": -0.007110226433724165,
            "yaw": -90.07974243164062
         },
         "actor_bbox_ext": {
            "x": 2.2595229148864746,
            "y": 1.0383671522140503,
            "z": 1.0132241249084473
         }
      },
      {
         "actor_type": "vehicle.audi.a2",
         "actor_id": 223,
         "actor_location": {
            "x": 189.93215942382812,
            "y": 221.11080932617188,
            "z": 0.23519721627235413
         },
         "actor_rotation": {
            "roll": 0.3124094307422638,
            "pitch": 0.42489922046661377,
            "yaw": 90.09776306152344
         },
         "actor_bbox_ext": {
            "x": 1.8593107461929321,
            "y": 0.8962239623069763,
            "z": 0.7677467465400696
         }
      },
      {
         "actor_type": "vehicle.audi.a2",
         "actor_id": 224,
         "actor_location": {
            "x": 182.38763427734375,
            "y": 105.96713256835938,
            "z": 0.2109484076499939
         },
         "actor_rotation": {
            "roll": 0.2321682572364807,
            "pitch": -0.015873359516263008,
            "yaw": -170.27076721191406
         },
         "actor_bbox_ext": {
            "x": 1.8593107461929321,
            "y": 0.8962239623069763,
            "z": 0.7677467465400696
         }
      },
      {
         "actor_type": "vehicle.diamondback.century",
         "actor_id": 225,
         "actor_location": {
            "x": -5.527688503265381,
            "y": 301.4030456542969,
            "z": 0.2029377669095993
         },
         "actor_rotation": {
            "roll": 0.7419878244400024,
            "pitch": -0.27310508489608765,