{
   "cam_type": "sensor.camera.rgb",
   "cam_id": 263,
   "cam_location": {
      "x": 189.91134643554688,
      "y": 165.8702850341797,
      "z": 2.16510272026062
   },
   "cam_rotation": {
      "roll": 0.46734508872032166,
      "pitch": 0.32691332697868347,
      "yaw": 89.96195220947266
   },
   "img_name": "351.png",
   "img_width": 640,
   "img_height": 680,
   "img_fov": 100,
   "debug_info": [
      {
         "actor_type": "vehicle.carlamotors.carlacola",
         "actor_id": 212,
         "actor_location": {
            "x": -7.511662483215332,
            "y": 176.12619018554688,
            "z": 0.2200014442205429
         },
         "actor_rotation": {
            "roll": -0.014038079418241978,
            "pitch": -0.20785631239414215,
            "yaw": 89.46314239501953
         },
         "actor_bbox_ext": {
            "x": 2.5996146202087402,
            "y": 1.3075095415115356,
            "z": 1.2384252548217773
         }
      },
      {
         "actor_type": "vehicle.harley-davidson.low rider",
         "actor_id": 213,
         "actor_location": {
            "x": 32.26566696166992,
            "y": 306.69134521484375,
            "z": 0.1866140067577362
         },
         "actor_rotation": {
            "roll": -0.44476318359375,
            "pitch": -0.6409927010536194,
            "yaw": -1.5182191133499146
         },
         "actor_bbox_ext": {
            "x": 1.175087809562683,
            "y": 0.3831165134906769,
            "z": 0.7318695783615112
         }
      },
      {
         "actor_type": "vehicle.seat.leon",
         "actor_id": 214,
         "actor_location": {
            "x": -3.28249454498291,
            "y": 208.2645263671875,
            "z": 0.23194453120231628
         },
         "actor_rotation": {
            "roll": 0.010477622039616108,
            "pitch": 0.7106333374977112,
            "yaw": -89.9209213256836
         },
         "actor_bbox_ext": {
            "x": 2.1039369106292725,
            "y": 0.9099326133728027,
            "z": 0.7347301244735718
         }
      },
      {
         "actor_type": "vehicle.tesla.model3",
         "actor_id": 215,
         "actor_location": {
            "x": 5.602537631988525,
            "y": 306.4294128417969,
            "z": 0.21728789806365967
         },
         "actor_rotation": {
            "roll": 0.5277313590049744,
            "pitch": 0.1991819590330124,
            "yaw": 7.589768886566162
         },
         "actor_bbox_ext": {
            "x": 2.452350616455078,
            "y": 1.0303291082382202,
            "z": 0.7391985058784485
         }
      },
      {
         "actor_type": "vehicle.mini.cooperst",
         "actor_id": 216,
         "actor_location": {
            "x": 157.96632385253906,
            "y": 109.55204010009766,
            "z": 0.2595541775226593
         },
         "actor_rotation": {
            "roll": -0.000396728515625,
            "pitch": 0.5967194437980652,
            "yaw": 0.0028499301988631487
         },
         "actor_bbox_ext": {
            "x": 1.9010963439941406,
            "y": 0.9870172142982483,
            "z": 0.7375003099441528
         }
      },
      {
         "actor_type": "vehicle.bh.crossbike",
         "actor_id": 217,
         "actor_location": {
            "x": -7.535102367401123,
            "y": 168.32493591308594,
            "z": 0.21519160270690918
         },
         "actor_rotation": {
            "roll": -0.01116943545639515,
            "pitch": -1.18701171875,
            "yaw": 90.13611602783203
         },
         "actor_bbox_ext": {
            "x": 0.7546613812446594,
            "y": 0.4329703152179718,
            "z": 0.7653154730796814
         }
      },
      {
         "actor_type": "vehicle.citroen.c3",
         "actor_id": 218,
         "actor_location": {
            "x": 193.75543212890625,
            "y": 250.16563415527344,
            "z": 0.2584993541240692
         },
         "actor_rotation": {
            "roll": 0.003966405056416988,
            "pitch": 0.047442492097616196,
            "yaw": -90.43692016601562
         },
         "actor_bbox_ext": {
            "x": 1.9876738786697388,
            "y": 0.931037425994873,
            "z": 0.8128864765167236
         }
      },
      {
         "actor_type": "vehicle.bmw.grandtourer",
         "actor_id": 219,
         "actor_location": {
            "x": 153.30540466308594,
            "y": 302.552734375,
            "z": 0.29294607043266296
         },
         "actor_rotation": {
            "roll": -0.0005798339261673391,
            "pitch": 0.13929487764835358,
            "yaw": -179.99807739257812
         },
         "actor_bbox_ext": {
            "x": 2.3195438385009766,
            "y": 1.129660964012146,
            "z": 0.8390889763832092
         }
      },
      {
         "actor_type": "vehicle.bh.crossbike",
         "actor_id": 220,
         "actor_location": {
            "x": 193.82257080078125,
            "y": 259.13909912109375,
            "z": 0.2160254865884781
         },
         "actor_rotation": {
            "roll": -0.0054015531204640865,
            "pitch": -0.9492459893226624,
            "yaw": -89.87850952148438
         },
         "actor_bbox_ext": {
            "x": 0.7546613812446594,
            "y": 0.4329703152179718,
            "z": 0.7653154730796814
         }
      },
      {
         "actor_type": "vehicle.bh.crossbike",
         "actor_id": 221,
         "actor_location": {
            "x": 131.6998748779297,
            "y": 302.0944519042969,
            "z": 0.21955060958862305
         },
         "actor_rotation": {
            "roll": -0.1236572340130806,
            "pitch": -0.03125494346022606,
            "yaw": -179.84471130371094
         },
         "actor_bbox_ext": {
            "x": 0.7546613812446594,
            "y": 0.4329703152179718,
            "z": 0.7653154730796814
         }
      },
      {
         "actor_type": "vehicle.gazelle.omafiets",
         "actor_id": 222,
         "actor_location": {
            "x": 193.7664031982422,
            "y": 204.93165588378906,
            "z": 0.20205262303352356
         },
         "actor_rotation": {
            "roll": 0.000911413342691958,
            "pitch": -0.40979084372520447,
            "yaw": -90.0335693359375
         },
         "actor_bbox_ext": {
            "x": 0.9217206835746765,
            "y": 0.23374223709106445,
            "z": 0.7950369119644165
         }
      },
      {
         "actor_type": "vehicle.bmw.isetta",
         "actor_id": 223,
         "actor_location": {
            "x": 189.9359588623047,
            "y": 220.97003173828125,
            "z": 0.24834184348583221
         },
         "actor_rotation": {
            "roll": 0.40811687707901,
            "pitch": 0.9734863042831421,
            "yaw": 89.99346160888672
         },
         "actor_bbox_ext": {
            "x": 1.1012483835220337,
            "y": 0.7426624298095703,
            "z": 0.6732476949691772
         }
      },
      {
         "actor_type": "vehicle.gazelle.omafiets",
         "actor_id": 224,
         "actor_location": {
            "x": 167.0780487060547,
            "y": 105.40396118164062,
            "z": 0.20660075545310974
         },
         "actor_rotation": {
            "roll": -0.02548217959702015,
            "pitch": 0.17358924448490143,
            "yaw": -179.9647674560547
         },
         "actor_bbox_ext": {
            "x": 0.9217206835746765,
            "y": 0.23374223709106445,
            "z": 0.7950369119644165
         }
      },
      {
         "actor_type": "vehicle.harley-davidson.low rider",
         "actor_id": 225,
         "actor_location": {
            "x": 19.066024780273438,
            "y": 306.7223815917969,
            "z": 0.19160959124565125
         },
         "actor_rotation": {
            "roll": -0.0163574181497097,
            "pitch": -0.03418509662151337,