{
   "cam_type": "sensor.camera.rgb",
   "cam_id": 263,
   "cam_location": {
      "x": 190.23092651367188,
      "y": 168.14486694335938,
      "z": 3.327907085418701
   },
   "cam_rotation": {
      "roll": 0.01759462058544159,
      "pitch": -0.00027320755179971457,
      "yaw": 90.00013732910156
   },
   "img_name": "356.png",
   "img_width": 640,
   "img_height": 680,
   "img_fov": 100,
   "debug_info": [
      {
         "actor_type": "vehicle.nissan.patrol",
         "actor_id": 212,
         "actor_location": {
            "x": 12.815508842468262,
            "y": 191.6179962158203,
            "z": 0.2518288493156433
         },
         "actor_rotation": {
            "roll": 0.6504853367805481,
            "pitch": -0.3070579767227173,
            "yaw": 0.23515371978282928
         },
         "actor_bbox_ext": {
            "x": 2.259999990463257,
            "y": 0.9599999785423279,
            "z": 0.9435654878616333
         }
      },
      {
         "actor_type": "vehicle.carlamotors.carlacola",
         "actor_id": 213,
         "actor_location": {
            "x": 61.73004913330078,
            "y": 306.6307373046875,
            "z": 0.2188025265932083
         },
         "actor_rotation": {
            "roll": -0.0394592322409153,
            "pitch": -0.034881774336099625,
            "yaw": 0.7925487160682678
         },
         "actor_bbox_ext": {
            "x": 2.5996146202087402,
            "y": 1.3075095415115356,
            "z": 1.2384252548217773
         }
      },
      {
         "actor_type": "vehicle.nissan.patrol",
         "actor_id": 214,
         "actor_location": {
            "x": -3.322312593460083,
            "y": 207.55386352539062,
            "z": 0.2560887932777405
         },
         "actor_rotation": {
            "roll": 0.4069269299507141,
            "pitch": 0.3463178873062134,
            "yaw": -89.99649047851562
         },
         "actor_bbox_ext": {
            "x": 2.259999990463257,
            "y": 0.9599999785423279,
            "z": 0.9435654878616333
         }
      },
      {
         "actor_type": "vehicle.nissan.micra",
         "actor_id": 215,
         "actor_location": {
            "x": 37.29729080200195,
            "y": 306.42578125,
            "z": 0.20675331354141235
         },
         "actor_rotation": {
            "roll": -0.1444396674633026,
            "pitch": -0.12308000028133392,
            "yaw": -6.444188594818115
         },
         "actor_bbox_ext": {
            "x": 1.8344237804412842,
            "y": 0.9280761480331421,
            "z": 0.7616068720817566
         }
      },
      {
         "actor_type": "vehicle.yamaha.yzf",
         "actor_id": 216,
         "actor_location": {
            "x": 189.36241149902344,
            "y": 116.97227478027344,
            "z": 0.18308179080486298
         },
         "actor_rotation": {
            "roll": 5.735634803771973,
            "pitch": -0.2624500095844269,
            "yaw": 83.01858520507812
         },
         "actor_bbox_ext": {
            "x": 1.0953842401504517,
            "y": 0.3831165134906769,
            "z": 0.8172529339790344
         }
      },
      {
         "actor_type": "vehicle.diamondback.century",
         "actor_id": 217,
         "actor_location": {
            "x": -4.263640880584717,
            "y": 187.62599182128906,
            "z": 0.24006961286067963
         },
         "actor_rotation": {
            "roll": 0.3328469395637512,
            "pitch": -0.33743181824684143,
            "yaw": 55.917537689208984
         },
         "actor_bbox_ext": {
            "x": 0.8281218409538269,
            "y": 0.21070940792560577,
            "z": 0.746755838394165
         }
      },
      {
         "actor_type": "vehicle.citroen.c3",
         "actor_id": 218,
         "actor_location": {
            "x": 168.56434631347656,
            "y": 236.74591064453125,
            "z": 0.25722038745880127
         },
         "actor_rotation": {
            "roll": -0.0190734826028347,
            "pitch": 0.08210569620132446,
            "yaw": -179.90122985839844
         },
         "actor_bbox_ext": {
            "x": 1.9876738786697388,
            "y": 0.931037425994873,
            "z": 0.8128864765167236
         }
      },
      {
         "actor_type": "vehicle.bmw.isetta",
         "actor_id": 219,
         "actor_location": {
            "x": 145.3414306640625,
            "y": 302.55218505859375,
            "z": 0.22259768843650818
         },
         "actor_rotation": {
            "roll": -9.1552734375e-05,
            "pitch": 0.33883199095726013,
            "yaw": -179.9936065673828
         },
         "actor_bbox_ext": {
            "x": 1.1012483835220337,
            "y": 0.7426624298095703,
            "z": 0.6732476949691772
         }
      },
      {
         "actor_type": "vehicle.mercedes-benz.coupe",
         "actor_id": 220,
         "actor_location": {
            "x": 182.25474548339844,
            "y": 237.35731506347656,
            "z": 0.38061195611953735
         },
         "actor_rotation": {
            "roll": -0.1517333984375,
            "pitch": 0.40011245012283325,
            "yaw": -168.38119506835938
         },
         "actor_bbox_ext": {
            "x": 2.521892547607422,
            "y": 1.0814987421035767,
            "z": 0.820067286491394
         }
      },
      {
         "actor_type": "vehicle.kawasaki.ninja",
         "actor_id": 221,
         "actor_location": {
            "x": 61.17336654663086,
            "y": 302.55108642578125,
            "z": 0.25497856736183167
         },
         "actor_rotation": {
            "roll": 0.012868563644587994,
            "pitch": -0.00021856604143977165,
            "yaw": 179.69024658203125
         },
         "actor_bbox_ext": {
            "x": 1.021842122077942,
            "y": 0.3984561562538147,
            "z": 0.687301516532898
         }
      },
      {
         "actor_type": "vehicle.nissan.patrol",
         "actor_id": 222,
         "actor_location": {
            "x": 172.5005645751953,
            "y": 187.58258056640625,
            "z": 0.24487529695034027
         },
         "actor_rotation": {
            "roll": -0.0341491624712944,
            "pitch": -0.6313211917877197,
            "yaw": -179.0708770751953
         },
         "actor_bbox_ext": {
            "x": 2.259999990463257,
            "y": 0.9599999785423279,
            "z": 0.9435654878616333
         }
      },
      {
         "actor_type": "vehicle.dodge_charger.police",
         "actor_id": 223,
         "actor_location": {
            "x": 189.92974853515625,
            "y": 221.72360229492188,
            "z": 0.2265971302986145
         },
         "actor_rotation": {
            "roll": 0.35892266035079956,
            "pitch": 0.4558331370353699,
            "yaw": 89.84205627441406
         },
         "actor_bbox_ext": {
            "x": 2.4965829849243164,
            "y": 1.0679636001586914,
            "z": 0.7898477911949158
         }
      },
      {
         "actor_type": "vehicle.audi.etron",
         "actor_id": 224,
         "actor_location": {
            "x": 95.60428619384766,
            "y": 105.42251586914062,
            "z": 0.17184822261333466
         },
         "actor_rotation": {
            "roll": 0.000831980665680021,
            "pitch": 0.03316739574074745,
            "yaw": 179.9752197265625
         },
         "actor_bbox_ext": {
            "x": 2.4270286560058594,
            "y": 1.0045700073242188,
            "z": 0.8343994617462158
         }
      },
      {
         "actor_type": "vehicle.kawasaki.ninja",
         "actor_id": 225,
         "actor_location": {
            "x": 44.24325942993164,
            "y": 299.3006896972656,
            "z": 0.24905657768249512
         },
         "actor_rotation": {
            "roll": -2.04022216796875,
            "pitch": -0.7261993288993835,