{
   "cam_type": "sensor.camera.rgb",
   "cam_id": 381,
   "cam_location": {
      "x": 190.05029296875,
      "y": 166.0609588623047,
      "z": 3.608231544494629
   },
   "cam_rotation": {
      "roll": -0.06640616804361343,
      "pitch": 1.5670024156570435,
      "yaw": 91.20846557617188
   },
   "img_name": "358.png",
   "img_width": 640,
   "img_height": 680,
   "img_fov": 100,
   "debug_info": [
      {
         "actor_type": "vehicle.ford.mustang",
         "actor_id": 332,
         "actor_location": {
            "x": -7.526895523071289,
            "y": 165.79779052734375,
            "z": 0.2137380987405777
         },
         "actor_rotation": {
            "roll": 5.889371459488757e-05,
            "pitch": 0.03343377262353897,
            "yaw": 89.99453735351562
         },
         "actor_bbox_ext": {
            "x": 2.3399999141693115,
            "y": 0.9399999976158142,
            "z": 0.6499999761581421
         }
      },
      {
         "actor_type": "vehicle.dodge_charger.police",
         "actor_id": 333,
         "actor_location": {
            "x": -7.528009414672852,
            "y": 293.61834716796875,
            "z": 0.20200423896312714
         },
         "actor_rotation": {
            "roll": 4.66541459900327e-05,
            "pitch": 0.11181701719760895,
            "yaw": 89.99446105957031
         },
         "actor_bbox_ext": {
            "x": 2.4965829849243164,
            "y": 1.0679636001586914,
            "z": 0.7898477911949158
         }
      },
      {
         "actor_type": "vehicle.citroen.c3",
         "actor_id": 334,
         "actor_location": {
            "x": -3.3190057277679443,
            "y": 210.3527069091797,
            "z": 0.2587311565876007
         },
         "actor_rotation": {
            "roll": 3.33857569785323e-05,
            "pitch": 0.0024930189829319715,
            "yaw": -90.0189208984375
         },
         "actor_bbox_ext": {
            "x": 1.9876738786697388,
            "y": 0.931037425994873,
            "z": 0.8128864765167236
         }
      },
      {
         "actor_type": "vehicle.bmw.grandtourer",
         "actor_id": 335,
         "actor_location": {
            "x": -7.526975631713867,
            "y": 255.13661193847656,
            "z": 0.29417288303375244
         },
         "actor_rotation": {
            "roll": -0.0002746566606219858,
            "pitch": 0.029158076271414757,
            "yaw": 89.9832763671875
         },
         "actor_bbox_ext": {
            "x": 2.3195438385009766,
            "y": 1.129660964012146,
            "z": 0.8390889763832092
         }
      },
      {
         "actor_type": "vehicle.yamaha.yzf",
         "actor_id": 336,
         "actor_location": {
            "x": 10.664676666259766,
            "y": 109.55782318115234,
            "z": 0.18519027531147003
         },
         "actor_rotation": {
            "roll": 0.024479694664478302,
            "pitch": -0.1523132175207138,
            "yaw": -0.2193603515625
         },
         "actor_bbox_ext": {
            "x": 1.0953842401504517,
            "y": 0.3831165134906769,
            "z": 0.8172529339790344
         }
      },
      {
         "actor_type": "vehicle.bmw.isetta",
         "actor_id": 337,
         "actor_location": {
            "x": -7.526885986328125,
            "y": 129.0089569091797,
            "z": 0.22220492362976074
         },
         "actor_rotation": {
            "roll": 7.1771441980672535e-06,
            "pitch": 0.3168456256389618,
            "yaw": 89.99454498291016
         },
         "actor_bbox_ext": {
            "x": 1.1012483835220337,
            "y": 0.7426624298095703,
            "z": 0.6732476949691772
         }
      },
      {
         "actor_type": "vehicle.harley-davidson.low rider",
         "actor_id": 338,
         "actor_location": {
            "x": 193.77337646484375,
            "y": 255.4331512451172,
            "z": 0.18991796672344208
         },
         "actor_rotation": {
            "roll": -0.0006408598856069148,
            "pitch": -0.1682480424642563,
            "yaw": -90.00066375732422
         },
         "actor_bbox_ext": {
            "x": 1.175087809562683,
            "y": 0.3831165134906769,
            "z": 0.7318695783615112
         }
      },
      {
         "actor_type": "vehicle.citroen.c3",
         "actor_id": 339,
         "actor_location": {
            "x": 189.600830078125,
            "y": 274.79217529296875,
            "z": 0.25843191146850586
         },
         "actor_rotation": {
            "roll": 2.8434666091925465e-05,
            "pitch": 0.029608868062496185,
            "yaw": 90.00387573242188
         },
         "actor_bbox_ext": {
            "x": 1.9876738786697388,
            "y": 0.931037425994873,
            "z": 0.8128864765167236
         }
      },
      {
         "actor_type": "vehicle.carlamotors.carlacola",
         "actor_id": 340,
         "actor_location": {
            "x": 193.8242950439453,
            "y": 275.55523681640625,
            "z": 0.21875007450580597
         },
         "actor_rotation": {
            "roll": 0.00013420921459328383,
            "pitch": -0.028775585815310478,
            "yaw": -89.99437713623047
         },
         "actor_bbox_ext": {
            "x": 2.5996146202087402,
            "y": 1.3075095415115356,
            "z": 1.2384252548217773
         }
      },
      {
         "actor_type": "vehicle.carlamotors.carlacola",
         "actor_id": 341,
         "actor_location": {
            "x": 178.4130096435547,
            "y": 302.51708984375,
            "z": 0.22006499767303467
         },
         "actor_rotation": {
            "roll": 0.09999371320009232,
            "pitch": -0.027798868715763092,
            "yaw": 178.4199676513672
         },
         "actor_bbox_ext": {
            "x": 2.5996146202087402,
            "y": 1.3075095415115356,
            "z": 1.2384252548217773
         }
      },
      {
         "actor_type": "vehicle.nissan.micra",
         "actor_id": 342,
         "actor_location": {
            "x": 193.77854919433594,
            "y": 205.5072479248047,
            "z": 0.2065655142068863
         },
         "actor_rotation": {
            "roll": -0.0005798347410745919,
            "pitch": -0.16601456701755524,
            "yaw": -90.05916595458984
         },
         "actor_bbox_ext": {
            "x": 1.8344237804412842,
            "y": 0.9280761480331421,
            "z": 0.7616068720817566
         }
      },
      {
         "actor_type": "vehicle.ford.mustang",
         "actor_id": 343,
         "actor_location": {
            "x": 189.93780517578125,
            "y": 220.990478515625,
            "z": 0.23848384618759155
         },
         "actor_rotation": {
            "roll": 0.5083958506584167,
            "pitch": 0.3051728308200836,
            "yaw": 90.89022064208984
         },
         "actor_bbox_ext": {
            "x": 2.3399999141693115,
            "y": 0.9399999976158142,
            "z": 0.6499999761581421
         }
      },
      {
         "actor_type": "vehicle.nissan.patrol",
         "actor_id": 344,
         "actor_location": {
            "x": 193.76763916015625,
            "y": 152.862060546875,
            "z": 0.23121421039104462
         },
         "actor_rotation": {
            "roll": -6.103565101511776e-05,
            "pitch": 0.017478452995419502,
            "yaw": -90.00981903076172
         },
         "actor_bbox_ext": {
            "x": 2.259999990463257,
            "y": 0.9599999785423279,
            "z": 0.9435654878616333
         }
      },
      {
         "actor_type": "vehicle.yamaha.yzf",
         "actor_id": 345,
         "actor_location": {
            "x": -7.524030685424805,
            "y": 270.1049499511719,
            "z": 0.1848985254764557
         },
         "actor_rotation": {
            "roll": 1.6675270053667646e-09,
            "pitch": -0.04043471813201904,