{
   "cam_type": "sensor.camera.rgb",
   "cam_id": 265,
   "cam_location": {
      "x": 189.90374755859375,
      "y": 166.74545288085938,
      "z": 2.9827001094818115
   },
   "cam_rotation": {
      "roll": 0.3708043396472931,
      "pitch": -14.543889999389648,
      "yaw": 89.816162109375
   },
   "img_name": "361.png",
   "img_width": 640,
   "img_height": 680,
   "img_fov": 100,
   "debug_info": [
      {
         "actor_type": "vehicle.jeep.wrangler_rubicon",
         "actor_id": 212,
         "actor_location": {
            "x": -7.536192893981934,
            "y": 172.35406494140625,
            "z": 0.22583365440368652
         },
         "actor_rotation": {
            "roll": -0.004913331475108862,
            "pitch": 0.029349321499466896,
            "yaw": 89.76605987548828
         },
         "actor_bbox_ext": {
            "x": 1.9340534210205078,
            "y": 0.953285276889801,
            "z": 0.9399999976158142
         }
      },
      {
         "actor_type": "vehicle.dodge_charger.police",
         "actor_id": 213,
         "actor_location": {
            "x": -0.8219590783119202,
            "y": 305.13592529296875,
            "z": 0.2011934220790863
         },
         "actor_rotation": {
            "roll": -0.65753173828125,
            "pitch": 0.16968920826911926,
            "yaw": 29.5030517578125
         },
         "actor_bbox_ext": {
            "x": 2.4965829849243164,
            "y": 1.0679636001586914,
            "z": 0.7898477911949158
         }
      },
      {
         "actor_type": "vehicle.audi.tt",
         "actor_id": 214,
         "actor_location": {
            "x": -3.2423908710479736,
            "y": 206.86851501464844,
            "z": 0.24118614196777344
         },
         "actor_rotation": {
            "roll": 0.22230152785778046,
            "pitch": 0.22760237753391266,
            "yaw": -90.28507232666016
         },
         "actor_bbox_ext": {
            "x": 2.1102468967437744,
            "y": 1.0045700073242188,
            "z": 0.695303738117218
         }
      },
      {
         "actor_type": "vehicle.ford.mustang",
         "actor_id": 215,
         "actor_location": {
            "x": -7.524807453155518,
            "y": 270.63873291015625,
            "z": 0.21374595165252686
         },
         "actor_rotation": {
            "roll": 4.683249426307157e-05,
            "pitch": 0.03251169994473457,
            "yaw": 89.99445343017578
         },
         "actor_bbox_ext": {
            "x": 2.3399999141693115,
            "y": 0.9399999976158142,
            "z": 0.6499999761581421
         }
      },
      {
         "actor_type": "vehicle.bmw.grandtourer",
         "actor_id": 216,
         "actor_location": {
            "x": 24.006898880004883,
            "y": 109.55172729492188,
            "z": 0.29253119230270386
         },
         "actor_rotation": {
            "roll": 1.8289989384356886e-05,
            "pitch": 0.17650574445724487,
            "yaw": 0.0017979731783270836
         },
         "actor_bbox_ext": {
            "x": 2.3195438385009766,
            "y": 1.129660964012146,
            "z": 0.8390889763832092
         }
      },
      {
         "actor_type": "vehicle.chevrolet.impala",
         "actor_id": 217,
         "actor_location": {
            "x": -7.526242733001709,
            "y": 160.09423828125,
            "z": 0.17109797894954681
         },
         "actor_rotation": {
            "roll": -0.00036620997707359493,
            "pitch": 0.14168544113636017,
            "yaw": 89.99517822265625
         },
         "actor_bbox_ext": {
            "x": 2.684596538543701,
            "y": 1.026368260383606,
            "z": 0.7075497508049011
         }
      },
      {
         "actor_type": "vehicle.mercedes-benz.coupe",
         "actor_id": 218,
         "actor_location": {
            "x": 193.87625122070312,
            "y": 254.92494201660156,
            "z": 0.3489300310611725
         },
         "actor_rotation": {
            "roll": -0.011413565836846828,
            "pitch": 0.40117114782333374,
            "yaw": -90.10259246826172
         },
         "actor_bbox_ext": {
            "x": 2.521892547607422,
            "y": 1.0814987421035767,
            "z": 0.820067286491394
         }
      },
      {
         "actor_type": "vehicle.yamaha.yzf",
         "actor_id": 219,
         "actor_location": {
            "x": 188.75721740722656,
            "y": 298.2614440917969,
            "z": 0.19091130793094635
         },
         "actor_rotation": {
            "roll": 7.100376605987549,
            "pitch": 0.5594334602355957,
            "yaw": 112.66275024414062
         },
         "actor_bbox_ext": {
            "x": 1.0953842401504517,
            "y": 0.3831165134906769,
            "z": 0.8172529339790344
         }
      },
      {
         "actor_type": "vehicle.tesla.model3",
         "actor_id": 220,
         "actor_location": {
            "x": 193.8204803466797,
            "y": 261.60809326171875,
            "z": 0.21993057429790497
         },
         "actor_rotation": {
            "roll": 0.0031471815891563892,
            "pitch": -0.3299800753593445,
            "yaw": -90.03230285644531
         },
         "actor_bbox_ext": {
            "x": 2.452350616455078,
            "y": 1.0303291082382202,
            "z": 0.7391985058784485
         }
      },
      {
         "actor_type": "vehicle.chevrolet.impala",
         "actor_id": 221,
         "actor_location": {
            "x": 157.7790069580078,
            "y": 302.5539855957031,
            "z": 0.17105163633823395
         },
         "actor_rotation": {
            "roll": -0.0002136229886673391,
            "pitch": 0.14601577818393707,
            "yaw": -179.99839782714844
         },
         "actor_bbox_ext": {
            "x": 2.684596538543701,
            "y": 1.026368260383606,
            "z": 0.7075497508049011
         }
      },
      {
         "actor_type": "vehicle.toyota.prius",
         "actor_id": 222,
         "actor_location": {
            "x": 193.777099609375,
            "y": 204.79348754882812,
            "z": 0.25579634308815
         },
         "actor_rotation": {
            "roll": -9.155271982308477e-05,
            "pitch": -6.147169915493578e-05,
            "yaw": -90.05621337890625
         },
         "actor_bbox_ext": {
            "x": 2.2691667079925537,
            "y": 1.0005652904510498,
            "z": 0.7686808109283447
         }
      },
      {
         "actor_type": "vehicle.bh.crossbike",
         "actor_id": 223,
         "actor_location": {
            "x": 189.93710327148438,
            "y": 221.5660858154297,
            "z": 0.2531090974807739
         },
         "actor_rotation": {
            "roll": 0.013085152953863144,
            "pitch": 0.00015709434228483588,
            "yaw": 90.10328674316406
         },
         "actor_bbox_ext": {
            "x": 0.7546613812446594,
            "y": 0.4329703152179718,
            "z": 0.7653154730796814
         }
      },
      {
         "actor_type": "vehicle.audi.etron",
         "actor_id": 224,
         "actor_location": {
            "x": 193.89901733398438,
            "y": 134.824462890625,
            "z": 0.1721949279308319
         },
         "actor_rotation": {
            "roll": 2.0663143004640006e-05,
            "pitch": 0.0004371320828795433,
            "yaw": -90.01683807373047
         },
         "actor_bbox_ext": {
            "x": 2.4270286560058594,
            "y": 1.0045700073242188,
            "z": 0.8343994617462158
         }
      },
      {
         "actor_type": "vehicle.chevrolet.impala",
         "actor_id": 225,
         "actor_location": {
            "x": -7.526054382324219,
            "y": 287.730224609375,
            "z": 0.173396036028862
         },
         "actor_rotation": {
            "roll": 0.0002956158423330635,
            "pitch": -0.037292830646038055,