{
   "cam_type": "sensor.camera.rgb",
   "cam_id": 261,
   "cam_location": {
      "x": 189.92494201660156,
      "y": 168.10595703125,
      "z": 0.28957995772361755
   },
   "cam_rotation": {
      "roll": 0.017174873501062393,
      "pitch": -0.00018441509746480733,
      "yaw": 89.93963623046875
   },
   "img_name": "372.png",
   "img_width": 640,
   "img_height": 680,
   "img_fov": 100,
   "debug_info": [
      {
         "actor_type": "vehicle.bmw.isetta",
         "actor_id": 212,
         "actor_location": {
            "x": -7.524718284606934,
            "y": 175.03456115722656,
            "z": 0.2214069962501526
         },
         "actor_rotation": {
            "roll": -6.102082261350006e-05,
            "pitch": 0.537850022315979,
            "yaw": 89.99072265625
         },
         "actor_bbox_ext": {
            "x": 1.1012483835220337,
            "y": 0.7426624298095703,
            "z": 0.6732476949691772
         }
      },
      {
         "actor_type": "vehicle.chevrolet.impala",
         "actor_id": 213,
         "actor_location": {
            "x": 30.778974533081055,
            "y": 306.6881103515625,
            "z": 0.16882522404193878
         },
         "actor_rotation": {
            "roll": 0.04481866583228111,
            "pitch": 0.30983102321624756,
            "yaw": -0.8906555771827698
         },
         "actor_bbox_ext": {
            "x": 2.684596538543701,
            "y": 1.026368260383606,
            "z": 0.7075497508049011
         }
      },
      {
         "actor_type": "vehicle.dodge_charger.police",
         "actor_id": 214,
         "actor_location": {
            "x": -3.2147467136383057,
            "y": 207.73304748535156,
            "z": 0.21820731461048126
         },
         "actor_rotation": {
            "roll": 0.011786829680204391,
            "pitch": 0.7725899815559387,
            "yaw": -90.05333709716797
         },
         "actor_bbox_ext": {
            "x": 2.4965829849243164,
            "y": 1.0679636001586914,
            "z": 0.7898477911949158
         }
      },
      {
         "actor_type": "vehicle.gazelle.omafiets",
         "actor_id": 215,
         "actor_location": {
            "x": -2.121317148208618,
            "y": 304.6203918457031,
            "z": 0.20525918900966644
         },
         "actor_rotation": {
            "roll": 0.3381788730621338,
            "pitch": 0.04389079287648201,
            "yaw": 39.554534912109375
         },
         "actor_bbox_ext": {
            "x": 0.9217206835746765,
            "y": 0.23374223709106445,
            "z": 0.7950369119644165
         }
      },
      {
         "actor_type": "vehicle.kawasaki.ninja",
         "actor_id": 216,
         "actor_location": {
            "x": 163.8968505859375,
            "y": 109.5514907836914,
            "z": 0.23739279806613922
         },
         "actor_rotation": {
            "roll": 6.117532757343724e-05,
            "pitch": 2.415189027786255,
            "yaw": 0.0003645350516308099
         },
         "actor_bbox_ext": {
            "x": 1.021842122077942,
            "y": 0.3984561562538147,
            "z": 0.687301516532898
         }
      },
      {
         "actor_type": "vehicle.lincoln.mkz2017",
         "actor_id": 217,
         "actor_location": {
            "x": -7.526490688323975,
            "y": 167.18516540527344,
            "z": 0.21254900097846985
         },
         "actor_rotation": {
            "roll": 5.602985038422048e-05,
            "pitch": -0.33514371514320374,
            "yaw": 90.00209045410156
         },
         "actor_bbox_ext": {
            "x": 2.4543750286102295,
            "y": 1.056093692779541,
            "z": 0.7615917921066284
         }
      },
      {
         "actor_type": "vehicle.chevrolet.impala",
         "actor_id": 218,
         "actor_location": {
            "x": 193.8057403564453,
            "y": 254.0293426513672,
            "z": 0.16886214911937714
         },
         "actor_rotation": {
            "roll": 0.0009254370233975351,
            "pitch": 0.3061427175998688,
            "yaw": -89.94322967529297
         },
         "actor_bbox_ext": {
            "x": 2.684596538543701,
            "y": 1.026368260383606,
            "z": 0.7075497508049011
         }
      },
      {
         "actor_type": "vehicle.volkswagen.t2",
         "actor_id": 219,
         "actor_location": {
            "x": 138.03878784179688,
            "y": 302.542724609375,
            "z": 0.20318476855754852
         },
         "actor_rotation": {
            "roll": -0.006927490234375,
            "pitch": 0.46146121621131897,
            "yaw": -179.96263122558594
         },
         "actor_bbox_ext": {
            "x": 2.2595229148864746,
            "y": 1.0383671522140503,
            "z": 1.0132241249084473
         }
      },
      {
         "actor_type": "vehicle.nissan.micra",
         "actor_id": 220,
         "actor_location": {
            "x": 193.88198852539062,
            "y": 262.9205017089844,
            "z": 0.20731166005134583
         },
         "actor_rotation": {
            "roll": 0.000493618892505765,
            "pitch": -0.24145400524139404,
            "yaw": -89.80559539794922
         },
         "actor_bbox_ext": {
            "x": 1.8344237804412842,
            "y": 0.9280761480331421,
            "z": 0.7616068720817566
         }
      },
      {
         "actor_type": "vehicle.ford.mustang",
         "actor_id": 221,
         "actor_location": {
            "x": 68.79960632324219,
            "y": 302.5523986816406,
            "z": 0.21890322864055634
         },
         "actor_rotation": {
            "roll": -0.0014953612117096782,
            "pitch": -0.610837459564209,
            "yaw": -179.97242736816406
         },
         "actor_bbox_ext": {
            "x": 2.3399999141693115,
            "y": 0.9399999976158142,
            "z": 0.6499999761581421
         }
      },
      {
         "actor_type": "vehicle.volkswagen.t2",
         "actor_id": 222,
         "actor_location": {
            "x": 193.80067443847656,
            "y": 204.1013641357422,
            "z": 0.20605503022670746
         },
         "actor_rotation": {
            "roll": -0.0028686567675322294,
            "pitch": 0.15798909962177277,
            "yaw": -89.99246215820312
         },
         "actor_bbox_ext": {
            "x": 2.2595229148864746,
            "y": 1.0383671522140503,
            "z": 1.0132241249084473
         }
      },
      {
         "actor_type": "vehicle.audi.a2",
         "actor_id": 223,
         "actor_location": {
            "x": 189.93215942382812,
            "y": 221.11080932617188,
            "z": 0.23519721627235413
         },
         "actor_rotation": {
            "roll": 0.3124094307422638,
            "pitch": 0.42489922046661377,
            "yaw": 90.09776306152344
         },
         "actor_bbox_ext": {
            "x": 1.8593107461929321,
            "y": 0.8962239623069763,
            "z": 0.7677467465400696
         }
      },
      {
         "actor_type": "vehicle.audi.a2",
         "actor_id": 224,
         "actor_location": {
            "x": 163.733154296875,
            "y": 105.40361785888672,
            "z": 0.20520778000354767
         },
         "actor_rotation": {
            "roll": -0.0605773851275444,
            "pitch": 0.5129472017288208,
            "yaw": -179.97158813476562
         },
         "actor_bbox_ext": {
            "x": 1.8593107461929321,
            "y": 0.8962239623069763,
            "z": 0.7677467465400696
         }
      },
      {
         "actor_type": "vehicle.diamondback.century",
         "actor_id": 225,
         "actor_location": {
            "x": 8.341821670532227,
            "y": 306.6199951171875,
            "z": 0.20229701697826385
         },
         "actor_rotation": {
            "roll": 0.1631469428539276,
            "pitch": -0.3855914771556854,