{
   "cam_type": "sensor.camera.rgb",
   "cam_id": 265,
   "cam_location": {
      "x": 189.90374755859375,
      "y": 166.74545288085938,
      "z": 2.9827003479003906
   },
   "cam_rotation": {
      "roll": 0.3708043396472931,
      "pitch": -14.543889999389648,
      "yaw": 89.816162109375
   },
   "img_name": "386.png",
   "img_width": 640,
   "img_height": 680,
   "img_fov": 100,
   "debug_info": [
      {
         "actor_type": "vehicle.jeep.wrangler_rubicon",
         "actor_id": 212,
         "actor_location": {
            "x": -7.536192417144775,
            "y": 172.35401916503906,
            "z": 0.2258748561143875
         },
         "actor_rotation": {
            "roll": -0.004852296784520149,
            "pitch": 0.02289479225873947,
            "yaw": 89.76605987548828
         },
         "actor_bbox_ext": {
            "x": 1.9340534210205078,
            "y": 0.953285276889801,
            "z": 0.9399999976158142
         }
      },
      {
         "actor_type": "vehicle.dodge_charger.police",
         "actor_id": 213,
         "actor_location": {
            "x": 14.039037704467773,
            "y": 306.71484375,
            "z": 0.20180702209472656
         },
         "actor_rotation": {
            "roll": -0.010559081099927425,
            "pitch": 0.11635909974575043,
            "yaw": 0.3214612603187561
         },
         "actor_bbox_ext": {
            "x": 2.4965829849243164,
            "y": 1.0679636001586914,
            "z": 0.7898477911949158
         }
      },
      {
         "actor_type": "vehicle.audi.tt",
         "actor_id": 214,
         "actor_location": {
            "x": -3.2423908710479736,
            "y": 206.86851501464844,
            "z": 0.24117927253246307
         },
         "actor_rotation": {
            "roll": 0.2222990095615387,
            "pitch": 0.22804634273052216,
            "yaw": -90.28507232666016
         },
         "actor_bbox_ext": {
            "x": 2.1102468967437744,
            "y": 1.0045700073242188,
            "z": 0.695303738117218
         }
      },
      {
         "actor_type": "vehicle.ford.mustang",
         "actor_id": 215,
         "actor_location": {
            "x": -7.523268222808838,
            "y": 285.6103820800781,
            "z": 0.21487852931022644
         },
         "actor_rotation": {
            "roll": -0.00024414274957962334,
            "pitch": -0.07079491019248962,
            "yaw": 89.99649047851562
         },
         "actor_bbox_ext": {
            "x": 2.3399999141693115,
            "y": 0.9399999976158142,
            "z": 0.6499999761581421
         }
      },
      {
         "actor_type": "vehicle.bmw.grandtourer",
         "actor_id": 216,
         "actor_location": {
            "x": 47.92225646972656,
            "y": 109.551513671875,
            "z": 0.29355791211128235
         },
         "actor_rotation": {
            "roll": -0.00021362301777116954,
            "pitch": 0.08416841924190521,
            "yaw": -0.0012512204702943563
         },
         "actor_bbox_ext": {
            "x": 2.3195438385009766,
            "y": 1.129660964012146,
            "z": 0.8390889763832092
         }
      },
      {
         "actor_type": "vehicle.chevrolet.impala",
         "actor_id": 217,
         "actor_location": {
            "x": -7.525908470153809,
            "y": 165.163330078125,
            "z": 0.17224407196044922
         },
         "actor_rotation": {
            "roll": 0.00015041381993796676,
            "pitch": -0.009678377769887447,
            "yaw": 89.9801254272461
         },
         "actor_bbox_ext": {
            "x": 2.684596538543701,
            "y": 1.026368260383606,
            "z": 0.7075497508049011
         }
      },
      {
         "actor_type": "vehicle.mercedes-benz.coupe",
         "actor_id": 218,
         "actor_location": {
            "x": 193.87625122070312,
            "y": 254.92494201660156,
            "z": 0.34892839193344116
         },
         "actor_rotation": {
            "roll": -0.011413565836846828,
            "pitch": 0.40117114782333374,
            "yaw": -90.10259246826172
         },
         "actor_bbox_ext": {
            "x": 2.521892547607422,
            "y": 1.0814987421035767,
            "z": 0.820067286491394
         }
      },
      {
         "actor_type": "vehicle.yamaha.yzf",
         "actor_id": 219,
         "actor_location": {
            "x": 173.45782470703125,
            "y": 302.550537109375,
            "z": 0.1933441311120987
         },
         "actor_rotation": {
            "roll": 0.07580985873937607,
            "pitch": 0.7594896554946899,
            "yaw": 179.97630310058594
         },
         "actor_bbox_ext": {
            "x": 1.0953842401504517,
            "y": 0.3831165134906769,
            "z": 0.8172529339790344
         }
      },
      {
         "actor_type": "vehicle.tesla.model3",
         "actor_id": 220,
         "actor_location": {
            "x": 193.82054138183594,
            "y": 261.5492858886719,
            "z": 0.21712565422058105
         },
         "actor_rotation": {
            "roll": 5.302749286784092e-06,
            "pitch": 0.13588660955429077,
            "yaw": -90.03675079345703
         },
         "actor_bbox_ext": {
            "x": 2.452350616455078,
            "y": 1.0303291082382202,
            "z": 0.7391985058784485
         }
      },
      {
         "actor_type": "vehicle.chevrolet.impala",
         "actor_id": 221,
         "actor_location": {
            "x": 136.2121124267578,
            "y": 302.55413818359375,
            "z": 0.17008505761623383
         },
         "actor_rotation": {
            "roll": -0.0004272459773346782,
            "pitch": 0.23598985373973846,
            "yaw": 179.99899291992188
         },
         "actor_bbox_ext": {
            "x": 2.684596538543701,
            "y": 1.026368260383606,
            "z": 0.7075497508049011
         }
      },
      {
         "actor_type": "vehicle.toyota.prius",
         "actor_id": 222,
         "actor_location": {
            "x": 193.777099609375,
            "y": 204.79348754882812,
            "z": 0.25579506158828735
         },
         "actor_rotation": {
            "roll": -9.1552734375e-05,
            "pitch": 4.0981132769957185e-05,
            "yaw": -90.05621337890625
         },
         "actor_bbox_ext": {
            "x": 2.2691667079925537,
            "y": 1.0005652904510498,
            "z": 0.7686808109283447
         }
      },
      {
         "actor_type": "vehicle.bh.crossbike",
         "actor_id": 223,
         "actor_location": {
            "x": 189.93710327148438,
            "y": 221.5660858154297,
            "z": 0.25310736894607544
         },
         "actor_rotation": {
            "roll": 0.013084013015031815,
            "pitch": -9.56226431299001e-05,
            "yaw": 90.10328674316406
         },
         "actor_bbox_ext": {
            "x": 0.7546613812446594,
            "y": 0.4329703152179718,
            "z": 0.7653154730796814
         }
      },
      {
         "actor_type": "vehicle.audi.etron",
         "actor_id": 224,
         "actor_location": {
            "x": 193.89317321777344,
            "y": 118.0615005493164,
            "z": 0.17237578332424164
         },
         "actor_rotation": {
            "roll": 1.6927062461036257e-05,
            "pitch": -0.007356113288551569,
            "yaw": -90.01802825927734
         },
         "actor_bbox_ext": {
            "x": 2.4270286560058594,
            "y": 1.0045700073242188,
            "z": 0.8343994617462158
         }
      },
      {
         "actor_type": "vehicle.chevrolet.impala",
         "actor_id": 225,
         "actor_location": {
            "x": -4.868809700012207,
            "y": 301.9911193847656,
            "z": 0.17086948454380035
         },
         "actor_rotation": {
            "roll": 1.1117660999298096,
            "pitch": 0.17013317346572876,