{
   "cam_type": "sensor.camera.rgb",
   "cam_id": 381,
   "cam_location": {
      "x": 190.0426483154297,
      "y": 166.1472625732422,
      "z": 3.753142833709717
   },
   "cam_rotation": {
      "roll": 0.013070163317024708,
      "pitch": -0.00036883019492961466,
      "yaw": 91.19903564453125
   },
   "img_name": "387.png",
   "img_width": 640,
   "img_height": 680,
   "img_fov": 100,
   "debug_info": [
      {
         "actor_type": "vehicle.ford.mustang",
         "actor_id": 332,
         "actor_location": {
            "x": -7.5260443687438965,
            "y": 172.17257690429688,
            "z": 0.2135491967201233
         },
         "actor_rotation": {
            "roll": 1.4876421801091055e-06,
            "pitch": -0.0023837359622120857,
            "yaw": 90.0113296508789
         },
         "actor_bbox_ext": {
            "x": 2.3399999141693115,
            "y": 0.9399999976158142,
            "z": 0.6499999761581421
         }
      },
      {
         "actor_type": "vehicle.dodge_charger.police",
         "actor_id": 333,
         "actor_location": {
            "x": 1.5330697298049927,
            "y": 305.8733825683594,
            "z": 0.20096127688884735
         },
         "actor_rotation": {
            "roll": -0.32614126801490784,
            "pitch": 0.19227664172649384,
            "yaw": 18.605276107788086
         },
         "actor_bbox_ext": {
            "x": 2.4965829849243164,
            "y": 1.0679636001586914,
            "z": 0.7898477911949158
         }
      },
      {
         "actor_type": "vehicle.citroen.c3",
         "actor_id": 334,
         "actor_location": {
            "x": -3.317713499069214,
            "y": 207.47413635253906,
            "z": 0.28397661447525024
         },
         "actor_rotation": {
            "roll": 0.39894920587539673,
            "pitch": 0.3604563772678375,
            "yaw": -90.1676025390625
         },
         "actor_bbox_ext": {
            "x": 1.9876738786697388,
            "y": 0.931037425994873,
            "z": 0.8128864765167236
         }
      },
      {
         "actor_type": "vehicle.bmw.grandtourer",
         "actor_id": 335,
         "actor_location": {
            "x": -7.526355266571045,
            "y": 272.052978515625,
            "z": 0.29538390040397644
         },
         "actor_rotation": {
            "roll": -0.00012207306281197816,
            "pitch": -0.07965366542339325,
            "yaw": 89.98912048339844
         },
         "actor_bbox_ext": {
            "x": 2.3195438385009766,
            "y": 1.129660964012146,
            "z": 0.8390889763832092
         }
      },
      {
         "actor_type": "vehicle.yamaha.yzf",
         "actor_id": 336,
         "actor_location": {
            "x": 28.35264015197754,
            "y": 109.55156707763672,
            "z": 0.18452195823192596
         },
         "actor_rotation": {
            "roll": 2.241016409243457e-05,
            "pitch": -0.08334196358919144,
            "yaw": -0.00067138671875
         },
         "actor_bbox_ext": {
            "x": 1.0953842401504517,
            "y": 0.3831165134906769,
            "z": 0.8172529339790344
         }
      },
      {
         "actor_type": "vehicle.bmw.isetta",
         "actor_id": 337,
         "actor_location": {
            "x": -7.525759696960449,
            "y": 140.81703186035156,
            "z": 0.22227820754051208
         },
         "actor_rotation": {
            "roll": 7.871087291277945e-06,
            "pitch": 0.5501375794410706,
            "yaw": 89.99467468261719
         },
         "actor_bbox_ext": {
            "x": 1.1012483835220337,
            "y": 0.7426624298095703,
            "z": 0.6732476949691772
         }
      },
      {
         "actor_type": "vehicle.harley-davidson.low rider",
         "actor_id": 338,
         "actor_location": {
            "x": 193.77337646484375,
            "y": 255.4331817626953,
            "z": 0.1899360865354538
         },
         "actor_rotation": {
            "roll": -6.670136443176489e-09,
            "pitch": -0.1708366870880127,
            "yaw": -90.00069427490234
         },
         "actor_bbox_ext": {
            "x": 1.175087809562683,
            "y": 0.3831165134906769,
            "z": 0.7318695783615112
         }
      },
      {
         "actor_type": "vehicle.citroen.c3",
         "actor_id": 339,
         "actor_location": {
            "x": 189.60162353515625,
            "y": 291.4364013671875,
            "z": 0.2589055597782135
         },
         "actor_rotation": {
            "roll": 0.0003102195623796433,
            "pitch": -0.013305207714438438,
            "yaw": 90.00926971435547
         },
         "actor_bbox_ext": {
            "x": 1.9876738786697388,
            "y": 0.931037425994873,
            "z": 0.8128864765167236
         }
      },
      {
         "actor_type": "vehicle.carlamotors.carlacola",
         "actor_id": 340,
         "actor_location": {
            "x": 193.8246612548828,
            "y": 262.2744445800781,
            "z": 0.21460437774658203
         },
         "actor_rotation": {
            "roll": -0.0025939864572137594,
            "pitch": 0.3510170578956604,
            "yaw": -90.03190612792969
         },
         "actor_bbox_ext": {
            "x": 2.5996146202087402,
            "y": 1.3075095415115356,
            "z": 1.2384252548217773
         }
      },
      {
         "actor_type": "vehicle.carlamotors.carlacola",
         "actor_id": 341,
         "actor_location": {
            "x": 161.03268432617188,
            "y": 302.5487976074219,
            "z": 0.21840839087963104
         },
         "actor_rotation": {
            "roll": -3.0517576306010596e-05,
            "pitch": 0.006584302056580782,
            "yaw": 179.9920654296875
         },
         "actor_bbox_ext": {
            "x": 2.5996146202087402,
            "y": 1.3075095415115356,
            "z": 1.2384252548217773
         }
      },
      {
         "actor_type": "vehicle.nissan.micra",
         "actor_id": 342,
         "actor_location": {
            "x": 193.77854919433594,
            "y": 205.5072784423828,
            "z": 0.2066355049610138
         },
         "actor_rotation": {
            "roll": -0.0004577648069243878,
            "pitch": -0.17251691222190857,
            "yaw": -90.05921173095703
         },
         "actor_bbox_ext": {
            "x": 1.8344237804412842,
            "y": 0.9280761480331421,
            "z": 0.7616068720817566
         }
      },
      {
         "actor_type": "vehicle.ford.mustang",
         "actor_id": 343,
         "actor_location": {
            "x": 189.93780517578125,
            "y": 220.99072265625,
            "z": 0.2382199764251709
         },
         "actor_rotation": {
            "roll": 0.5086984038352966,
            "pitch": 0.3350276052951813,
            "yaw": 90.89029693603516
         },
         "actor_bbox_ext": {
            "x": 2.3399999141693115,
            "y": 0.9399999976158142,
            "z": 0.6499999761581421
         }
      },
      {
         "actor_type": "vehicle.nissan.patrol",
         "actor_id": 344,
         "actor_location": {
            "x": 193.76222229003906,
            "y": 136.15415954589844,
            "z": 0.2312009036540985
         },
         "actor_rotation": {
            "roll": -3.0517407139996067e-05,
            "pitch": 0.019199660047888756,
            "yaw": -90.02542114257812
         },
         "actor_bbox_ext": {
            "x": 2.259999990463257,
            "y": 0.9599999785423279,
            "z": 0.9435654878616333
         }
      },
      {
         "actor_type": "vehicle.yamaha.yzf",
         "actor_id": 345,
         "actor_location": {
            "x": -7.522261142730713,
            "y": 288.5818176269531,
            "z": 0.18596090376377106
         },
         "actor_rotation": {
            "roll": 0.0,
            "pitch": 0.030244076624512672,