{
   "cam_type": "sensor.camera.rgb",
   "cam_id": 261,
   "cam_location": {
      "x": 189.92494201660156,
      "y": 168.10595703125,
      "z": 0.2895834147930145
   },
   "cam_rotation": {
      "roll": 0.017174873501062393,
      "pitch": -0.00018441509746480733,
      "yaw": 89.93963623046875
   },
   "img_name": "399.png",
   "img_width": 640,
   "img_height": 680,
   "img_fov": 100,
   "debug_info": [
      {
         "actor_type": "vehicle.bmw.isetta",
         "actor_id": 212,
         "actor_location": {
            "x": -5.14077615737915,
            "y": 186.5940399169922,
            "z": 0.24632982909679413
         },
         "actor_rotation": {
            "roll": 1.2015475034713745,
            "pitch": 1.317762017250061,
            "yaw": 52.66041564941406
         },
         "actor_bbox_ext": {
            "x": 1.1012483835220337,
            "y": 0.7426624298095703,
            "z": 0.6732476949691772
         }
      },
      {
         "actor_type": "vehicle.chevrolet.impala",
         "actor_id": 213,
         "actor_location": {
            "x": 44.40515899658203,
            "y": 299.0523681640625,
            "z": 0.20608916878700256
         },
         "actor_rotation": {
            "roll": 0.7421998977661133,
            "pitch": -0.07751581072807312,
            "yaw": -71.06292724609375
         },
         "actor_bbox_ext": {
            "x": 2.684596538543701,
            "y": 1.026368260383606,
            "z": 0.7075497508049011
         }
      },
      {
         "actor_type": "vehicle.dodge_charger.police",
         "actor_id": 214,
         "actor_location": {
            "x": -3.2147467136383057,
            "y": 207.73304748535156,
            "z": 0.2182030975818634
         },
         "actor_rotation": {
            "roll": 0.011786829680204391,
            "pitch": 0.7725899815559387,
            "yaw": -90.05333709716797
         },
         "actor_bbox_ext": {
            "x": 2.4965829849243164,
            "y": 1.0679636001586914,
            "z": 0.7898477911949158
         }
      },
      {
         "actor_type": "vehicle.gazelle.omafiets",
         "actor_id": 215,
         "actor_location": {
            "x": 13.277174949645996,
            "y": 306.70562744140625,
            "z": 0.20387719571590424
         },
         "actor_rotation": {
            "roll": -0.251434326171875,
            "pitch": -0.21618230640888214,
            "yaw": 0.42050766944885254
         },
         "actor_bbox_ext": {
            "x": 0.9217206835746765,
            "y": 0.23374223709106445,
            "z": 0.7950369119644165
         }
      },
      {
         "actor_type": "vehicle.kawasaki.ninja",
         "actor_id": 216,
         "actor_location": {
            "x": 182.0640411376953,
            "y": 109.56233978271484,
            "z": 0.22822359204292297
         },
         "actor_rotation": {
            "roll": 0.07472231239080429,
            "pitch": 0.8974321484565735,
            "yaw": 0.8793331384658813
         },
         "actor_bbox_ext": {
            "x": 1.021842122077942,
            "y": 0.3984561562538147,
            "z": 0.687301516532898
         }
      },
      {
         "actor_type": "vehicle.lincoln.mkz2017",
         "actor_id": 217,
         "actor_location": {
            "x": -7.478673934936523,
            "y": 177.6654052734375,
            "z": 0.20846854150295258
         },
         "actor_rotation": {
            "roll": -0.0182800255715847,
            "pitch": 0.11677573621273041,
            "yaw": 88.92951202392578
         },
         "actor_bbox_ext": {
            "x": 2.4543750286102295,
            "y": 1.056093692779541,
            "z": 0.7615917921066284
         }
      },
      {
         "actor_type": "vehicle.chevrolet.impala",
         "actor_id": 218,
         "actor_location": {
            "x": 193.76876831054688,
            "y": 235.89324951171875,
            "z": 0.17259539663791656
         },
         "actor_rotation": {
            "roll": 0.0001690503559075296,
            "pitch": 0.0018373207421973348,
            "yaw": -90.14378356933594
         },
         "actor_bbox_ext": {
            "x": 2.684596538543701,
            "y": 1.026368260383606,
            "z": 0.7075497508049011
         }
      },
      {
         "actor_type": "vehicle.volkswagen.t2",
         "actor_id": 219,
         "actor_location": {
            "x": 99.53253936767578,
            "y": 302.5430908203125,
            "z": 0.2078314870595932
         },
         "actor_rotation": {
            "roll": -0.0010986328125,
            "pitch": 0.039744868874549866,
            "yaw": -179.9971160888672
         },
         "actor_bbox_ext": {
            "x": 2.2595229148864746,
            "y": 1.0383671522140503,
            "z": 1.0132241249084473
         }
      },
      {
         "actor_type": "vehicle.nissan.micra",
         "actor_id": 220,
         "actor_location": {
            "x": 193.84274291992188,
            "y": 249.03753662109375,
            "z": 0.2071397751569748
         },
         "actor_rotation": {
            "roll": -0.004974368028342724,
            "pitch": -0.17382830381393433,
            "yaw": -90.79595947265625
         },
         "actor_bbox_ext": {
            "x": 1.8344237804412842,
            "y": 0.9280761480331421,
            "z": 0.7616068720817566
         }
      },
      {
         "actor_type": "vehicle.ford.mustang",
         "actor_id": 221,
         "actor_location": {
            "x": 61.90420913696289,
            "y": 302.5548095703125,
            "z": 0.23821067810058594
         },
         "actor_rotation": {
            "roll": 0.5075691342353821,
            "pitch": 0.32842278480529785,
            "yaw": -179.96389770507812
         },
         "actor_bbox_ext": {
            "x": 2.3399999141693115,
            "y": 0.9399999976158142,
            "z": 0.6499999761581421
         }
      },
      {
         "actor_type": "vehicle.volkswagen.t2",
         "actor_id": 222,
         "actor_location": {
            "x": 187.2748565673828,
            "y": 189.32623291015625,
            "z": 0.24396365880966187
         },
         "actor_rotation": {
            "roll": 1.0271108150482178,
            "pitch": -0.2169472873210907,
            "yaw": -157.43421936035156
         },
         "actor_bbox_ext": {
            "x": 2.2595229148864746,
            "y": 1.0383671522140503,
            "z": 1.0132241249084473
         }
      },
      {
         "actor_type": "vehicle.audi.a2",
         "actor_id": 223,
         "actor_location": {
            "x": 189.93215942382812,
            "y": 221.11080932617188,
            "z": 0.23519782721996307
         },
         "actor_rotation": {
            "roll": 0.3124094307422638,
            "pitch": 0.42489922046661377,
            "yaw": 90.09776306152344
         },
         "actor_bbox_ext": {
            "x": 1.8593107461929321,
            "y": 0.8962239623069763,
            "z": 0.7677467465400696
         }
      },
      {
         "actor_type": "vehicle.audi.a2",
         "actor_id": 224,
         "actor_location": {
            "x": 125.79891204833984,
            "y": 105.4032211303711,
            "z": 0.20601920783519745
         },
         "actor_rotation": {
            "roll": -0.0670471116900444,
            "pitch": 0.4373984634876251,
            "yaw": -179.98301696777344
         },
         "actor_bbox_ext": {
            "x": 1.8593107461929321,
            "y": 0.8962239623069763,
            "z": 0.7677467465400696
         }
      },
      {
         "actor_type": "vehicle.diamondback.century",
         "actor_id": 225,
         "actor_location": {
            "x": 24.122079849243164,
            "y": 306.7221374511719,
            "z": 0.20253771543502808
         },
         "actor_rotation": {
            "roll": 0.0010901353089138865,
            "pitch": -0.3439273238182068,