{
   "cam_type": "sensor.camera.rgb",
   "cam_id": 265,
   "cam_location": {
      "x": 189.90374755859375,
      "y": 166.74545288085938,
      "z": 2.982701063156128
   },
   "cam_rotation": {
      "roll": 0.3708043396472931,
      "pitch": -14.543889999389648,
      "yaw": 89.816162109375
   },
   "img_name": "413.png",
   "img_width": 640,
   "img_height": 680,
   "img_fov": 100,
   "debug_info": [
      {
         "actor_type": "vehicle.jeep.wrangler_rubicon",
         "actor_id": 212,
         "actor_location": {
            "x": -7.536192417144775,
            "y": 172.35401916503906,
            "z": 0.22587573528289795
         },
         "actor_rotation": {
            "roll": -0.004852294921875,
            "pitch": 0.0227650199085474,
            "yaw": 89.76605987548828
         },
         "actor_bbox_ext": {
            "x": 1.9340534210205078,
            "y": 0.953285276889801,
            "z": 0.9399999976158142
         }
      },
      {
         "actor_type": "vehicle.dodge_charger.police",
         "actor_id": 213,
         "actor_location": {
            "x": 26.74022102355957,
            "y": 306.7224426269531,
            "z": 0.19705922901630402
         },
         "actor_rotation": {
            "roll": -0.00091552734375,
            "pitch": 0.4947447180747986,
            "yaw": -0.01458740234375
         },
         "actor_bbox_ext": {
            "x": 2.4965829849243164,
            "y": 1.0679636001586914,
            "z": 0.7898477911949158
         }
      },
      {
         "actor_type": "vehicle.audi.tt",
         "actor_id": 214,
         "actor_location": {
            "x": -3.2423908710479736,
            "y": 206.86851501464844,
            "z": 0.2411796897649765
         },
         "actor_rotation": {
            "roll": 0.2222990095615387,
            "pitch": 0.22804634273052216,
            "yaw": -90.28507232666016
         },
         "actor_bbox_ext": {
            "x": 2.1102468967437744,
            "y": 1.0045700073242188,
            "z": 0.695303738117218
         }
      },
      {
         "actor_type": "vehicle.ford.mustang",
         "actor_id": 215,
         "actor_location": {
            "x": -5.568880558013916,
            "y": 301.1439208984375,
            "z": 0.21471458673477173
         },
         "actor_rotation": {
            "roll": 0.8707495331764221,
            "pitch": -0.0942702665925026,
            "yaw": 64.54100799560547
         },
         "actor_bbox_ext": {
            "x": 2.3399999141693115,
            "y": 0.9399999976158142,
            "z": 0.6499999761581421
         }
      },
      {
         "actor_type": "vehicle.bmw.grandtourer",
         "actor_id": 216,
         "actor_location": {
            "x": 92.15556335449219,
            "y": 109.55165100097656,
            "z": 0.2903074324131012
         },
         "actor_rotation": {
            "roll": -9.1552734375e-05,
            "pitch": 0.3750593364238739,
            "yaw": 0.0029797011520713568
         },
         "actor_bbox_ext": {
            "x": 2.3195438385009766,
            "y": 1.129660964012146,
            "z": 0.8390889763832092
         }
      },
      {
         "actor_type": "vehicle.chevrolet.impala",
         "actor_id": 217,
         "actor_location": {
            "x": -7.525908470153809,
            "y": 165.16342163085938,
            "z": 0.17213153839111328
         },
         "actor_rotation": {
            "roll": 0.00013518583728000522,
            "pitch": 0.0007035094313323498,
            "yaw": 89.9801254272461
         },
         "actor_bbox_ext": {
            "x": 2.684596538543701,
            "y": 1.026368260383606,
            "z": 0.7075497508049011
         }
      },
      {
         "actor_type": "vehicle.mercedes-benz.coupe",
         "actor_id": 218,
         "actor_location": {
            "x": 193.87625122070312,
            "y": 254.92494201660156,
            "z": 0.3489283621311188
         },
         "actor_rotation": {
            "roll": -0.011413565836846828,
            "pitch": 0.40117114782333374,
            "yaw": -90.10259246826172
         },
         "actor_bbox_ext": {
            "x": 2.521892547607422,
            "y": 1.0814987421035767,
            "z": 0.820067286491394
         }
      },
      {
         "actor_type": "vehicle.yamaha.yzf",
         "actor_id": 219,
         "actor_location": {
            "x": 157.38040161132812,
            "y": 302.55242919921875,
            "z": 0.18384380638599396
         },
         "actor_rotation": {
            "roll": -3.051757266803179e-05,
            "pitch": -0.15134333074092865,
            "yaw": 179.9993133544922
         },
         "actor_bbox_ext": {
            "x": 1.0953842401504517,
            "y": 0.3831165134906769,
            "z": 0.8172529339790344
         }
      },
      {
         "actor_type": "vehicle.tesla.model3",
         "actor_id": 220,
         "actor_location": {
            "x": 193.82054138183594,
            "y": 261.5492858886719,
            "z": 0.21712352335453033
         },
         "actor_rotation": {
            "roll": 4.095456461072899e-06,
            "pitch": 0.13600954413414001,
            "yaw": -90.03675079345703
         },
         "actor_bbox_ext": {
            "x": 2.452350616455078,
            "y": 1.0303291082382202,
            "z": 0.7391985058784485
         }
      },
      {
         "actor_type": "vehicle.chevrolet.impala",
         "actor_id": 221,
         "actor_location": {
            "x": 99.37696838378906,
            "y": 302.5541687011719,
            "z": 0.17378699779510498
         },
         "actor_rotation": {
            "roll": 0.00039755713078193367,
            "pitch": -0.1093786433339119,
            "yaw": 179.99752807617188
         },
         "actor_bbox_ext": {
            "x": 2.684596538543701,
            "y": 1.026368260383606,
            "z": 0.7075497508049011
         }
      },
      {
         "actor_type": "vehicle.toyota.prius",
         "actor_id": 222,
         "actor_location": {
            "x": 193.777099609375,
            "y": 204.79348754882812,
            "z": 0.2557965815067291
         },
         "actor_rotation": {
            "roll": -9.1552734375e-05,
            "pitch": 4.0981132769957185e-05,
            "yaw": -90.05621337890625
         },
         "actor_bbox_ext": {
            "x": 2.2691667079925537,
            "y": 1.0005652904510498,
            "z": 0.7686808109283447
         }
      },
      {
         "actor_type": "vehicle.bh.crossbike",
         "actor_id": 223,
         "actor_location": {
            "x": 189.93710327148438,
            "y": 221.5660858154297,
            "z": 0.2531082034111023
         },
         "actor_rotation": {
            "roll": 0.013084013015031815,
            "pitch": -9.56226431299001e-05,
            "yaw": 90.10328674316406
         },
         "actor_bbox_ext": {
            "x": 0.7546613812446594,
            "y": 0.4329703152179718,
            "z": 0.7653154730796814
         }
      },
      {
         "actor_type": "vehicle.audi.etron",
         "actor_id": 224,
         "actor_location": {
            "x": 183.49327087402344,
            "y": 106.25729370117188,
            "z": 0.17219962179660797
         },
         "actor_rotation": {
            "roll": 0.04279281944036484,
            "pitch": -0.00015709434228483588,
            "yaw": -164.31614685058594
         },
         "actor_bbox_ext": {
            "x": 2.4270286560058594,
            "y": 1.0045700073242188,
            "z": 0.8343994617462158
         }
      },
      {
         "actor_type": "vehicle.chevrolet.impala",
         "actor_id": 225,
         "actor_location": {
            "x": 11.547182083129883,
            "y": 306.6990051269531,
            "z": 0.17154090106487274
         },
         "actor_rotation": {
            "roll": 0.0328848622739315,
            "pitch": 0.10064966231584549,