{
   "cam_type": "sensor.camera.rgb",
   "cam_id": 381,
   "cam_location": {
      "x": 190.0426483154297,
      "y": 166.1472625732422,
      "z": 3.7531421184539795
   },
   "cam_rotation": {
      "roll": 0.013070163317024708,
      "pitch": -0.00036883019492961466,
      "yaw": 91.19903564453125
   },
   "img_name": "416.png",
   "img_width": 640,
   "img_height": 680,
   "img_fov": 100,
   "debug_info": [
      {
         "actor_type": "vehicle.ford.mustang",
         "actor_id": 332,
         "actor_location": {
            "x": -7.5260443687438965,
            "y": 172.17259216308594,
            "z": 0.21353042125701904
         },
         "actor_rotation": {
            "roll": 5.329261966835475e-06,
            "pitch": -6.147169915493578e-05,
            "yaw": 90.0113296508789
         },
         "actor_bbox_ext": {
            "x": 2.3399999141693115,
            "y": 0.9399999976158142,
            "z": 0.6499999761581421
         }
      },
      {
         "actor_type": "vehicle.dodge_charger.police",
         "actor_id": 333,
         "actor_location": {
            "x": 17.817895889282227,
            "y": 306.72015380859375,
            "z": 0.20191100239753723
         },
         "actor_rotation": {
            "roll": -0.00335693359375,
            "pitch": 0.10698124766349792,
            "yaw": 0.09676949679851532
         },
         "actor_bbox_ext": {
            "x": 2.4965829849243164,
            "y": 1.0679636001586914,
            "z": 0.7898477911949158
         }
      },
      {
         "actor_type": "vehicle.citroen.c3",
         "actor_id": 334,
         "actor_location": {
            "x": -3.3177132606506348,
            "y": 207.47413635253906,
            "z": 0.28397318720817566
         },
         "actor_rotation": {
            "roll": 0.3989224433898926,
            "pitch": 0.36061346530914307,
            "yaw": -90.1676025390625
         },
         "actor_bbox_ext": {
            "x": 1.9876738786697388,
            "y": 0.931037425994873,
            "z": 0.8128864765167236
         }
      },
      {
         "actor_type": "vehicle.bmw.grandtourer",
         "actor_id": 335,
         "actor_location": {
            "x": -7.524415016174316,
            "y": 288.8594970703125,
            "z": 0.29576224088668823
         },
         "actor_rotation": {
            "roll": 0.0006915872800163925,
            "pitch": -0.07983807474374771,
            "yaw": 90.0010986328125
         },
         "actor_bbox_ext": {
            "x": 2.3195438385009766,
            "y": 1.129660964012146,
            "z": 0.8390889763832092
         }
      },
      {
         "actor_type": "vehicle.yamaha.yzf",
         "actor_id": 336,
         "actor_location": {
            "x": 63.959407806396484,
            "y": 109.55156707763672,
            "z": 0.17566043138504028
         },
         "actor_rotation": {
            "roll": -3.051757266803179e-05,
            "pitch": -1.026058316230774,
            "yaw": -0.0008544920710846782
         },
         "actor_bbox_ext": {
            "x": 1.0953842401504517,
            "y": 0.3831165134906769,
            "z": 0.8172529339790344
         }
      },
      {
         "actor_type": "vehicle.bmw.isetta",
         "actor_id": 337,
         "actor_location": {
            "x": -7.524885177612305,
            "y": 156.6488494873047,
            "z": 0.2226012796163559
         },
         "actor_rotation": {
            "roll": -0.00012206506653456017,
            "pitch": 0.33790311217308044,
            "yaw": 90.00724792480469
         },
         "actor_bbox_ext": {
            "x": 1.1012483835220337,
            "y": 0.7426624298095703,
            "z": 0.6732476949691772
         }
      },
      {
         "actor_type": "vehicle.harley-davidson.low rider",
         "actor_id": 338,
         "actor_location": {
            "x": 193.77337646484375,
            "y": 255.4331817626953,
            "z": 0.18993540108203888
         },
         "actor_rotation": {
            "roll": -6.670136443176489e-09,
            "pitch": -0.1708366870880127,
            "yaw": -90.00069427490234
         },
         "actor_bbox_ext": {
            "x": 1.175087809562683,
            "y": 0.3831165134906769,
            "z": 0.7318695783615112
         }
      },
      {
         "actor_type": "vehicle.citroen.c3",
         "actor_id": 339,
         "actor_location": {
            "x": 180.0377960205078,
            "y": 302.4199523925781,
            "z": 0.25986549258232117
         },
         "actor_rotation": {
            "roll": -0.1010131686925888,
            "pitch": -6.147169915493578e-05,
            "yaw": 174.1170654296875
         },
         "actor_bbox_ext": {
            "x": 1.9876738786697388,
            "y": 0.931037425994873,
            "z": 0.8128864765167236
         }
      },
      {
         "actor_type": "vehicle.carlamotors.carlacola",
         "actor_id": 340,
         "actor_location": {
            "x": 193.82464599609375,
            "y": 262.2772521972656,
            "z": 0.21799659729003906
         },
         "actor_rotation": {
            "roll": 6.77338857713039e-06,
            "pitch": 0.00010928302071988583,
            "yaw": -90.03191375732422
         },
         "actor_bbox_ext": {
            "x": 2.5996146202087402,
            "y": 1.3075095415115356,
            "z": 1.2384252548217773
         }
      },
      {
         "actor_type": "vehicle.carlamotors.carlacola",
         "actor_id": 341,
         "actor_location": {
            "x": 142.94635009765625,
            "y": 302.549072265625,
            "z": 0.2198781967163086
         },
         "actor_rotation": {
            "roll": 0.0010827727383002639,
            "pitch": -0.14560596644878387,
            "yaw": -179.9883270263672
         },
         "actor_bbox_ext": {
            "x": 2.5996146202087402,
            "y": 1.3075095415115356,
            "z": 1.2384252548217773
         }
      },
      {
         "actor_type": "vehicle.nissan.micra",
         "actor_id": 342,
         "actor_location": {
            "x": 193.77854919433594,
            "y": 205.5072784423828,
            "z": 0.20663486421108246
         },
         "actor_rotation": {
            "roll": -0.0004577648069243878,
            "pitch": -0.17251691222190857,
            "yaw": -90.05921173095703
         },
         "actor_bbox_ext": {
            "x": 1.8344237804412842,
            "y": 0.9280761480331421,
            "z": 0.7616068720817566
         }
      },
      {
         "actor_type": "vehicle.ford.mustang",
         "actor_id": 343,
         "actor_location": {
            "x": 189.93780517578125,
            "y": 220.99072265625,
            "z": 0.23821882903575897
         },
         "actor_rotation": {
            "roll": 0.5086984038352966,
            "pitch": 0.3350276052951813,
            "yaw": 90.89029693603516
         },
         "actor_bbox_ext": {
            "x": 2.3399999141693115,
            "y": 0.9399999976158142,
            "z": 0.6499999761581421
         }
      },
      {
         "actor_type": "vehicle.nissan.patrol",
         "actor_id": 344,
         "actor_location": {
            "x": 193.75686645507812,
            "y": 119.56049346923828,
            "z": 0.23158203065395355
         },
         "actor_rotation": {
            "roll": -6.103481427999213e-05,
            "pitch": 0.01759456656873226,
            "yaw": -90.01263427734375
         },
         "actor_bbox_ext": {
            "x": 2.259999990463257,
            "y": 0.9599999785423279,
            "z": 0.9435654878616333
         }
      },
      {
         "actor_type": "vehicle.yamaha.yzf",
         "actor_id": 345,
         "actor_location": {
            "x": -3.5015151500701904,
            "y": 303.4220886230469,
            "z": 0.1834365427494049
         },
         "actor_rotation": {
            "roll": -6.640386581420898,