{
   "cam_type": "sensor.camera.rgb",
   "cam_id": 261,
   "cam_location": {
      "x": 189.92494201660156,
      "y": 168.10595703125,
      "z": 0.28958073258399963
   },
   "cam_rotation": {
      "roll": 0.017174873501062393,
      "pitch": -0.00018441509746480733,
      "yaw": 89.93963623046875
   },
   "img_name": "427.png",
   "img_width": 640,
   "img_height": 680,
   "img_fov": 100,
   "debug_info": [
      {
         "actor_type": "vehicle.bmw.isetta",
         "actor_id": 212,
         "actor_location": {
            "x": 8.350519180297852,
            "y": 191.69496154785156,
            "z": 0.2527920603752136
         },
         "actor_rotation": {
            "roll": 0.29329603910446167,
            "pitch": 0.31754231452941895,
            "yaw": 3.853891372680664
         },
         "actor_bbox_ext": {
            "x": 1.1012483835220337,
            "y": 0.7426624298095703,
            "z": 0.6732476949691772
         }
      },
      {
         "actor_type": "vehicle.chevrolet.impala",
         "actor_id": 213,
         "actor_location": {
            "x": 45.893104553222656,
            "y": 282.8439636230469,
            "z": 0.16999602317810059
         },
         "actor_rotation": {
            "roll": 0.025684524327516556,
            "pitch": 0.1484678089618683,
            "yaw": -89.85301208496094
         },
         "actor_bbox_ext": {
            "x": 2.684596538543701,
            "y": 1.026368260383606,
            "z": 0.7075497508049011
         }
      },
      {
         "actor_type": "vehicle.dodge_charger.police",
         "actor_id": 214,
         "actor_location": {
            "x": -3.2147467136383057,
            "y": 207.73304748535156,
            "z": 0.21820634603500366
         },
         "actor_rotation": {
            "roll": 0.011786829680204391,
            "pitch": 0.7725899815559387,
            "yaw": -90.05333709716797
         },
         "actor_bbox_ext": {
            "x": 2.4965829849243164,
            "y": 1.0679636001586914,
            "z": 0.7898477911949158
         }
      },
      {
         "actor_type": "vehicle.gazelle.omafiets",
         "actor_id": 215,
         "actor_location": {
            "x": 29.566965103149414,
            "y": 306.7222595214844,
            "z": 0.2038697749376297
         },
         "actor_rotation": {
            "roll": 0.00024999043671414256,
            "pitch": -0.21633939445018768,
            "yaw": 0.002731545129790902
         },
         "actor_bbox_ext": {
            "x": 0.9217206835746765,
            "y": 0.23374223709106445,
            "z": 0.7950369119644165
         }
      },
      {
         "actor_type": "vehicle.kawasaki.ninja",
         "actor_id": 216,
         "actor_location": {
            "x": 189.58311462402344,
            "y": 122.03179168701172,
            "z": 0.2227785885334015
         },
         "actor_rotation": {
            "roll": 0.37020954489707947,
            "pitch": -0.04348781332373619,
            "yaw": 88.1194839477539
         },
         "actor_bbox_ext": {
            "x": 1.021842122077942,
            "y": 0.3984561562538147,
            "z": 0.687301516532898
         }
      },
      {
         "actor_type": "vehicle.lincoln.mkz2017",
         "actor_id": 217,
         "actor_location": {
            "x": -0.29296475648880005,
            "y": 190.4414825439453,
            "z": 0.23440855741500854
         },
         "actor_rotation": {
            "roll": -0.3546142578125,
            "pitch": 0.8196089863777161,
            "yaw": 20.865964889526367
         },
         "actor_bbox_ext": {
            "x": 2.4543750286102295,
            "y": 1.056093692779541,
            "z": 0.7615917921066284
         }
      },
      {
         "actor_type": "vehicle.chevrolet.impala",
         "actor_id": 218,
         "actor_location": {
            "x": 193.8056182861328,
            "y": 219.58714294433594,
            "z": 0.17251616716384888
         },
         "actor_rotation": {
            "roll": -0.0029296875,
            "pitch": 0.009241245687007904,
            "yaw": -90.09194946289062
         },
         "actor_bbox_ext": {
            "x": 2.684596538543701,
            "y": 1.026368260383606,
            "z": 0.7075497508049011
         }
      },
      {
         "actor_type": "vehicle.volkswagen.t2",
         "actor_id": 219,
         "actor_location": {
            "x": 72.95231628417969,
            "y": 302.5430603027344,
            "z": 0.20779898762702942
         },
         "actor_rotation": {
            "roll": -0.0015869140625,
            "pitch": 0.04322826489806175,
            "yaw": -179.99659729003906
         },
         "actor_bbox_ext": {
            "x": 2.2595229148864746,
            "y": 1.0383671522140503,
            "z": 1.0132241249084473
         }
      },
      {
         "actor_type": "vehicle.nissan.micra",
         "actor_id": 220,
         "actor_location": {
            "x": 184.0413818359375,
            "y": 237.4435272216797,
            "z": 0.2390565425157547
         },
         "actor_rotation": {
            "roll": -0.0528259202837944,
            "pitch": -0.18011890351772308,
            "yaw": -169.08108520507812
         },
         "actor_bbox_ext": {
            "x": 1.8344237804412842,
            "y": 0.9280761480331421,
            "z": 0.7616068720817566
         }
      },
      {
         "actor_type": "vehicle.ford.mustang",
         "actor_id": 221,
         "actor_location": {
            "x": 61.90415954589844,
            "y": 302.5548095703125,
            "z": 0.2381558120250702
         },
         "actor_rotation": {
            "roll": 0.5073193907737732,
            "pitch": 0.3342967629432678,
            "yaw": -179.96389770507812
         },
         "actor_bbox_ext": {
            "x": 2.3399999141693115,
            "y": 0.9399999976158142,
            "z": 0.6499999761581421
         }
      },
      {
         "actor_type": "vehicle.volkswagen.t2",
         "actor_id": 222,
         "actor_location": {
            "x": 165.9434356689453,
            "y": 187.5465545654297,
            "z": 0.2068648487329483
         },
         "actor_rotation": {
            "roll": 0.0025382537860423326,
            "pitch": 0.1093786433339119,
            "yaw": -179.9110870361328
         },
         "actor_bbox_ext": {
            "x": 2.2595229148864746,
            "y": 1.0383671522140503,
            "z": 1.0132241249084473
         }
      },
      {
         "actor_type": "vehicle.audi.a2",
         "actor_id": 223,
         "actor_location": {
            "x": 189.93215942382812,
            "y": 221.11080932617188,
            "z": 0.23519645631313324
         },
         "actor_rotation": {
            "roll": 0.3124094307422638,
            "pitch": 0.42489922046661377,
            "yaw": 90.09776306152344
         },
         "actor_bbox_ext": {
            "x": 1.8593107461929321,
            "y": 0.8962239623069763,
            "z": 0.7677467465400696
         }
      },
      {
         "actor_type": "vehicle.audi.a2",
         "actor_id": 224,
         "actor_location": {
            "x": 65.09736633300781,
            "y": 105.40277099609375,
            "z": 0.20708991587162018
         },
         "actor_rotation": {
            "roll": -0.0661315843462944,
            "pitch": 0.33893445134162903,
            "yaw": -179.9782257080078
         },
         "actor_bbox_ext": {
            "x": 1.8593107461929321,
            "y": 0.8962239623069763,
            "z": 0.7677467465400696
         }
      },
      {
         "actor_type": "vehicle.diamondback.century",
         "actor_id": 225,
         "actor_location": {
            "x": 40.008399963378906,
            "y": 304.6231994628906,
            "z": 0.22521796822547913
         },
         "actor_rotation": {
            "roll": 2.5021958351135254,
            "pitch": 1.5200039148330688,
            "yaw": -35.19788360595703
         },