{
   "cam_type": "sensor.camera.rgb",
   "cam_id": 265,
   "cam_location": {
      "x": 189.90374755859375,
      "y": 166.74545288085938,
      "z": 2.982701301574707
   },
   "cam_rotation": {
      "roll": 0.3708043396472931,
      "pitch": -14.543889999389648,
      "yaw": 89.816162109375
   },
   "img_name": "438.png",
   "img_width": 640,
   "img_height": 680,
   "img_fov": 100,
   "debug_info": [
      {
         "actor_type": "vehicle.jeep.wrangler_rubicon",
         "actor_id": 212,
         "actor_location": {
            "x": -7.498866558074951,
            "y": 177.50364685058594,
            "z": 0.22700755298137665
         },
         "actor_rotation": {
            "roll": -0.01391601376235485,
            "pitch": -0.05856204032897949,
            "yaw": 88.93706512451172
         },
         "actor_bbox_ext": {
            "x": 1.9340534210205078,
            "y": 0.953285276889801,
            "z": 0.9399999976158142
         }
      },
      {
         "actor_type": "vehicle.dodge_charger.police",
         "actor_id": 213,
         "actor_location": {
            "x": 31.58540916442871,
            "y": 306.6932678222656,
            "z": 0.20442956686019897
         },
         "actor_rotation": {
            "roll": -0.02810668759047985,
            "pitch": -0.0960392877459526,
            "yaw": -0.6488341689109802
         },
         "actor_bbox_ext": {
            "x": 2.4965829849243164,
            "y": 1.0679636001586914,
            "z": 0.7898477911949158
         }
      },
      {
         "actor_type": "vehicle.audi.tt",
         "actor_id": 214,
         "actor_location": {
            "x": -3.2423908710479736,
            "y": 206.86851501464844,
            "z": 0.24117892980575562
         },
         "actor_rotation": {
            "roll": 0.2222990095615387,
            "pitch": 0.22804634273052216,
            "yaw": -90.28507232666016
         },
         "actor_bbox_ext": {
            "x": 2.1102468967437744,
            "y": 1.0045700073242188,
            "z": 0.695303738117218
         }
      },
      {
         "actor_type": "vehicle.ford.mustang",
         "actor_id": 215,
         "actor_location": {
            "x": 7.066110134124756,
            "y": 306.586669921875,
            "z": 0.21297714114189148
         },
         "actor_rotation": {
            "roll": 0.2231910675764084,
            "pitch": 0.12631751596927643,
            "yaw": 4.18856954574585
         },
         "actor_bbox_ext": {
            "x": 2.3399999141693115,
            "y": 0.9399999976158142,
            "z": 0.6499999761581421
         }
      },
      {
         "actor_type": "vehicle.bmw.grandtourer",
         "actor_id": 216,
         "actor_location": {
            "x": 145.9669647216797,
            "y": 109.55155181884766,
            "z": 0.3029747009277344
         },
         "actor_rotation": {
            "roll": 0.0018840865232050419,
            "pitch": -0.7605278491973877,
            "yaw": -0.02511596865952015
         },
         "actor_bbox_ext": {
            "x": 2.3195438385009766,
            "y": 1.129660964012146,
            "z": 0.8390889763832092
         }
      },
      {
         "actor_type": "vehicle.chevrolet.impala",
         "actor_id": 217,
         "actor_location": {
            "x": -7.525632381439209,
            "y": 166.52178955078125,
            "z": 0.16855888068675995
         },
         "actor_rotation": {
            "roll": -0.0007934627356007695,
            "pitch": 0.33445385098457336,
            "yaw": 89.99866485595703
         },
         "actor_bbox_ext": {
            "x": 2.684596538543701,
            "y": 1.026368260383606,
            "z": 0.7075497508049011
         }
      },
      {
         "actor_type": "vehicle.mercedes-benz.coupe",
         "actor_id": 218,
         "actor_location": {
            "x": 193.86216735839844,
            "y": 249.36705017089844,
            "z": 0.35016196966171265
         },
         "actor_rotation": {
            "roll": -0.01101685781031847,
            "pitch": 0.3239968419075012,
            "yaw": -90.15460968017578
         },
         "actor_bbox_ext": {
            "x": 2.521892547607422,
            "y": 1.0814987421035767,
            "z": 0.820067286491394
         }
      },
      {
         "actor_type": "vehicle.yamaha.yzf",
         "actor_id": 219,
         "actor_location": {
            "x": 136.89476013183594,
            "y": 302.55242919921875,
            "z": 0.17571285367012024
         },
         "actor_rotation": {
            "roll": 0.00037517162854783237,
            "pitch": -1.0109840631484985,
            "yaw": 179.999755859375
         },
         "actor_bbox_ext": {
            "x": 1.0953842401504517,
            "y": 0.3831165134906769,
            "z": 0.8172529339790344
         }
      },
      {
         "actor_type": "vehicle.tesla.model3",
         "actor_id": 220,
         "actor_location": {
            "x": 193.82086181640625,
            "y": 261.09375,
            "z": 0.2144026905298233
         },
         "actor_rotation": {
            "roll": -0.006195067428052425,
            "pitch": 0.5881202220916748,
            "yaw": -90.10104370117188
         },
         "actor_bbox_ext": {
            "x": 2.452350616455078,
            "y": 1.0303291082382202,
            "z": 0.7391985058784485
         }
      },
      {
         "actor_type": "vehicle.chevrolet.impala",
         "actor_id": 221,
         "actor_location": {
            "x": 67.27690887451172,
            "y": 302.55413818359375,
            "z": 0.1777416169643402
         },
         "actor_rotation": {
            "roll": 0.0013860403560101986,
            "pitch": -0.4783044755458832,
            "yaw": 179.99298095703125
         },
         "actor_bbox_ext": {
            "x": 2.684596538543701,
            "y": 1.026368260383606,
            "z": 0.7075497508049011
         }
      },
      {
         "actor_type": "vehicle.toyota.prius",
         "actor_id": 222,
         "actor_location": {
            "x": 193.7653045654297,
            "y": 199.723388671875,
            "z": 0.2552611827850342
         },
         "actor_rotation": {
            "roll": 0.00027613629936240613,
            "pitch": 0.11629762500524521,
            "yaw": -90.1618423461914
         },
         "actor_bbox_ext": {
            "x": 2.2691667079925537,
            "y": 1.0005652904510498,
            "z": 0.7686808109283447
         }
      },
      {
         "actor_type": "vehicle.bh.crossbike",
         "actor_id": 223,
         "actor_location": {
            "x": 189.93710327148438,
            "y": 221.5660858154297,
            "z": 0.2531082332134247
         },
         "actor_rotation": {
            "roll": 0.013084013015031815,
            "pitch": -9.56226431299001e-05,
            "yaw": 90.10328674316406
         },
         "actor_bbox_ext": {
            "x": 0.7546613812446594,
            "y": 0.4329703152179718,
            "z": 0.7653154730796814
         }
      },
      {
         "actor_type": "vehicle.audi.etron",
         "actor_id": 224,
         "actor_location": {
            "x": 167.24609375,
            "y": 105.42404174804688,
            "z": 0.17209209501743317
         },
         "actor_rotation": {
            "roll": 0.0010548895224928856,
            "pitch": 0.01017698086798191,
            "yaw": -179.93980407714844
         },
         "actor_bbox_ext": {
            "x": 2.4270286560058594,
            "y": 1.0045700073242188,
            "z": 0.8343994617462158
         }
      },
      {
         "actor_type": "vehicle.chevrolet.impala",
         "actor_id": 225,
         "actor_location": {
            "x": 21.62258529663086,
            "y": 306.7200927734375,
            "z": 0.17149761319160461
         },
         "actor_rotation": {
            "roll": 0.00013139224029146135,
            "pitch": 0.05990075692534447,