{
   "cam_type": "sensor.camera.rgb",
   "cam_id": 381,
   "cam_location": {
      "x": 190.0426483154297,
      "y": 166.1472625732422,
      "z": 3.7531447410583496
   },
   "cam_rotation": {
      "roll": 0.013070163317024708,
      "pitch": -0.00036883019492961466,
      "yaw": 91.19903564453125
   },
   "img_name": "445.png",
   "img_width": 640,
   "img_height": 680,
   "img_fov": 100,
   "debug_info": [
      {
         "actor_type": "vehicle.ford.mustang",
         "actor_id": 332,
         "actor_location": {
            "x": -7.5260443687438965,
            "y": 172.17259216308594,
            "z": 0.21352851390838623
         },
         "actor_rotation": {
            "roll": 5.329261966835475e-06,
            "pitch": -6.147169915493578e-05,
            "yaw": 90.0113296508789
         },
         "actor_bbox_ext": {
            "x": 2.3399999141693115,
            "y": 0.9399999976158142,
            "z": 0.6499999761581421
         }
      },
      {
         "actor_type": "vehicle.dodge_charger.police",
         "actor_id": 333,
         "actor_location": {
            "x": 26.714866638183594,
            "y": 306.72161865234375,
            "z": 0.2010074257850647
         },
         "actor_rotation": {
            "roll": 5.157952546142042e-05,
            "pitch": 0.14592015743255615,
            "yaw": 0.07744333893060684
         },
         "actor_bbox_ext": {
            "x": 2.4965829849243164,
            "y": 1.0679636001586914,
            "z": 0.7898477911949158
         }
      },
      {
         "actor_type": "vehicle.citroen.c3",
         "actor_id": 334,
         "actor_location": {
            "x": -3.3177132606506348,
            "y": 207.47413635253906,
            "z": 0.28397485613822937
         },
         "actor_rotation": {
            "roll": 0.3989224433898926,
            "pitch": 0.36061346530914307,
            "yaw": -90.1676025390625
         },
         "actor_bbox_ext": {
            "x": 1.9876738786697388,
            "y": 0.931037425994873,
            "z": 0.8128864765167236
         }
      },
      {
         "actor_type": "vehicle.bmw.grandtourer",
         "actor_id": 335,
         "actor_location": {
            "x": -2.7641842365264893,
            "y": 304.1109619140625,
            "z": 0.2929648458957672
         },
         "actor_rotation": {
            "roll": 0.4492526352405548,
            "pitch": 0.13913094997406006,
            "yaw": 43.62599563598633
         },
         "actor_bbox_ext": {
            "x": 2.3195438385009766,
            "y": 1.129660964012146,
            "z": 0.8390889763832092
         }
      },
      {
         "actor_type": "vehicle.yamaha.yzf",
         "actor_id": 336,
         "actor_location": {
            "x": 123.21432495117188,
            "y": 109.55155944824219,
            "z": 0.1866055428981781
         },
         "actor_rotation": {
            "roll": 0.0034190777223557234,
            "pitch": 0.13266275823116302,
            "yaw": 0.001232635579071939
         },
         "actor_bbox_ext": {
            "x": 1.0953842401504517,
            "y": 0.3831165134906769,
            "z": 0.8172529339790344
         }
      },
      {
         "actor_type": "vehicle.bmw.isetta",
         "actor_id": 337,
         "actor_location": {
            "x": -7.524153709411621,
            "y": 166.1072235107422,
            "z": 0.22335189580917358
         },
         "actor_rotation": {
            "roll": 1.084288305719383e-05,
            "pitch": 0.0025544906966388226,
            "yaw": 89.994140625
         },
         "actor_bbox_ext": {
            "x": 1.1012483835220337,
            "y": 0.7426624298095703,
            "z": 0.6732476949691772
         }
      },
      {
         "actor_type": "vehicle.harley-davidson.low rider",
         "actor_id": 338,
         "actor_location": {
            "x": 193.77337646484375,
            "y": 255.4331817626953,
            "z": 0.18993836641311646
         },
         "actor_rotation": {
            "roll": -6.670136443176489e-09,
            "pitch": -0.1708366870880127,
            "yaw": -90.00069427490234
         },
         "actor_bbox_ext": {
            "x": 1.175087809562683,
            "y": 0.3831165134906769,
            "z": 0.7318695783615112
         }
      },
      {
         "actor_type": "vehicle.citroen.c3",
         "actor_id": 339,
         "actor_location": {
            "x": 163.07640075683594,
            "y": 302.5545654296875,
            "z": 0.2584213614463806
         },
         "actor_rotation": {
            "roll": -0.00018310542509425431,
            "pitch": 0.030462641268968582,
            "yaw": 179.993896484375
         },
         "actor_bbox_ext": {
            "x": 1.9876738786697388,
            "y": 0.931037425994873,
            "z": 0.8128864765167236
         }
      },
      {
         "actor_type": "vehicle.carlamotors.carlacola",
         "actor_id": 340,
         "actor_location": {
            "x": 193.82464599609375,
            "y": 262.2772521972656,
            "z": 0.2179994136095047
         },
         "actor_rotation": {
            "roll": 6.733421741955681e-06,
            "pitch": 0.0,
            "yaw": -90.03191375732422
         },
         "actor_bbox_ext": {
            "x": 2.5996146202087402,
            "y": 1.3075095415115356,
            "z": 1.2384252548217773
         }
      },
      {
         "actor_type": "vehicle.carlamotors.carlacola",
         "actor_id": 341,
         "actor_location": {
            "x": 113.9547119140625,
            "y": 302.5491638183594,
            "z": 0.21949313580989838
         },
         "actor_rotation": {
            "roll": 0.0008317353785969317,
            "pitch": -0.10571765899658203,
            "yaw": -179.99034118652344
         },
         "actor_bbox_ext": {
            "x": 2.5996146202087402,
            "y": 1.3075095415115356,
            "z": 1.2384252548217773
         }
      },
      {
         "actor_type": "vehicle.nissan.micra",
         "actor_id": 342,
         "actor_location": {
            "x": 193.77854919433594,
            "y": 205.5072784423828,
            "z": 0.20663782954216003
         },
         "actor_rotation": {
            "roll": -0.0004577648069243878,
            "pitch": -0.17251691222190857,
            "yaw": -90.05921173095703
         },
         "actor_bbox_ext": {
            "x": 1.8344237804412842,
            "y": 0.9280761480331421,
            "z": 0.7616068720817566
         }
      },
      {
         "actor_type": "vehicle.ford.mustang",
         "actor_id": 343,
         "actor_location": {
            "x": 189.93780517578125,
            "y": 220.99072265625,
            "z": 0.2382204383611679
         },
         "actor_rotation": {
            "roll": 0.5086984038352966,
            "pitch": 0.3350276052951813,
            "yaw": 90.89029693603516
         },
         "actor_bbox_ext": {
            "x": 2.3399999141693115,
            "y": 0.9399999976158142,
            "z": 0.6499999761581421
         }
      },
      {
         "actor_type": "vehicle.nissan.patrol",
         "actor_id": 344,
         "actor_location": {
            "x": 185.38848876953125,
            "y": 106.64137268066406,
            "z": 0.23120887577533722
         },
         "actor_rotation": {
            "roll": 0.035468216985464096,
            "pitch": 0.014616603963077068,
            "yaw": -160.19046020507812
         },
         "actor_bbox_ext": {
            "x": 2.259999990463257,
            "y": 0.9599999785423279,
            "z": 0.9435654878616333
         }
      },
      {
         "actor_type": "vehicle.yamaha.yzf",
         "actor_id": 345,
         "actor_location": {
            "x": 12.38657283782959,
            "y": 306.7003479003906,
            "z": 0.18498490750789642
         },
         "actor_rotation": {
            "roll": -0.6935119032859802,
            "pitch": -0.03275075554847717,