{
   "cam_type": "sensor.camera.rgb",
   "cam_id": 265,
   "cam_location": {
      "x": 189.90374755859375,
      "y": 166.74545288085938,
      "z": 2.982701301574707
   },
   "cam_rotation": {
      "roll": 0.3708043396472931,
      "pitch": -14.543889999389648,
      "yaw": 89.816162109375
   },
   "img_name": "464.png",
   "img_width": 640,
   "img_height": 680,
   "img_fov": 100,
   "debug_info": [
      {
         "actor_type": "vehicle.jeep.wrangler_rubicon",
         "actor_id": 212,
         "actor_location": {
            "x": -0.6261866688728333,
            "y": 190.31301879882812,
            "z": 0.25952595472335815
         },
         "actor_rotation": {
            "roll": -0.1552429050207138,
            "pitch": -0.03298981115221977,
            "yaw": 20.40247917175293
         },
         "actor_bbox_ext": {
            "x": 1.9340534210205078,
            "y": 0.953285276889801,
            "z": 0.9399999976158142
         }
      },
      {
         "actor_type": "vehicle.dodge_charger.police",
         "actor_id": 213,
         "actor_location": {
            "x": 46.99365997314453,
            "y": 306.35809326171875,
            "z": 0.20162610709667206
         },
         "actor_rotation": {
            "roll": 4.6347147872438654e-05,
            "pitch": 0.1328403353691101,
            "yaw": -1.3195496797561646
         },
         "actor_bbox_ext": {
            "x": 2.4965829849243164,
            "y": 1.0679636001586914,
            "z": 0.7898477911949158
         }
      },
      {
         "actor_type": "vehicle.audi.tt",
         "actor_id": 214,
         "actor_location": {
            "x": -3.2423908710479736,
            "y": 206.86851501464844,
            "z": 0.24117892980575562
         },
         "actor_rotation": {
            "roll": 0.2222990095615387,
            "pitch": 0.22804634273052216,
            "yaw": -90.28507232666016
         },
         "actor_bbox_ext": {
            "x": 2.1102468967437744,
            "y": 1.0045700073242188,
            "z": 0.695303738117218
         }
      },
      {
         "actor_type": "vehicle.ford.mustang",
         "actor_id": 215,
         "actor_location": {
            "x": 21.632387161254883,
            "y": 306.7218017578125,
            "z": 0.21213622391223907
         },
         "actor_rotation": {
            "roll": 0.002026496222242713,
            "pitch": 0.2689864933490753,
            "yaw": 0.016482913866639137
         },
         "actor_bbox_ext": {
            "x": 2.3399999141693115,
            "y": 0.9399999976158142,
            "z": 0.6499999761581421
         }
      },
      {
         "actor_type": "vehicle.bmw.grandtourer",
         "actor_id": 216,
         "actor_location": {
            "x": 175.06581115722656,
            "y": 109.55142974853516,
            "z": 0.29415369033813477
         },
         "actor_rotation": {
            "roll": -3.0517569030052982e-05,
            "pitch": 0.03107052855193615,
            "yaw": 0.0015370526816695929
         },
         "actor_bbox_ext": {
            "x": 2.3195438385009766,
            "y": 1.129660964012146,
            "z": 0.8390889763832092
         }
      },
      {
         "actor_type": "vehicle.chevrolet.impala",
         "actor_id": 217,
         "actor_location": {
            "x": -7.3760600090026855,
            "y": 181.14442443847656,
            "z": 0.17183616757392883
         },
         "actor_rotation": {
            "roll": 0.01707080379128456,
            "pitch": 0.07483837753534317,
            "yaw": 88.25225067138672
         },
         "actor_bbox_ext": {
            "x": 2.684596538543701,
            "y": 1.026368260383606,
            "z": 0.7075497508049011
         }
      },
      {
         "actor_type": "vehicle.mercedes-benz.coupe",
         "actor_id": 218,
         "actor_location": {
            "x": 193.78518676757812,
            "y": 233.90988159179688,
            "z": 0.3495786190032959
         },
         "actor_rotation": {
            "roll": -0.010772697627544403,
            "pitch": 0.37954676151275635,
            "yaw": -90.28368377685547
         },
         "actor_bbox_ext": {
            "x": 2.521892547607422,
            "y": 1.0814987421035767,
            "z": 0.820067286491394
         }
      },
      {
         "actor_type": "vehicle.yamaha.yzf",
         "actor_id": 219,
         "actor_location": {
            "x": 98.69023132324219,
            "y": 302.55242919921875,
            "z": 0.18280738592147827
         },
         "actor_rotation": {
            "roll": -9.155272709904239e-05,
            "pitch": -0.26733359694480896,
            "yaw": 179.9996337890625
         },
         "actor_bbox_ext": {
            "x": 1.0953842401504517,
            "y": 0.3831165134906769,
            "z": 0.8172529339790344
         }
      },
      {
         "actor_type": "vehicle.tesla.model3",
         "actor_id": 220,
         "actor_location": {
            "x": 193.80812072753906,
            "y": 247.0803985595703,
            "z": 0.2179543673992157
         },
         "actor_rotation": {
            "roll": 0.002800313290208578,
            "pitch": 0.07726992666721344,
            "yaw": -90.15103149414062
         },
         "actor_bbox_ext": {
            "x": 2.452350616455078,
            "y": 1.0303291082382202,
            "z": 0.7391985058784485
         }
      },
      {
         "actor_type": "vehicle.chevrolet.impala",
         "actor_id": 221,
         "actor_location": {
            "x": 61.83128356933594,
            "y": 302.5550231933594,
            "z": 0.1965416669845581
         },
         "actor_rotation": {
            "roll": 0.46629267930984497,
            "pitch": 0.3244066536426544,
            "yaw": 179.9573974609375
         },
         "actor_bbox_ext": {
            "x": 2.684596538543701,
            "y": 1.026368260383606,
            "z": 0.7075497508049011
         }
      },
      {
         "actor_type": "vehicle.toyota.prius",
         "actor_id": 222,
         "actor_location": {
            "x": 193.70008850097656,
            "y": 180.726806640625,
            "z": 0.25805383920669556
         },
         "actor_rotation": {
            "roll": 0.0003435585822444409,
            "pitch": -0.16512665152549744,
            "yaw": -90.20635986328125
         },
         "actor_bbox_ext": {
            "x": 2.2691667079925537,
            "y": 1.0005652904510498,
            "z": 0.7686808109283447
         }
      },
      {
         "actor_type": "vehicle.bh.crossbike",
         "actor_id": 223,
         "actor_location": {
            "x": 189.93710327148438,
            "y": 221.5660858154297,
            "z": 0.2531082332134247
         },
         "actor_rotation": {
            "roll": 0.013084013015031815,
            "pitch": -9.56226431299001e-05,
            "yaw": 90.10328674316406
         },
         "actor_bbox_ext": {
            "x": 0.7546613812446594,
            "y": 0.4329703152179718,
            "z": 0.7653154730796814
         }
      },
      {
         "actor_type": "vehicle.audi.etron",
         "actor_id": 224,
         "actor_location": {
            "x": 141.50184631347656,
            "y": 105.42271423339844,
            "z": 0.17211958765983582
         },
         "actor_rotation": {
            "roll": 4.2935476812999696e-05,
            "pitch": 0.007547358516603708,
            "yaw": -179.9882354736328
         },
         "actor_bbox_ext": {
            "x": 2.4270286560058594,
            "y": 1.0045700073242188,
            "z": 0.8343994617462158
         }
      },
      {
         "actor_type": "vehicle.chevrolet.impala",
         "actor_id": 225,
         "actor_location": {
            "x": 34.79667663574219,
            "y": 306.55987548828125,
            "z": 0.17171332240104675
         },
         "actor_rotation": {
            "roll": 0.024580109864473343,
            "pitch": 0.08522026240825653,