{
   "cam_type": "sensor.camera.rgb",
   "cam_id": 383,
   "cam_location": {
      "x": 189.9300537109375,
      "y": 161.0392303466797,
      "z": 2.7907626628875732
   },
   "cam_rotation": {
      "roll": -0.00030517432605847716,
      "pitch": -0.2788082957267761,
      "yaw": 89.98979949951172
   },
   "img_name": "466.png",
   "img_width": 640,
   "img_height": 680,
   "img_fov": 100,
   "debug_info": [
      {
         "actor_type": "vehicle.kawasaki.ninja",
         "actor_id": 332,
         "actor_location": {
            "x": -7.528005599975586,
            "y": 152.265625,
            "z": 0.2227965146303177
         },
         "actor_rotation": {
            "roll": 7.642626587767154e-05,
            "pitch": 0.12880370020866394,
            "yaw": 89.99443054199219
         },
         "actor_bbox_ext": {
            "x": 1.021842122077942,
            "y": 0.3984561562538147,
            "z": 0.687301516532898
         }
      },
      {
         "actor_type": "vehicle.volkswagen.t2",
         "actor_id": 333,
         "actor_location": {
            "x": -7.530453205108643,
            "y": 278.6915283203125,
            "z": 0.2079186588525772
         },
         "actor_rotation": {
            "roll": 0.0002316728059668094,
            "pitch": -0.013339358381927013,
            "yaw": 90.0002670288086
         },
         "actor_bbox_ext": {
            "x": 2.2595229148864746,
            "y": 1.0383671522140503,
            "z": 1.0132241249084473
         }
      },
      {
         "actor_type": "vehicle.nissan.micra",
         "actor_id": 334,
         "actor_location": {
            "x": -3.31913161277771,
            "y": 222.2366180419922,
            "z": 0.2069297730922699
         },
         "actor_rotation": {
            "roll": -0.00347900646738708,
            "pitch": -0.15365192294120789,
            "yaw": -89.93633270263672
         },
         "actor_bbox_ext": {
            "x": 1.8344237804412842,
            "y": 0.9280761480331421,
            "z": 0.7616068720817566
         }
      },
      {
         "actor_type": "vehicle.lincoln.mkz2017",
         "actor_id": 335,
         "actor_location": {
            "x": -7.529541492462158,
            "y": 243.36569213867188,
            "z": 0.20893581211566925
         },
         "actor_rotation": {
            "roll": -9.15474010980688e-05,
            "pitch": 0.11803249269723892,
            "yaw": 89.99440002441406
         },
         "actor_bbox_ext": {
            "x": 2.4543750286102295,
            "y": 1.056093692779541,
            "z": 0.7615917921066284
         }
      },
      {
         "actor_type": "vehicle.diamondback.century",
         "actor_id": 336,
         "actor_location": {
            "x": -3.420383930206299,
            "y": 116.01644897460938,
            "z": 0.20224307477474213
         },
         "actor_rotation": {
            "roll": -0.3302306532859802,
            "pitch": -0.306607186794281,
            "yaw": -79.80668640136719
         },
         "actor_bbox_ext": {
            "x": 0.8281218409538269,
            "y": 0.21070940792560577,
            "z": 0.746755838394165
         }
      },
      {
         "actor_type": "vehicle.audi.a2",
         "actor_id": 337,
         "actor_location": {
            "x": -7.530116558074951,
            "y": 131.48284912109375,
            "z": 0.21224352717399597
         },
         "actor_rotation": {
            "roll": -0.062377918511629105,
            "pitch": -0.1389123797416687,
            "yaw": 89.99101257324219
         },
         "actor_bbox_ext": {
            "x": 1.8593107461929321,
            "y": 0.8962239623069763,
            "z": 0.7677467465400696
         }
      },
      {
         "actor_type": "vehicle.bh.crossbike",
         "actor_id": 338,
         "actor_location": {
            "x": 193.77769470214844,
            "y": 259.8905029296875,
            "z": 0.21868477761745453
         },
         "actor_rotation": {
            "roll": -0.01715085841715336,
            "pitch": -0.18231140077114105,
            "yaw": -90.06993865966797
         },
         "actor_bbox_ext": {
            "x": 0.7546613812446594,
            "y": 0.4329703152179718,
            "z": 0.7653154730796814
         }
      },
      {
         "actor_type": "vehicle.dodge_charger.police",
         "actor_id": 339,
         "actor_location": {
            "x": 189.6239013671875,
            "y": 261.4325256347656,
            "z": 0.19922320544719696
         },
         "actor_rotation": {
            "roll": -0.056945785880088806,
            "pitch": 0.22782094776630402,
            "yaw": 90.80378723144531
         },
         "actor_bbox_ext": {
            "x": 2.4965829849243164,
            "y": 1.0679636001586914,
            "z": 0.7898477911949158
         }
      },
      {
         "actor_type": "vehicle.audi.a2",
         "actor_id": 340,
         "actor_location": {
            "x": 193.81874084472656,
            "y": 284.6401062011719,
            "z": 0.2117541879415512
         },
         "actor_rotation": {
            "roll": -0.053466808050870895,
            "pitch": -0.0930749848484993,
            "yaw": -89.93212890625
         },
         "actor_bbox_ext": {
            "x": 1.8593107461929321,
            "y": 0.8962239623069763,
            "z": 0.7677467465400696
         }
      },
      {
         "actor_type": "vehicle.bmw.isetta",
         "actor_id": 341,
         "actor_location": {
            "x": 189.6300811767578,
            "y": 295.5523986816406,
            "z": 0.22221215069293976
         },
         "actor_rotation": {
            "roll": -0.0037841792218387127,
            "pitch": 0.3085537850856781,
            "yaw": 98.75785064697266
         },
         "actor_bbox_ext": {
            "x": 1.1012483835220337,
            "y": 0.7426624298095703,
            "z": 0.6732476949691772
         }
      },
      {
         "actor_type": "vehicle.yamaha.yzf",
         "actor_id": 342,
         "actor_location": {
            "x": 193.774169921875,
            "y": 213.7357635498047,
            "z": 0.17573563754558563
         },
         "actor_rotation": {
            "roll": -0.00021363743871916085,
            "pitch": -1.0216323137283325,
            "yaw": -90.01653289794922
         },
         "actor_bbox_ext": {
            "x": 1.0953842401504517,
            "y": 0.3831165134906769,
            "z": 0.8172529339790344
         }
      },
      {
         "actor_type": "vehicle.yamaha.yzf",
         "actor_id": 343,
         "actor_location": {
            "x": 189.93028259277344,
            "y": 212.69384765625,
            "z": 0.17492593824863434
         },
         "actor_rotation": {
            "roll": -0.381744384765625,
            "pitch": -1.0447046756744385,
            "yaw": 90.00890350341797
         },
         "actor_bbox_ext": {
            "x": 1.0953842401504517,
            "y": 0.3831165134906769,
            "z": 0.8172529339790344
         }
      },
      {
         "actor_type": "vehicle.carlamotors.carlacola",
         "actor_id": 344,
         "actor_location": {
            "x": 193.94638061523438,
            "y": 167.3197479248047,
            "z": 0.2205984890460968
         },
         "actor_rotation": {
            "roll": -0.019409166648983955,
            "pitch": -0.21206369996070862,
            "yaw": -88.85224151611328
         },
         "actor_bbox_ext": {
            "x": 2.5996146202087402,
            "y": 1.3075095415115356,
            "z": 1.2384252548217773
         }
      },
      {
         "actor_type": "vehicle.kawasaki.ninja",
         "actor_id": 345,
         "actor_location": {
            "x": -7.52239990234375,
            "y": 255.8671112060547,
            "z": 0.21441161632537842
         },
         "actor_rotation": {
            "roll": -0.0007017953903414309,
            "pitch": -0.9681929349899292,