{
   "cam_type": "sensor.camera.rgb",
   "cam_id": 265,
   "cam_location": {
      "x": 189.90374755859375,
      "y": 166.74545288085938,
      "z": 2.982701301574707
   },
   "cam_rotation": {
      "roll": 0.3708043396472931,
      "pitch": -14.543889999389648,
      "yaw": 89.816162109375
   },
   "img_name": "489.png",
   "img_width": 640,
   "img_height": 680,
   "img_fov": 100,
   "debug_info": [
      {
         "actor_type": "vehicle.jeep.wrangler_rubicon",
         "actor_id": 212,
         "actor_location": {
            "x": 14.524572372436523,
            "y": 191.62799072265625,
            "z": 0.23247729241847992
         },
         "actor_rotation": {
            "roll": 0.3724909722805023,
            "pitch": -0.3840888440608978,
            "yaw": -0.1006469652056694
         },
         "actor_bbox_ext": {
            "x": 1.9340534210205078,
            "y": 0.953285276889801,
            "z": 0.9399999976158142
         }
      },
      {
         "actor_type": "vehicle.dodge_charger.police",
         "actor_id": 213,
         "actor_location": {
            "x": 64.42338562011719,
            "y": 306.64495849609375,
            "z": 0.20415805280208588
         },
         "actor_rotation": {
            "roll": -0.06274411827325821,
            "pitch": -0.09711162745952606,
            "yaw": 0.2623414695262909
         },
         "actor_bbox_ext": {
            "x": 2.4965829849243164,
            "y": 1.0679636001586914,
            "z": 0.7898477911949158
         }
      },
      {
         "actor_type": "vehicle.audi.tt",
         "actor_id": 214,
         "actor_location": {
            "x": -3.2423908710479736,
            "y": 206.86851501464844,
            "z": 0.24117892980575562
         },
         "actor_rotation": {
            "roll": 0.2222990095615387,
            "pitch": 0.22804634273052216,
            "yaw": -90.28507232666016
         },
         "actor_bbox_ext": {
            "x": 2.1102468967437744,
            "y": 1.0045700073242188,
            "z": 0.695303738117218
         }
      },
      {
         "actor_type": "vehicle.ford.mustang",
         "actor_id": 215,
         "actor_location": {
            "x": 36.389060974121094,
            "y": 306.61004638671875,
            "z": 0.2143387496471405
         },
         "actor_rotation": {
            "roll": 0.007616495713591576,
            "pitch": -0.04156852886080742,
            "yaw": -1.2129210233688354
         },
         "actor_bbox_ext": {
            "x": 2.3399999141693115,
            "y": 0.9399999976158142,
            "z": 0.6499999761581421
         }
      },
      {
         "actor_type": "vehicle.bmw.grandtourer",
         "actor_id": 216,
         "actor_location": {
            "x": 189.34388732910156,
            "y": 116.2124252319336,
            "z": 0.2975510358810425
         },
         "actor_rotation": {
            "roll": -1.1053770780563354,
            "pitch": -0.2555788457393646,
            "yaw": 75.3296890258789
         },
         "actor_bbox_ext": {
            "x": 2.3195438385009766,
            "y": 1.129660964012146,
            "z": 0.8390889763832092
         }
      },
      {
         "actor_type": "vehicle.chevrolet.impala",
         "actor_id": 217,
         "actor_location": {
            "x": 1.8655800819396973,
            "y": 190.71311950683594,
            "z": 0.20391631126403809
         },
         "actor_rotation": {
            "roll": 0.3400736451148987,
            "pitch": 0.06107554957270622,
            "yaw": 14.522748947143555
         },
         "actor_bbox_ext": {
            "x": 2.684596538543701,
            "y": 1.026368260383606,
            "z": 0.7075497508049011
         }
      },
      {
         "actor_type": "vehicle.mercedes-benz.coupe",
         "actor_id": 218,
         "actor_location": {
            "x": 193.80235290527344,
            "y": 219.13720703125,
            "z": 0.34950897097587585
         },
         "actor_rotation": {
            "roll": -0.012695317156612873,
            "pitch": 0.38792741298675537,
            "yaw": -89.92367553710938
         },
         "actor_bbox_ext": {
            "x": 2.521892547607422,
            "y": 1.0814987421035767,
            "z": 0.820067286491394
         }
      },
      {
         "actor_type": "vehicle.yamaha.yzf",
         "actor_id": 219,
         "actor_location": {
            "x": 73.96967315673828,
            "y": 302.55242919921875,
            "z": 0.1916935294866562
         },
         "actor_rotation": {
            "roll": -3.0517576306010596e-05,
            "pitch": 0.6639968156814575,
            "yaw": 179.9996337890625
         },
         "actor_bbox_ext": {
            "x": 1.0953842401504517,
            "y": 0.3831165134906769,
            "z": 0.8172529339790344
         }
      },
      {
         "actor_type": "vehicle.tesla.model3",
         "actor_id": 220,
         "actor_location": {
            "x": 193.76548767089844,
            "y": 232.7308349609375,
            "z": 0.21773868799209595
         },
         "actor_rotation": {
            "roll": 0.000217792738112621,
            "pitch": 0.11295083165168762,
            "yaw": -90.17339324951172
         },
         "actor_bbox_ext": {
            "x": 2.452350616455078,
            "y": 1.0303291082382202,
            "z": 0.7391985058784485
         }
      },
      {
         "actor_type": "vehicle.chevrolet.impala",
         "actor_id": 221,
         "actor_location": {
            "x": 61.83127212524414,
            "y": 302.5550231933594,
            "z": 0.19652029871940613
         },
         "actor_rotation": {
            "roll": 0.46615564823150635,
            "pitch": 0.3259775936603546,
            "yaw": 179.9573974609375
         },
         "actor_bbox_ext": {
            "x": 2.684596538543701,
            "y": 1.026368260383606,
            "z": 0.7075497508049011
         }
      },
      {
         "actor_type": "vehicle.toyota.prius",
         "actor_id": 222,
         "actor_location": {
            "x": 193.75289916992188,
            "y": 165.01866149902344,
            "z": 0.2553054988384247
         },
         "actor_rotation": {
            "roll": -0.0011901851976290345,
            "pitch": 0.08946864306926727,
            "yaw": -90.0145492553711
         },
         "actor_bbox_ext": {
            "x": 2.2691667079925537,
            "y": 1.0005652904510498,
            "z": 0.7686808109283447
         }
      },
      {
         "actor_type": "vehicle.bh.crossbike",
         "actor_id": 223,
         "actor_location": {
            "x": 189.93710327148438,
            "y": 221.5660858154297,
            "z": 0.2531082332134247
         },
         "actor_rotation": {
            "roll": 0.013084013015031815,
            "pitch": -9.56226431299001e-05,
            "yaw": 90.10328674316406
         },
         "actor_bbox_ext": {
            "x": 0.7546613812446594,
            "y": 0.4329703152179718,
            "z": 0.7653154730796814
         }
      },
      {
         "actor_type": "vehicle.audi.etron",
         "actor_id": 224,
         "actor_location": {
            "x": 100.91437530517578,
            "y": 105.42316436767578,
            "z": 0.1718398630619049
         },
         "actor_rotation": {
            "roll": 0.0007247921312227845,
            "pitch": 0.03395969793200493,
            "yaw": 179.9714813232422
         },
         "actor_bbox_ext": {
            "x": 2.4270286560058594,
            "y": 1.0045700073242188,
            "z": 0.8343994617462158
         }
      },
      {
         "actor_type": "vehicle.chevrolet.impala",
         "actor_id": 225,
         "actor_location": {
            "x": 44.72549819946289,
            "y": 297.88525390625,
            "z": 0.2043667584657669
         },
         "actor_rotation": {
            "roll": 0.38314545154571533,
            "pitch": 0.037463586777448654,