{
   "cam_type": "sensor.camera.rgb",
   "cam_id": 383,
   "cam_location": {
      "x": 189.9342803955078,
      "y": 168.102783203125,
      "z": 2.7956135272979736
   },
   "cam_rotation": {
      "roll": 0.01635931059718132,
      "pitch": 0.002588641596958041,
      "yaw": 90.0262222290039
   },
   "img_name": "495.png",
   "img_width": 640,
   "img_height": 680,
   "img_fov": 100,
   "debug_info": [
      {
         "actor_type": "vehicle.kawasaki.ninja",
         "actor_id": 332,
         "actor_location": {
            "x": -7.526206016540527,
            "y": 171.0403289794922,
            "z": 0.22156989574432373
         },
         "actor_rotation": {
            "roll": 3.468461272859713e-06,
            "pitch": 0.10878441482782364,
            "yaw": 89.99447631835938
         },
         "actor_bbox_ext": {
            "x": 1.021842122077942,
            "y": 0.3984561562538147,
            "z": 0.687301516532898
         }
      },
      {
         "actor_type": "vehicle.volkswagen.t2",
         "actor_id": 333,
         "actor_location": {
            "x": -7.011043548583984,
            "y": 298.0115966796875,
            "z": 0.2078777700662613
         },
         "actor_rotation": {
            "roll": 0.605765163898468,
            "pitch": 0.037914376705884933,
            "yaw": 78.77163696289062
         },
         "actor_bbox_ext": {
            "x": 2.2595229148864746,
            "y": 1.0383671522140503,
            "z": 1.0132241249084473
         }
      },
      {
         "actor_type": "vehicle.nissan.micra",
         "actor_id": 334,
         "actor_location": {
            "x": -3.345856189727783,
            "y": 207.1586456298828,
            "z": 0.23187831044197083
         },
         "actor_rotation": {
            "roll": 0.33811962604522705,
            "pitch": 0.36051785945892334,
            "yaw": -88.35255432128906
         },
         "actor_bbox_ext": {
            "x": 1.8344237804412842,
            "y": 0.9280761480331421,
            "z": 0.7616068720817566
         }
      },
      {
         "actor_type": "vehicle.lincoln.mkz2017",
         "actor_id": 335,
         "actor_location": {
            "x": -7.527548789978027,
            "y": 259.2834777832031,
            "z": 0.2113298773765564
         },
         "actor_rotation": {
            "roll": 0.0004876264138147235,
            "pitch": -0.14755256474018097,
            "yaw": 89.99205780029297
         },
         "actor_bbox_ext": {
            "x": 2.4543750286102295,
            "y": 1.056093692779541,
            "z": 0.7615917921066284
         }
      },
      {
         "actor_type": "vehicle.diamondback.century",
         "actor_id": 336,
         "actor_location": {
            "x": 4.764730930328369,
            "y": 109.75656127929688,
            "z": 0.20374464988708496
         },
         "actor_rotation": {
            "roll": -0.424957275390625,
            "pitch": -0.08288434147834778,
            "yaw": -4.541780471801758
         },
         "actor_bbox_ext": {
            "x": 0.8281218409538269,
            "y": 0.21070940792560577,
            "z": 0.746755838394165
         }
      },
      {
         "actor_type": "vehicle.audi.a2",
         "actor_id": 337,
         "actor_location": {
            "x": -7.529611110687256,
            "y": 149.1025390625,
            "z": 0.2090369313955307
         },
         "actor_rotation": {
            "roll": -0.063812255859375,
            "pitch": 0.15809154510498047,
            "yaw": 89.99871826171875
         },
         "actor_bbox_ext": {
            "x": 1.8593107461929321,
            "y": 0.8962239623069763,
            "z": 0.7677467465400696
         }
      },
      {
         "actor_type": "vehicle.bh.crossbike",
         "actor_id": 338,
         "actor_location": {
            "x": 193.7728271484375,
            "y": 255.71334838867188,
            "z": 0.21935606002807617
         },
         "actor_rotation": {
            "roll": 5.378815330914222e-06,
            "pitch": 0.0035653584636747837,
            "yaw": -89.9475326538086
         },
         "actor_bbox_ext": {
            "x": 0.7546613812446594,
            "y": 0.4329703152179718,
            "z": 0.7653154730796814
         }
      },
      {
         "actor_type": "vehicle.dodge_charger.police",
         "actor_id": 339,
         "actor_location": {
            "x": 189.59841918945312,
            "y": 277.662841796875,
            "z": 0.20151962339878082
         },
         "actor_rotation": {
            "roll": 0.00015706814883742481,
            "pitch": 0.14250506460666656,
            "yaw": 89.9951171875
         },
         "actor_bbox_ext": {
            "x": 2.4965829849243164,
            "y": 1.0679636001586914,
            "z": 0.7898477911949158
         }
      },
      {
         "actor_type": "vehicle.audi.a2",
         "actor_id": 340,
         "actor_location": {
            "x": 193.82110595703125,
            "y": 267.5193786621094,
            "z": 0.21802017092704773
         },
         "actor_rotation": {
            "roll": -0.061035118997097015,
            "pitch": -0.6736137270927429,
            "yaw": -90.02035522460938
         },
         "actor_bbox_ext": {
            "x": 1.8593107461929321,
            "y": 0.8962239623069763,
            "z": 0.7677467465400696
         }
      },
      {
         "actor_type": "vehicle.bmw.isetta",
         "actor_id": 341,
         "actor_location": {
            "x": 185.78358459472656,
            "y": 301.1969909667969,
            "z": 0.22209961712360382
         },
         "actor_rotation": {
            "roll": -0.29495230317115784,
            "pitch": 0.34762245416641235,
            "yaw": 144.27476501464844
         },
         "actor_bbox_ext": {
            "x": 1.1012483835220337,
            "y": 0.7426624298095703,
            "z": 0.6732476949691772
         }
      },
      {
         "actor_type": "vehicle.yamaha.yzf",
         "actor_id": 342,
         "actor_location": {
            "x": 193.7700958251953,
            "y": 204.84620666503906,
            "z": 0.1847633272409439
         },
         "actor_rotation": {
            "roll": -0.02056884765625,
            "pitch": -0.005675886757671833,
            "yaw": -90.24765014648438
         },
         "actor_bbox_ext": {
            "x": 1.0953842401504517,
            "y": 0.3831165134906769,
            "z": 0.8172529339790344
         }
      },
      {
         "actor_type": "vehicle.yamaha.yzf",
         "actor_id": 343,
         "actor_location": {
            "x": 189.92955017089844,
            "y": 222.41912841796875,
            "z": 0.21851137280464172
         },
         "actor_rotation": {
            "roll": 0.02230788581073284,
            "pitch": -0.007267320994287729,
            "yaw": 89.75093841552734
         },
         "actor_bbox_ext": {
            "x": 1.0953842401504517,
            "y": 0.3831165134906769,
            "z": 0.8172529339790344
         }
      },
      {
         "actor_type": "vehicle.carlamotors.carlacola",
         "actor_id": 344,
         "actor_location": {
            "x": 193.97125244140625,
            "y": 150.13174438476562,
            "z": 0.21849806606769562
         },
         "actor_rotation": {
            "roll": -3.0517610866809264e-05,
            "pitch": -0.002684264210984111,
            "yaw": -90.014892578125
         },
         "actor_bbox_ext": {
            "x": 2.5996146202087402,
            "y": 1.3075095415115356,
            "z": 1.2384252548217773
         }
      },
      {
         "actor_type": "vehicle.kawasaki.ninja",
         "actor_id": 345,
         "actor_location": {
            "x": -7.520561218261719,
            "y": 274.8163757324219,
            "z": 0.22149495780467987
         },
         "actor_rotation": {
            "roll": 2.4131193185894517e-06,
            "pitch": 0.004507924430072308,