{
   "cam_type": "sensor.camera.rgb",
   "cam_id": 503,
   "cam_location": {
      "x": 189.92906188964844,
      "y": 161.41726684570312,
      "z": 2.027289390563965
   },
   "cam_rotation": {
      "roll": -0.00482177734375,
      "pitch": -0.007690792437642813,
      "yaw": 90.01480865478516
   },
   "img_name": "513.png",
   "img_width": 640,
   "img_height": 680,
   "img_fov": 100,
   "debug_info": [
      {
         "actor_type": "vehicle.jeep.wrangler_rubicon",
         "actor_id": 452,
         "actor_location": {
            "x": -7.532131195068359,
            "y": 154.82969665527344,
            "z": 0.22628642618656158
         },
         "actor_rotation": {
            "roll": -0.005065916571766138,
            "pitch": 0.034478794783353806,
            "yaw": 90.00391387939453
         },
         "actor_bbox_ext": {
            "x": 1.9340534210205078,
            "y": 0.953285276889801,
            "z": 0.9399999976158142
         }
      },
      {
         "actor_type": "vehicle.harley-davidson.low rider",
         "actor_id": 453,
         "actor_location": {
            "x": -7.52424955368042,
            "y": 281.41015625,
            "z": 0.19505935907363892
         },
         "actor_rotation": {
            "roll": 0.00033112397068180144,
            "pitch": 0.36123502254486084,
            "yaw": 89.99446105957031
         },
         "actor_bbox_ext": {
            "x": 1.175087809562683,
            "y": 0.3831165134906769,
            "z": 0.7318695783615112
         }
      },
      {
         "actor_type": "vehicle.nissan.micra",
         "actor_id": 454,
         "actor_location": {
            "x": -3.3354949951171875,
            "y": 221.90789794921875,
            "z": 0.20692546665668488
         },
         "actor_rotation": {
            "roll": -0.002899178769439459,
            "pitch": -0.15328992903232574,
            "yaw": -89.95652770996094
         },
         "actor_bbox_ext": {
            "x": 1.8344237804412842,
            "y": 0.9280761480331421,
            "z": 0.7616068720817566
         }
      },
      {
         "actor_type": "vehicle.bmw.grandtourer",
         "actor_id": 455,
         "actor_location": {
            "x": -7.529026985168457,
            "y": 243.90431213378906,
            "z": 0.29625487327575684
         },
         "actor_rotation": {
            "roll": 0.0010280607966706157,
            "pitch": -0.15765441954135895,
            "yaw": 90.00568389892578
         },
         "actor_bbox_ext": {
            "x": 2.3195438385009766,
            "y": 1.129660964012146,
            "z": 0.8390889763832092
         }
      },
      {
         "actor_type": "vehicle.bmw.isetta",
         "actor_id": 456,
         "actor_location": {
            "x": -3.517244815826416,
            "y": 118.67463684082031,
            "z": 0.22212907671928406
         },
         "actor_rotation": {
            "roll": 0.002618351485580206,
            "pitch": 0.3219614326953888,
            "yaw": -88.09402465820312
         },
         "actor_bbox_ext": {
            "x": 1.1012483835220337,
            "y": 0.7426624298095703,
            "z": 0.6732476949691772
         }
      },
      {
         "actor_type": "vehicle.mercedes-benz.coupe",
         "actor_id": 457,
         "actor_location": {
            "x": -7.536754608154297,
            "y": 132.4933624267578,
            "z": 0.349264532327652
         },
         "actor_rotation": {
            "roll": -0.012634292244911194,
            "pitch": 0.418144166469574,
            "yaw": 89.99726867675781
         },
         "actor_bbox_ext": {
            "x": 2.521892547607422,
            "y": 1.0814987421035767,
            "z": 0.820067286491394
         }
      },
      {
         "actor_type": "vehicle.bh.crossbike",
         "actor_id": 458,
         "actor_location": {
            "x": 193.77548217773438,
            "y": 259.53521728515625,
            "z": 0.2192569077014923
         },
         "actor_rotation": {
            "roll": 0.0036606609355658293,
            "pitch": -0.007356113288551569,
            "yaw": -90.00499725341797
         },
         "actor_bbox_ext": {
            "x": 0.7546613812446594,
            "y": 0.4329703152179718,
            "z": 0.7653154730796814
         }
      },
      {
         "actor_type": "vehicle.tesla.model3",
         "actor_id": 459,
         "actor_location": {
            "x": 189.6231231689453,
            "y": 261.9591979980469,
            "z": 0.21651209890842438
         },
         "actor_rotation": {
            "roll": 0.06265734136104584,
            "pitch": 0.1138797402381897,
            "yaw": 90.68753051757812
         },
         "actor_bbox_ext": {
            "x": 2.452350616455078,
            "y": 1.0303291082382202,
            "z": 0.7391985058784485
         }
      },
      {
         "actor_type": "vehicle.audi.a2",
         "actor_id": 460,
         "actor_location": {
            "x": 193.81886291503906,
            "y": 284.2582702636719,
            "z": 0.21194908022880554
         },
         "actor_rotation": {
            "roll": -0.0542602464556694,
            "pitch": -0.11132524907588959,
            "yaw": -89.93877410888672
         },
         "actor_bbox_ext": {
            "x": 1.8593107461929321,
            "y": 0.8962239623069763,
            "z": 0.7677467465400696
         }
      },
      {
         "actor_type": "vehicle.ford.mustang",
         "actor_id": 461,
         "actor_location": {
            "x": 185.91378784179688,
            "y": 301.1473083496094,
            "z": 0.21546576917171478
         },
         "actor_rotation": {
            "roll": -1.4395136833190918,
            "pitch": -0.17653988301753998,
            "yaw": 140.14578247070312
         },
         "actor_bbox_ext": {
            "x": 2.3399999141693115,
            "y": 0.9399999976158142,
            "z": 0.6499999761581421
         }
      },
      {
         "actor_type": "vehicle.chevrolet.impala",
         "actor_id": 462,
         "actor_location": {
            "x": 193.79698181152344,
            "y": 210.87606811523438,
            "z": 0.17301017045974731
         },
         "actor_rotation": {
            "roll": 0.0020776716992259026,
            "pitch": -0.0362546406686306,
            "yaw": -89.99248504638672
         },
         "actor_bbox_ext": {
            "x": 2.684596538543701,
            "y": 1.026368260383606,
            "z": 0.7075497508049011
         }
      },
      {
         "actor_type": "vehicle.mini.cooperst",
         "actor_id": 463,
         "actor_location": {
            "x": 189.93060302734375,
            "y": 215.50799560546875,
            "z": 0.2630748748779297
         },
         "actor_rotation": {
            "roll": -0.003845212748274207,
            "pitch": -0.13128988444805145,
            "yaw": 89.99234771728516
         },
         "actor_bbox_ext": {
            "x": 1.9010963439941406,
            "y": 0.9870172142982483,
            "z": 0.7375003099441528
         }
      },
      {
         "actor_type": "vehicle.volkswagen.t2",
         "actor_id": 464,
         "actor_location": {
            "x": 193.7998809814453,
            "y": 166.43685913085938,
            "z": 0.2073361575603485
         },
         "actor_rotation": {
            "roll": 0.0016653473721817136,
            "pitch": 0.03660298138856888,
            "yaw": -89.92398071289062
         },
         "actor_bbox_ext": {
            "x": 2.2595229148864746,
            "y": 1.0383671522140503,
            "z": 1.0132241249084473
         }
      },
      {
         "actor_type": "vehicle.chevrolet.impala",
         "actor_id": 465,
         "actor_location": {
            "x": -7.528953552246094,
            "y": 257.8433532714844,
            "z": 0.17218643426895142
         },
         "actor_rotation": {
            "roll": 0.00010079701314680278,
            "pitch": 0.042606718838214874,