{
   "cam_type": "sensor.camera.rgb",
   "cam_id": 265,
   "cam_location": {
      "x": 189.90374755859375,
      "y": 166.74545288085938,
      "z": 2.982701301574707
   },
   "cam_rotation": {
      "roll": 0.3708043396472931,
      "pitch": -14.543889999389648,
      "yaw": 89.816162109375
   },
   "img_name": "515.png",
   "img_width": 640,
   "img_height": 680,
   "img_fov": 100,
   "debug_info": [
      {
         "actor_type": "vehicle.jeep.wrangler_rubicon",
         "actor_id": 212,
         "actor_location": {
            "x": 26.23571014404297,
            "y": 191.622802734375,
            "z": 0.2500538229942322
         },
         "actor_rotation": {
            "roll": 0.4473704695701599,
            "pitch": 0.5075103640556335,
            "yaw": 0.058990467339754105
         },
         "actor_bbox_ext": {
            "x": 1.9340534210205078,
            "y": 0.953285276889801,
            "z": 0.9399999976158142
         }
      },
      {
         "actor_type": "vehicle.dodge_charger.police",
         "actor_id": 213,
         "actor_location": {
            "x": 98.81275939941406,
            "y": 306.6514892578125,
            "z": 0.20164701342582703
         },
         "actor_rotation": {
            "roll": 2.5444502123220074e-14,
            "pitch": 0.13082543015480042,
            "yaw": 0.0002906863228417933
         },
         "actor_bbox_ext": {
            "x": 2.4965829849243164,
            "y": 1.0679636001586914,
            "z": 0.7898477911949158
         }
      },
      {
         "actor_type": "vehicle.audi.tt",
         "actor_id": 214,
         "actor_location": {
            "x": -3.2423908710479736,
            "y": 206.86851501464844,
            "z": 0.24117892980575562
         },
         "actor_rotation": {
            "roll": 0.2222990095615387,
            "pitch": 0.22804634273052216,
            "yaw": -90.28507232666016
         },
         "actor_bbox_ext": {
            "x": 2.1102468967437744,
            "y": 1.0045700073242188,
            "z": 0.695303738117218
         }
      },
      {
         "actor_type": "vehicle.ford.mustang",
         "actor_id": 215,
         "actor_location": {
            "x": 51.586952209472656,
            "y": 306.25439453125,
            "z": 0.2130209356546402
         },
         "actor_rotation": {
            "roll": 0.0004263301962055266,
            "pitch": 0.12289558351039886,
            "yaw": -1.3586119413375854
         },
         "actor_bbox_ext": {
            "x": 2.3399999141693115,
            "y": 0.9399999976158142,
            "z": 0.6499999761581421
         }
      },
      {
         "actor_type": "vehicle.bmw.grandtourer",
         "actor_id": 216,
         "actor_location": {
            "x": 189.6497344970703,
            "y": 133.175048828125,
            "z": 0.29596367478370667
         },
         "actor_rotation": {
            "roll": 0.0005139330169185996,
            "pitch": -0.13333211839199066,
            "yaw": 89.99860382080078
         },
         "actor_bbox_ext": {
            "x": 2.3195438385009766,
            "y": 1.129660964012146,
            "z": 0.8390889763832092
         }
      },
      {
         "actor_type": "vehicle.chevrolet.impala",
         "actor_id": 217,
         "actor_location": {
            "x": 16.75301742553711,
            "y": 191.61392211914062,
            "z": 0.17110797762870789
         },
         "actor_rotation": {
            "roll": -0.0196533203125,
            "pitch": 0.019643623381853104,
            "yaw": 0.16237935423851013
         },
         "actor_bbox_ext": {
            "x": 2.684596538543701,
            "y": 1.026368260383606,
            "z": 0.7075497508049011
         }
      },
      {
         "actor_type": "vehicle.mercedes-benz.coupe",
         "actor_id": 218,
         "actor_location": {
            "x": 193.80520629882812,
            "y": 206.91275024414062,
            "z": 0.347745418548584
         },
         "actor_rotation": {
            "roll": -0.015075708739459515,
            "pitch": 0.5344417691230774,
            "yaw": -90.12322998046875
         },
         "actor_bbox_ext": {
            "x": 2.521892547607422,
            "y": 1.0814987421035767,
            "z": 0.820067286491394
         }
      },
      {
         "actor_type": "vehicle.yamaha.yzf",
         "actor_id": 219,
         "actor_location": {
            "x": 68.30532836914062,
            "y": 302.5525207519531,
            "z": 0.18545737862586975
         },
         "actor_rotation": {
            "roll": 0.008529800921678543,
            "pitch": 0.06508486717939377,
            "yaw": 179.9925537109375
         },
         "actor_bbox_ext": {
            "x": 1.0953842401504517,
            "y": 0.3831165134906769,
            "z": 0.8172529339790344
         }
      },
      {
         "actor_type": "vehicle.tesla.model3",
         "actor_id": 220,
         "actor_location": {
            "x": 193.80532836914062,
            "y": 217.78292846679688,
            "z": 0.21776427328586578
         },
         "actor_rotation": {
            "roll": -0.004364018328487873,
            "pitch": 0.10849755257368088,
            "yaw": -90.0444564819336
         },
         "actor_bbox_ext": {
            "x": 2.452350616455078,
            "y": 1.0303291082382202,
            "z": 0.7391985058784485
         }
      },
      {
         "actor_type": "vehicle.chevrolet.impala",
         "actor_id": 221,
         "actor_location": {
            "x": 61.83127212524414,
            "y": 302.5550231933594,
            "z": 0.19652029871940613
         },
         "actor_rotation": {
            "roll": 0.46615564823150635,
            "pitch": 0.3259775936603546,
            "yaw": 179.9573974609375
         },
         "actor_bbox_ext": {
            "x": 2.684596538543701,
            "y": 1.026368260383606,
            "z": 0.7075497508049011
         }
      },
      {
         "actor_type": "vehicle.toyota.prius",
         "actor_id": 222,
         "actor_location": {
            "x": 193.75259399414062,
            "y": 133.68690490722656,
            "z": 0.2563415765762329
         },
         "actor_rotation": {
            "roll": 0.0002464860735926777,
            "pitch": -0.006871169898658991,
            "yaw": -90.004150390625
         },
         "actor_bbox_ext": {
            "x": 2.2691667079925537,
            "y": 1.0005652904510498,
            "z": 0.7686808109283447
         }
      },
      {
         "actor_type": "vehicle.bh.crossbike",
         "actor_id": 223,
         "actor_location": {
            "x": 189.93710327148438,
            "y": 221.5660858154297,
            "z": 0.2531082332134247
         },
         "actor_rotation": {
            "roll": 0.013084013015031815,
            "pitch": -9.56226431299001e-05,
            "yaw": 90.10328674316406
         },
         "actor_bbox_ext": {
            "x": 0.7546613812446594,
            "y": 0.4329703152179718,
            "z": 0.7653154730796814
         }
      },
      {
         "actor_type": "vehicle.audi.etron",
         "actor_id": 224,
         "actor_location": {
            "x": 44.602909088134766,
            "y": 105.42229461669922,
            "z": 0.1722160279750824
         },
         "actor_rotation": {
            "roll": -0.0003967284574173391,
            "pitch": -0.001557283103466034,
            "yaw": -179.9727783203125
         },
         "actor_bbox_ext": {
            "x": 2.4270286560058594,
            "y": 1.0045700073242188,
            "z": 0.8343994617462158
         }
      },
      {
         "actor_type": "vehicle.chevrolet.impala",
         "actor_id": 225,
         "actor_location": {
            "x": 45.895965576171875,
            "y": 281.50360107421875,
            "z": 0.17032912373542786
         },
         "actor_rotation": {
            "roll": -0.022338861599564552,
            "pitch": 0.0812041163444519,