{
   "cam_type": "sensor.camera.rgb",
   "cam_id": 383,
   "cam_location": {
      "x": 189.9342803955078,
      "y": 168.10289001464844,
      "z": 2.7958803176879883
   },
   "cam_rotation": {
      "roll": 0.016431737691164017,
      "pitch": -0.00012294339830987155,
      "yaw": 90.0262222290039
   },
   "img_name": "523.png",
   "img_width": 640,
   "img_height": 680,
   "img_fov": 100,
   "debug_info": [
      {
         "actor_type": "vehicle.kawasaki.ninja",
         "actor_id": 332,
         "actor_location": {
            "x": -7.526004314422607,
            "y": 173.32501220703125,
            "z": 0.2212894707918167
         },
         "actor_rotation": {
            "roll": 3.170195896018413e-06,
            "pitch": -0.00018441509746480733,
            "yaw": 89.99668884277344
         },
         "actor_bbox_ext": {
            "x": 1.021842122077942,
            "y": 0.3984561562538147,
            "z": 0.687301516532898
         }
      },
      {
         "actor_type": "vehicle.volkswagen.t2",
         "actor_id": 333,
         "actor_location": {
            "x": 10.160812377929688,
            "y": 306.70404052734375,
            "z": 0.2075366973876953
         },
         "actor_rotation": {
            "roll": 0.06047899276018143,
            "pitch": 0.06740030646324158,
            "yaw": 0.7189860939979553
         },
         "actor_bbox_ext": {
            "x": 2.2595229148864746,
            "y": 1.0383671522140503,
            "z": 1.0132241249084473
         }
      },
      {
         "actor_type": "vehicle.nissan.micra",
         "actor_id": 334,
         "actor_location": {
            "x": -3.345841884613037,
            "y": 207.15948486328125,
            "z": 0.23187975585460663
         },
         "actor_rotation": {
            "roll": 0.3474504351615906,
            "pitch": 0.222985178232193,
            "yaw": -88.3532943725586
         },
         "actor_bbox_ext": {
            "x": 1.8344237804412842,
            "y": 0.9280761480331421,
            "z": 0.7616068720817566
         }
      },
      {
         "actor_type": "vehicle.lincoln.mkz2017",
         "actor_id": 335,
         "actor_location": {
            "x": -7.526614189147949,
            "y": 275.8581237792969,
            "z": 0.20989902317523956
         },
         "actor_rotation": {
            "roll": 0.0002541252179071307,
            "pitch": 0.010989774018526077,
            "yaw": 89.98883056640625
         },
         "actor_bbox_ext": {
            "x": 2.4543750286102295,
            "y": 1.056093692779541,
            "z": 0.7615917921066284
         }
      },
      {
         "actor_type": "vehicle.diamondback.century",
         "actor_id": 336,
         "actor_location": {
            "x": 18.58448028564453,
            "y": 109.55326843261719,
            "z": 0.20312216877937317
         },
         "actor_rotation": {
            "roll": -0.0037841792218387127,
            "pitch": -0.23297090828418732,
            "yaw": -0.03692626953125
         },
         "actor_bbox_ext": {
            "x": 0.8281218409538269,
            "y": 0.21070940792560577,
            "z": 0.746755838394165
         }
      },
      {
         "actor_type": "vehicle.audi.a2",
         "actor_id": 337,
         "actor_location": {
            "x": -7.527324676513672,
            "y": 165.82318115234375,
            "z": 0.21461452543735504
         },
         "actor_rotation": {
            "roll": -0.062072742730379105,
            "pitch": -0.4118330776691437,
            "yaw": 89.99043273925781
         },
         "actor_bbox_ext": {
            "x": 1.8593107461929321,
            "y": 0.8962239623069763,
            "z": 0.7677467465400696
         }
      },
      {
         "actor_type": "vehicle.bh.crossbike",
         "actor_id": 338,
         "actor_location": {
            "x": 193.7728271484375,
            "y": 255.71337890625,
            "z": 0.2193310707807541
         },
         "actor_rotation": {
            "roll": 2.8650191552515025e-07,
            "pitch": 0.0001707547198748216,
            "yaw": -89.9475326538086
         },
         "actor_bbox_ext": {
            "x": 0.7546613812446594,
            "y": 0.4329703152179718,
            "z": 0.7653154730796814
         }
      },
      {
         "actor_type": "vehicle.dodge_charger.police",
         "actor_id": 339,
         "actor_location": {
            "x": 189.5951690673828,
            "y": 293.36639404296875,
            "z": 0.20206822454929352
         },
         "actor_rotation": {
            "roll": 0.01596316695213318,
            "pitch": 0.09270615130662918,
            "yaw": 90.11785888671875
         },
         "actor_bbox_ext": {
            "x": 2.4965829849243164,
            "y": 1.0679636001586914,
            "z": 0.7898477911949158
         }
      },
      {
         "actor_type": "vehicle.audi.a2",
         "actor_id": 340,
         "actor_location": {
            "x": 193.82054138183594,
            "y": 261.8223876953125,
            "z": 0.21013998985290527
         },
         "actor_rotation": {
            "roll": -0.0633239597082138,
            "pitch": 0.011911849491298199,
            "yaw": -89.97389221191406
         },
         "actor_bbox_ext": {
            "x": 1.8593107461929321,
            "y": 0.8962239623069763,
            "z": 0.7677467465400696
         }
      },
      {
         "actor_type": "vehicle.bmw.isetta",
         "actor_id": 341,
         "actor_location": {
            "x": 173.604248046875,
            "y": 302.5364074707031,
            "z": 0.22331884503364563
         },
         "actor_rotation": {
            "roll": -0.0175781212747097,
            "pitch": 0.5101126432418823,
            "yaw": 179.59974670410156
         },
         "actor_bbox_ext": {
            "x": 1.1012483835220337,
            "y": 0.7426624298095703,
            "z": 0.6732476949691772
         }
      },
      {
         "actor_type": "vehicle.yamaha.yzf",
         "actor_id": 342,
         "actor_location": {
            "x": 193.76998901367188,
            "y": 204.84616088867188,
            "z": 0.1848241239786148
         },
         "actor_rotation": {
            "roll": 1.1041439051950874e-07,
            "pitch": 0.0,
            "yaw": -90.24765014648438
         },
         "actor_bbox_ext": {
            "x": 1.0953842401504517,
            "y": 0.3831165134906769,
            "z": 0.8172529339790344
         }
      },
      {
         "actor_type": "vehicle.yamaha.yzf",
         "actor_id": 343,
         "actor_location": {
            "x": 189.9294891357422,
            "y": 222.41917419433594,
            "z": 0.2185918241739273
         },
         "actor_rotation": {
            "roll": 0.011916633695363998,
            "pitch": -0.00018441509746480733,
            "yaw": 89.75093841552734
         },
         "actor_bbox_ext": {
            "x": 1.0953842401504517,
            "y": 0.3831165134906769,
            "z": 0.8172529339790344
         }
      },
      {
         "actor_type": "vehicle.carlamotors.carlacola",
         "actor_id": 344,
         "actor_location": {
            "x": 193.96578979492188,
            "y": 133.59288024902344,
            "z": 0.21841418743133545
         },
         "actor_rotation": {
            "roll": -3.051740350201726e-05,
            "pitch": 0.006099358666688204,
            "yaw": -90.01748657226562
         },
         "actor_bbox_ext": {
            "x": 2.5996146202087402,
            "y": 1.3075095415115356,
            "z": 1.2384252548217773
         }
      },
      {
         "actor_type": "vehicle.kawasaki.ninja",
         "actor_id": 345,
         "actor_location": {
            "x": -7.519168376922607,
            "y": 290.8755187988281,
            "z": 0.22397880256175995
         },
         "actor_rotation": {
            "roll": 1.6021729607018642e-05,
            "pitch": 0.23295724391937256,