{
   "cam_type": "sensor.camera.rgb",
   "cam_id": 503,
   "cam_location": {
      "x": 189.89112854003906,
      "y": 166.95748901367188,
      "z": 2.0077409744262695
   },
   "cam_rotation": {
      "roll": 0.4475136697292328,
      "pitch": 0.44353196024894714,
      "yaw": 89.75825500488281
   },
   "img_name": "541.png",
   "img_width": 640,
   "img_height": 680,
   "img_fov": 100,
   "debug_info": [
      {
         "actor_type": "vehicle.jeep.wrangler_rubicon",
         "actor_id": 452,
         "actor_location": {
            "x": -7.526080131530762,
            "y": 170.2715606689453,
            "z": 0.22632014751434326
         },
         "actor_rotation": {
            "roll": -0.004791259299963713,
            "pitch": 0.02833162248134613,
            "yaw": 89.97360229492188
         },
         "actor_bbox_ext": {
            "x": 1.9340534210205078,
            "y": 0.953285276889801,
            "z": 0.9399999976158142
         }
      },
      {
         "actor_type": "vehicle.harley-davidson.low rider",
         "actor_id": 453,
         "actor_location": {
            "x": -7.416594505310059,
            "y": 296.0654602050781,
            "z": 0.18748195469379425
         },
         "actor_rotation": {
            "roll": -1.4452208280563354,
            "pitch": -0.5182815790176392,
            "yaw": 83.70909881591797
         },
         "actor_bbox_ext": {
            "x": 1.175087809562683,
            "y": 0.3831165134906769,
            "z": 0.7318695783615112
         }
      },
      {
         "actor_type": "vehicle.nissan.micra",
         "actor_id": 454,
         "actor_location": {
            "x": -3.3104634284973145,
            "y": 207.3300018310547,
            "z": 0.23208819329738617
         },
         "actor_rotation": {
            "roll": 0.3712732493877411,
            "pitch": 0.36829742789268494,
            "yaw": -91.76029205322266
         },
         "actor_bbox_ext": {
            "x": 1.8344237804412842,
            "y": 0.9280761480331421,
            "z": 0.7616068720817566
         }
      },
      {
         "actor_type": "vehicle.bmw.grandtourer",
         "actor_id": 455,
         "actor_location": {
            "x": -7.526435852050781,
            "y": 259.61627197265625,
            "z": 0.2937045693397522
         },
         "actor_rotation": {
            "roll": -0.00024414274957962334,
            "pitch": 0.0711090937256813,
            "yaw": 89.99388122558594
         },
         "actor_bbox_ext": {
            "x": 2.3195438385009766,
            "y": 1.129660964012146,
            "z": 0.8390889763832092
         }
      },
      {
         "actor_type": "vehicle.bmw.isetta",
         "actor_id": 456,
         "actor_location": {
            "x": -0.9876021146774292,
            "y": 111.71137237548828,
            "z": 0.22163327038288116
         },
         "actor_rotation": {
            "roll": -0.41107177734375,
            "pitch": 0.5302958488464355,
            "yaw": -47.54508590698242
         },
         "actor_bbox_ext": {
            "x": 1.1012483835220337,
            "y": 0.7426624298095703,
            "z": 0.6732476949691772
         }
      },
      {
         "actor_type": "vehicle.mercedes-benz.coupe",
         "actor_id": 457,
         "actor_location": {
            "x": -7.537259578704834,
            "y": 148.4816131591797,
            "z": 0.34950026869773865
         },
         "actor_rotation": {
            "roll": -0.01132201962172985,
            "pitch": 0.38912951946258545,
            "yaw": 90.02198028564453
         },
         "actor_bbox_ext": {
            "x": 2.521892547607422,
            "y": 1.0814987421035767,
            "z": 0.820067286491394
         }
      },
      {
         "actor_type": "vehicle.bh.crossbike",
         "actor_id": 458,
         "actor_location": {
            "x": 193.77301025390625,
            "y": 255.77853393554688,
            "z": 0.21954715251922607
         },
         "actor_rotation": {
            "roll": 2.876816870411858e-05,
            "pitch": 0.0030189433600753546,
            "yaw": -90.19183349609375
         },
         "actor_bbox_ext": {
            "x": 0.7546613812446594,
            "y": 0.4329703152179718,
            "z": 0.7653154730796814
         }
      },
      {
         "actor_type": "vehicle.tesla.model3",
         "actor_id": 459,
         "actor_location": {
            "x": 189.59884643554688,
            "y": 277.4457092285156,
            "z": 0.21771582961082458
         },
         "actor_rotation": {
            "roll": 0.0003731999022420496,
            "pitch": 0.11678940057754517,
            "yaw": 90.00386810302734
         },
         "actor_bbox_ext": {
            "x": 2.452350616455078,
            "y": 1.0303291082382202,
            "z": 0.7391985058784485
         }
      },
      {
         "actor_type": "vehicle.audi.a2",
         "actor_id": 460,
         "actor_location": {
            "x": 193.821044921875,
            "y": 267.4191589355469,
            "z": 0.21623538434505463
         },
         "actor_rotation": {
            "roll": -0.061950698494911194,
            "pitch": -0.5085075497627258,
            "yaw": -90.01658630371094
         },
         "actor_bbox_ext": {
            "x": 1.8593107461929321,
            "y": 0.8962239623069763,
            "z": 0.7677467465400696
         }
      },
      {
         "actor_type": "vehicle.ford.mustang",
         "actor_id": 461,
         "actor_location": {
            "x": 170.5240936279297,
            "y": 302.5515441894531,
            "z": 0.21510615944862366
         },
         "actor_rotation": {
            "roll": -0.006530761253088713,
            "pitch": -0.08963257074356079,
            "yaw": 179.93585205078125
         },
         "actor_bbox_ext": {
            "x": 2.3399999141693115,
            "y": 0.9399999976158142,
            "z": 0.6499999761581421
         }
      },
      {
         "actor_type": "vehicle.chevrolet.impala",
         "actor_id": 462,
         "actor_location": {
            "x": 193.79644775390625,
            "y": 207.02891540527344,
            "z": 0.17246542870998383
         },
         "actor_rotation": {
            "roll": 0.0001335080887656659,
            "pitch": 8.879245433490723e-05,
            "yaw": -90.01409912109375
         },
         "actor_bbox_ext": {
            "x": 2.684596538543701,
            "y": 1.026368260383606,
            "z": 0.7075497508049011
         }
      },
      {
         "actor_type": "vehicle.mini.cooperst",
         "actor_id": 463,
         "actor_location": {
            "x": 189.9318084716797,
            "y": 222.34239196777344,
            "z": 0.29605919122695923
         },
         "actor_rotation": {
            "roll": 0.016229936853051186,
            "pitch": 0.0032716605346649885,
            "yaw": 89.98625946044922
         },
         "actor_bbox_ext": {
            "x": 1.9010963439941406,
            "y": 0.9870172142982483,
            "z": 0.7375003099441528
         }
      },
      {
         "actor_type": "vehicle.volkswagen.t2",
         "actor_id": 464,
         "actor_location": {
            "x": 193.7986297607422,
            "y": 149.63510131835938,
            "z": 0.20818060636520386
         },
         "actor_rotation": {
            "roll": -9.155304724117741e-05,
            "pitch": 0.008093773387372494,
            "yaw": -90.013916015625
         },
         "actor_bbox_ext": {
            "x": 2.2595229148864746,
            "y": 1.0383671522140503,
            "z": 1.0132241249084473
         }
      },
      {
         "actor_type": "vehicle.chevrolet.impala",
         "actor_id": 465,
         "actor_location": {
            "x": -7.527435302734375,
            "y": 274.29278564453125,
            "z": 0.17199362814426422
         },
         "actor_rotation": {
            "roll": 0.0,
            "pitch": 0.058008793741464615,