{
   "cam_type": "sensor.camera.rgb",
   "cam_id": 265,
   "cam_location": {
      "x": 189.90374755859375,
      "y": 166.74545288085938,
      "z": 2.9826998710632324
   },
   "cam_rotation": {
      "roll": 0.3708043396472931,
      "pitch": -14.543889999389648,
      "yaw": 89.816162109375
   },
   "img_name": "541.png",
   "img_width": 640,
   "img_height": 680,
   "img_fov": 100,
   "debug_info": [
      {
         "actor_type": "vehicle.jeep.wrangler_rubicon",
         "actor_id": 212,
         "actor_location": {
            "x": 26.23526382446289,
            "y": 191.622802734375,
            "z": 0.2501848638057709
         },
         "actor_rotation": {
            "roll": 0.44678452610969543,
            "pitch": 0.4422547221183777,
            "yaw": 0.05876374989748001
         },
         "actor_bbox_ext": {
            "x": 1.9340534210205078,
            "y": 0.953285276889801,
            "z": 0.9399999976158142
         }
      },
      {
         "actor_type": "vehicle.dodge_charger.police",
         "actor_id": 213,
         "actor_location": {
            "x": 135.4415283203125,
            "y": 306.6514892578125,
            "z": 0.20134475827217102
         },
         "actor_rotation": {
            "roll": -6.103515261202119e-05,
            "pitch": 0.15820766985416412,
            "yaw": -6.103515261202119e-05
         },
         "actor_bbox_ext": {
            "x": 2.4965829849243164,
            "y": 1.0679636001586914,
            "z": 0.7898477911949158
         }
      },
      {
         "actor_type": "vehicle.audi.tt",
         "actor_id": 214,
         "actor_location": {
            "x": -3.2423908710479736,
            "y": 206.86851501464844,
            "z": 0.24118059873580933
         },
         "actor_rotation": {
            "roll": 0.2222990095615387,
            "pitch": 0.22804634273052216,
            "yaw": -90.28507232666016
         },
         "actor_bbox_ext": {
            "x": 2.1102468967437744,
            "y": 1.0045700073242188,
            "z": 0.695303738117218
         }
      },
      {
         "actor_type": "vehicle.ford.mustang",
         "actor_id": 215,
         "actor_location": {
            "x": 79.72875213623047,
            "y": 306.6517333984375,
            "z": 0.21326769888401031
         },
         "actor_rotation": {
            "roll": 0.005149295553565025,
            "pitch": 0.09159966558218002,
            "yaw": -0.008758545853197575
         },
         "actor_bbox_ext": {
            "x": 2.3399999141693115,
            "y": 0.9399999976158142,
            "z": 0.6499999761581421
         }
      },
      {
         "actor_type": "vehicle.bmw.grandtourer",
         "actor_id": 216,
         "actor_location": {
            "x": 189.64979553222656,
            "y": 148.95217895507812,
            "z": 0.2934717833995819
         },
         "actor_rotation": {
            "roll": 0.0,
            "pitch": 0.0919821560382843,
            "yaw": 89.99701690673828
         },
         "actor_bbox_ext": {
            "x": 2.3195438385009766,
            "y": 1.129660964012146,
            "z": 0.8390889763832092
         }
      },
      {
         "actor_type": "vehicle.chevrolet.impala",
         "actor_id": 217,
         "actor_location": {
            "x": 19.60934829711914,
            "y": 191.6178741455078,
            "z": 0.17214713990688324
         },
         "actor_rotation": {
            "roll": 0.00013132546155247837,
            "pitch": -0.0006420377176254988,
            "yaw": 0.06309308856725693
         },
         "actor_bbox_ext": {
            "x": 2.684596538543701,
            "y": 1.026368260383606,
            "z": 0.7075497508049011
         }
      },
      {
         "actor_type": "vehicle.mercedes-benz.coupe",
         "actor_id": 218,
         "actor_location": {
            "x": 193.80520629882812,
            "y": 206.91326904296875,
            "z": 0.34892845153808594
         },
         "actor_rotation": {
            "roll": -0.011413565836846828,
            "pitch": 0.4012599289417267,
            "yaw": -90.12317657470703
         },
         "actor_bbox_ext": {
            "x": 2.521892547607422,
            "y": 1.0814987421035767,
            "z": 0.820067286491394
         }
      },
      {
         "actor_type": "vehicle.yamaha.yzf",
         "actor_id": 219,
         "actor_location": {
            "x": 68.30571746826172,
            "y": 302.552490234375,
            "z": 0.18482528626918793
         },
         "actor_rotation": {
            "roll": 9.94287256617099e-06,
            "pitch": 3.415094397496432e-05,
            "yaw": 179.9925537109375
         },
         "actor_bbox_ext": {
            "x": 1.0953842401504517,
            "y": 0.3831165134906769,
            "z": 0.8172529339790344
         }
      },
      {
         "actor_type": "vehicle.tesla.model3",
         "actor_id": 220,
         "actor_location": {
            "x": 193.8042755126953,
            "y": 214.19476318359375,
            "z": 0.21714770793914795
         },
         "actor_rotation": {
            "roll": 2.5199729861924425e-05,
            "pitch": 0.13228026032447815,
            "yaw": -90.01982879638672
         },
         "actor_bbox_ext": {
            "x": 2.452350616455078,
            "y": 1.0303291082382202,
            "z": 0.7391985058784485
         }
      },
      {
         "actor_type": "vehicle.chevrolet.impala",
         "actor_id": 221,
         "actor_location": {
            "x": 61.83127212524414,
            "y": 302.5550231933594,
            "z": 0.19652099907398224
         },
         "actor_rotation": {
            "roll": 0.46615564823150635,
            "pitch": 0.3259775936603546,
            "yaw": 179.9573974609375
         },
         "actor_bbox_ext": {
            "x": 2.684596538543701,
            "y": 1.026368260383606,
            "z": 0.7075497508049011
         }
      },
      {
         "actor_type": "vehicle.toyota.prius",
         "actor_id": 222,
         "actor_location": {
            "x": 193.2274169921875,
            "y": 114.7643051147461,
            "z": 0.2559039890766144
         },
         "actor_rotation": {
            "roll": 0.20365630090236664,
            "pitch": 0.03290101885795593,
            "yaw": -100.3498306274414
         },
         "actor_bbox_ext": {
            "x": 2.2691667079925537,
            "y": 1.0005652904510498,
            "z": 0.7686808109283447
         }
      },
      {
         "actor_type": "vehicle.bh.crossbike",
         "actor_id": 223,
         "actor_location": {
            "x": 189.93710327148438,
            "y": 221.5660858154297,
            "z": 0.2531077563762665
         },
         "actor_rotation": {
            "roll": 0.013084013015031815,
            "pitch": -9.56226431299001e-05,
            "yaw": 90.10328674316406
         },
         "actor_bbox_ext": {
            "x": 0.7546613812446594,
            "y": 0.4329703152179718,
            "z": 0.7653154730796814
         }
      },
      {
         "actor_type": "vehicle.audi.etron",
         "actor_id": 224,
         "actor_location": {
            "x": 10.08935832977295,
            "y": 105.42159271240234,
            "z": 0.17257128655910492
         },
         "actor_rotation": {
            "roll": 8.913387136999518e-05,
            "pitch": 0.0007308301865123212,
            "yaw": 179.97927856445312
         },
         "actor_bbox_ext": {
            "x": 2.4270286560058594,
            "y": 1.0045700073242188,
            "z": 0.8343994617462158
         }
      },
      {
         "actor_type": "vehicle.chevrolet.impala",
         "actor_id": 225,
         "actor_location": {
            "x": 45.89688491821289,
            "y": 264.4521179199219,
            "z": 0.17295856773853302
         },
         "actor_rotation": {
            "roll": 0.00022844952763989568,
            "pitch": -0.032081395387649536,