{
   "cam_type": "sensor.camera.rgb",
   "cam_id": 391,
   "cam_location": {
      "x": 263.4697570800781,
      "y": -374.64190673828125,
      "z": 3.0481486320495605
   },
   "cam_rotation": {
      "roll": 0.33329206705093384,
      "pitch": -0.03848128393292427,
      "yaw": 7.348577976226807
   },
   "img_name": "544.png",
   "img_width": 640,
   "img_height": 680,
   "img_fov": 100,
   "debug_info": [
      {
         "actor_type": "vehicle.audi.etron",
         "actor_id": 334,
         "actor_location": {
            "x": 272.7620544433594,
            "y": -362.49639892578125,
            "z": -0.048190344125032425
         },
         "actor_rotation": {
            "roll": -0.0656433030962944,
            "pitch": 0.0368693582713604,
            "yaw": 9.381156921386719
         },
         "actor_bbox_ext": {
            "x": 2.4270286560058594,
            "y": 1.0045700073242188,
            "z": 0.8343994617462158
         }
      },
      {
         "actor_type": "vehicle.bmw.grandtourer",
         "actor_id": 335,
         "actor_location": {
            "x": 278.5837707519531,
            "y": -364.96600341796875,
            "z": 0.06953025609254837
         },
         "actor_rotation": {
            "roll": -0.5348817110061646,
            "pitch": 0.442145437002182,
            "yaw": 11.859432220458984
         },
         "actor_bbox_ext": {
            "x": 2.3195438385009766,
            "y": 1.129660964012146,
            "z": 0.8390889763832092
         }
      },
      {
         "actor_type": "vehicle.bmw.grandtourer",
         "actor_id": 336,
         "actor_location": {
            "x": 171.3231964111328,
            "y": -385.5457763671875,
            "z": 0.0694708600640297
         },
         "actor_rotation": {
            "roll": -0.0010070799617096782,
            "pitch": 0.4499523341655731,
            "yaw": -179.48052978515625
         },
         "actor_bbox_ext": {
            "x": 2.3195438385009766,
            "y": 1.129660964012146,
            "z": 0.8390889763832092
         }
      },
      {
         "actor_type": "vehicle.chevrolet.impala",
         "actor_id": 337,
         "actor_location": {
            "x": 168.39378356933594,
            "y": -389.070068359375,
            "z": -0.049643974751234055
         },
         "actor_rotation": {
            "roll": 0.0022678342647850513,
            "pitch": 0.21047909557819366,
            "yaw": -179.5088653564453
         },
         "actor_bbox_ext": {
            "x": 2.684596538543701,
            "y": 1.026368260383606,
            "z": 0.7075497508049011
         }
      },
      {
         "actor_type": "vehicle.dodge_charger.police",
         "actor_id": 338,
         "actor_location": {
            "x": 170.937744140625,
            "y": -392.5491638183594,
            "z": -0.016598282381892204
         },
         "actor_rotation": {
            "roll": -0.000732421875,
            "pitch": -0.02844090573489666,
            "yaw": -179.49273681640625
         },
         "actor_bbox_ext": {
            "x": 2.4965829849243164,
            "y": 1.0679636001586914,
            "z": 0.7898477911949158
         }
      },
      {
         "actor_type": "vehicle.harley-davidson.low rider",
         "actor_id": 339,
         "actor_location": {
            "x": 171.05548095703125,
            "y": -396.0472106933594,
            "z": -0.03565824404358864
         },
         "actor_rotation": {
            "roll": 0.05624100938439369,
            "pitch": -0.8925144076347351,
            "yaw": -179.49252319335938
         },
         "actor_bbox_ext": {
            "x": 1.175087809562683,
            "y": 0.3831165134906769,
            "z": 0.7318695783615112
         }
      },
      {
         "actor_type": "vehicle.kawasaki.ninja",
         "actor_id": 340,
         "actor_location": {
            "x": 221.01536560058594,
            "y": -385.1456298828125,
            "z": -0.005316085647791624
         },
         "actor_rotation": {
            "roll": 0.5284281373023987,
            "pitch": -0.9190360307693481,
            "yaw": -179.509521484375
         },
         "actor_bbox_ext": {
            "x": 1.021842122077942,
            "y": 0.3984561562538147,
            "z": 0.687301516532898
         }
      },
      {
         "actor_type": "vehicle.yamaha.yzf",
         "actor_id": 341,
         "actor_location": {
            "x": 227.86663818359375,
            "y": -388.6258544921875,
            "z": -0.04412338137626648
         },
         "actor_rotation": {
            "roll": 0.47081947326660156,
            "pitch": -0.9924606084823608,
            "yaw": -179.80638122558594
         },
         "actor_bbox_ext": {
            "x": 1.0953842401504517,
            "y": 0.3831165134906769,
            "z": 0.8172529339790344
         }
      },
      {
         "actor_type": "vehicle.toyota.prius",
         "actor_id": 342,
         "actor_location": {
            "x": 227.7627716064453,
            "y": -392.1282043457031,
            "z": 0.03458061069250107
         },
         "actor_rotation": {
            "roll": -0.015686029568314552,
            "pitch": 0.15598101913928986,
            "yaw": 179.84222412109375
         },
         "actor_bbox_ext": {
            "x": 2.2691667079925537,
            "y": 1.0005652904510498,
            "z": 0.7686808109283447
         }
      },
      {
         "actor_type": "vehicle.yamaha.yzf",
         "actor_id": 343,
         "actor_location": {
            "x": 228.9895477294922,
            "y": -395.6214904785156,
            "z": -0.0430331788957119
         },
         "actor_rotation": {
            "roll": 0.07160910218954086,
            "pitch": -0.8765522837638855,
            "yaw": -179.7214813232422
         },
         "actor_bbox_ext": {
            "x": 1.0953842401504517,
            "y": 0.3831165134906769,
            "z": 0.8172529339790344
         }
      },
      {
         "actor_type": "vehicle.toyota.prius",
         "actor_id": 344,
         "actor_location": {
            "x": 226.17245483398438,
            "y": -367.62603759765625,
            "z": 0.03483520448207855
         },
         "actor_rotation": {
            "roll": 0.021299749612808228,
            "pitch": 0.1329086422920227,
            "yaw": 0.26200953125953674
         },
         "actor_bbox_ext": {
            "x": 2.2691667079925537,
            "y": 1.0005652904510498,
            "z": 0.7686808109283447
         }
      },
      {
         "actor_type": "vehicle.mini.cooperst",
         "actor_id": 345,
         "actor_location": {
            "x": 227.41087341308594,
            "y": -371.12420654296875,
            "z": 0.042580392211675644
         },
         "actor_rotation": {
            "roll": -0.0409545823931694,
            "pitch": -0.001372867962345481,
            "yaw": 0.07539698481559753
         },
         "actor_bbox_ext": {
            "x": 1.9010963439941406,
            "y": 0.9870172142982483,
            "z": 0.7375003099441528
         }
      },
      {
         "actor_type": "vehicle.lincoln.mkz2017",
         "actor_id": 346,
         "actor_location": {
            "x": 220.9080352783203,
            "y": -374.65869140625,
            "z": -0.00879825558513403
         },
         "actor_rotation": {
            "roll": 0.00012099355080863461,
            "pitch": -0.1331135481595993,
            "yaw": 0.4296634793281555
         },
         "actor_bbox_ext": {
            "x": 2.4543750286102295,
            "y": 1.056093692779541,
            "z": 0.7615917921066284
         }
      },
      {
         "actor_type": "vehicle.chevrolet.impala",
         "actor_id": 347,
         "actor_location": {
            "x": 268.7717590332031,
            "y": -370.1338195800781,
            "z": -0.04793510213494301
         },
         "actor_rotation": {
            "roll": -0.3891906142234802,
            "pitch": 0.04884267970919609,