{
   "cam_type": "sensor.camera.rgb",
   "cam_id": 383,
   "cam_location": {
      "x": 189.9342803955078,
      "y": 168.10289001464844,
      "z": 2.7958765029907227
   },
   "cam_rotation": {
      "roll": 0.016431737691164017,
      "pitch": -0.00012294339830987155,
      "yaw": 90.0262222290039
   },
   "img_name": "552.png",
   "img_width": 640,
   "img_height": 680,
   "img_fov": 100,
   "debug_info": [
      {
         "actor_type": "vehicle.kawasaki.ninja",
         "actor_id": 332,
         "actor_location": {
            "x": -7.526004314422607,
            "y": 173.32501220703125,
            "z": 0.2212982475757599
         },
         "actor_rotation": {
            "roll": 3.170195896018413e-06,
            "pitch": -0.00018441509746480733,
            "yaw": 89.99668884277344
         },
         "actor_bbox_ext": {
            "x": 1.021842122077942,
            "y": 0.3984561562538147,
            "z": 0.687301516532898
         }
      },
      {
         "actor_type": "vehicle.volkswagen.t2",
         "actor_id": 333,
         "actor_location": {
            "x": 26.478717803955078,
            "y": 306.73272705078125,
            "z": 0.2133038341999054
         },
         "actor_rotation": {
            "roll": 0.008772051893174648,
            "pitch": -0.5062194466590881,
            "yaw": -0.0661315843462944
         },
         "actor_bbox_ext": {
            "x": 2.2595229148864746,
            "y": 1.0383671522140503,
            "z": 1.0132241249084473
         }
      },
      {
         "actor_type": "vehicle.nissan.micra",
         "actor_id": 334,
         "actor_location": {
            "x": -3.345841884613037,
            "y": 207.15948486328125,
            "z": 0.23188483715057373
         },
         "actor_rotation": {
            "roll": 0.3474504351615906,
            "pitch": 0.222985178232193,
            "yaw": -88.3532943725586
         },
         "actor_bbox_ext": {
            "x": 1.8344237804412842,
            "y": 0.9280761480331421,
            "z": 0.7616068720817566
         }
      },
      {
         "actor_type": "vehicle.lincoln.mkz2017",
         "actor_id": 335,
         "actor_location": {
            "x": -7.5252203941345215,
            "y": 292.7593078613281,
            "z": 0.20967090129852295
         },
         "actor_rotation": {
            "roll": -0.000274658523267135,
            "pitch": 0.07696256786584854,
            "yaw": 90.00004577636719
         },
         "actor_bbox_ext": {
            "x": 2.4543750286102295,
            "y": 1.056093692779541,
            "z": 0.7615917921066284
         }
      },
      {
         "actor_type": "vehicle.diamondback.century",
         "actor_id": 336,
         "actor_location": {
            "x": 35.12682342529297,
            "y": 109.55159759521484,
            "z": 0.20272620022296906
         },
         "actor_rotation": {
            "roll": -4.071169941964603e-13,
            "pitch": -0.31106045842170715,
            "yaw": -0.0013122555101290345
         },
         "actor_bbox_ext": {
            "x": 0.8281218409538269,
            "y": 0.21070940792560577,
            "z": 0.746755838394165
         }
      },
      {
         "actor_type": "vehicle.audi.a2",
         "actor_id": 337,
         "actor_location": {
            "x": -7.527546405792236,
            "y": 167.2391357421875,
            "z": 0.20997314155101776
         },
         "actor_rotation": {
            "roll": -0.0633850023150444,
            "pitch": 0.027218302711844444,
            "yaw": 89.96599578857422
         },
         "actor_bbox_ext": {
            "x": 1.8593107461929321,
            "y": 0.8962239623069763,
            "z": 0.7677467465400696
         }
      },
      {
         "actor_type": "vehicle.bh.crossbike",
         "actor_id": 338,
         "actor_location": {
            "x": 193.7728271484375,
            "y": 255.71337890625,
            "z": 0.2193329781293869
         },
         "actor_rotation": {
            "roll": 2.8650191552515025e-07,
            "pitch": 0.0001707547198748216,
            "yaw": -89.9475326538086
         },
         "actor_bbox_ext": {
            "x": 0.7546613812446594,
            "y": 0.4329703152179718,
            "z": 0.7653154730796814
         }
      },
      {
         "actor_type": "vehicle.dodge_charger.police",
         "actor_id": 339,
         "actor_location": {
            "x": 178.41497802734375,
            "y": 302.5030517578125,
            "z": 0.20248518884181976
         },
         "actor_rotation": {
            "roll": 0.11267153173685074,
            "pitch": 0.1726466864347458,
            "yaw": 177.10855102539062
         },
         "actor_bbox_ext": {
            "x": 2.4965829849243164,
            "y": 1.0679636001586914,
            "z": 0.7898477911949158
         }
      },
      {
         "actor_type": "vehicle.audi.a2",
         "actor_id": 340,
         "actor_location": {
            "x": 193.82054138183594,
            "y": 261.8222351074219,
            "z": 0.2099658101797104
         },
         "actor_rotation": {
            "roll": -0.0633850023150444,
            "pitch": 0.027587132528424263,
            "yaw": -89.97393035888672
         },
         "actor_bbox_ext": {
            "x": 1.8593107461929321,
            "y": 0.8962239623069763,
            "z": 0.7677467465400696
         }
      },
      {
         "actor_type": "vehicle.bmw.isetta",
         "actor_id": 341,
         "actor_location": {
            "x": 157.866455078125,
            "y": 302.55181884765625,
            "z": 0.2226019650697708
         },
         "actor_rotation": {
            "roll": 2.5859875677269883e-05,
            "pitch": 0.33780065178871155,
            "yaw": -179.99839782714844
         },
         "actor_bbox_ext": {
            "x": 1.1012483835220337,
            "y": 0.7426624298095703,
            "z": 0.6732476949691772
         }
      },
      {
         "actor_type": "vehicle.yamaha.yzf",
         "actor_id": 342,
         "actor_location": {
            "x": 193.76998901367188,
            "y": 204.84616088867188,
            "z": 0.18482118844985962
         },
         "actor_rotation": {
            "roll": 1.1041439051950874e-07,
            "pitch": 0.0,
            "yaw": -90.24765014648438
         },
         "actor_bbox_ext": {
            "x": 1.0953842401504517,
            "y": 0.3831165134906769,
            "z": 0.8172529339790344
         }
      },
      {
         "actor_type": "vehicle.yamaha.yzf",
         "actor_id": 343,
         "actor_location": {
            "x": 189.9294891357422,
            "y": 222.41917419433594,
            "z": 0.21859578788280487
         },
         "actor_rotation": {
            "roll": 0.011916633695363998,
            "pitch": -0.00018441509746480733,
            "yaw": 89.75093841552734
         },
         "actor_bbox_ext": {
            "x": 1.0953842401504517,
            "y": 0.3831165134906769,
            "z": 0.8172529339790344
         }
      },
      {
         "actor_type": "vehicle.carlamotors.carlacola",
         "actor_id": 344,
         "actor_location": {
            "x": 193.88970947265625,
            "y": 117.53125762939453,
            "z": 0.21875567734241486
         },
         "actor_rotation": {
            "roll": -0.1860351413488388,
            "pitch": -0.02313384972512722,
            "yaw": -92.25753784179688
         },
         "actor_bbox_ext": {
            "x": 2.5996146202087402,
            "y": 1.3075095415115356,
            "z": 1.2384252548217773
         }
      },
      {
         "actor_type": "vehicle.kawasaki.ninja",
         "actor_id": 345,
         "actor_location": {
            "x": -1.2630659341812134,
            "y": 305.18310546875,
            "z": 0.22378391027450562
         },
         "actor_rotation": {
            "roll": -1.9384158849716187,
            "pitch": 0.21639403700828552,