{
   "cam_type": "sensor.camera.rgb",
   "cam_id": 265,
   "cam_location": {
      "x": 190.0854034423828,
      "y": 175.19509887695312,
      "z": 3.0221757888793945
   },
   "cam_rotation": {
      "roll": 0.09130408614873886,
      "pitch": -14.864423751831055,
      "yaw": 96.49645233154297
   },
   "img_name": "566.png",
   "img_width": 640,
   "img_height": 680,
   "img_fov": 100,
   "debug_info": [
      {
         "actor_type": "vehicle.jeep.wrangler_rubicon",
         "actor_id": 212,
         "actor_location": {
            "x": 35.20960998535156,
            "y": 191.64971923828125,
            "z": 0.26003795862197876
         },
         "actor_rotation": {
            "roll": 0.012744179926812649,
            "pitch": 0.02295626513659954,
            "yaw": 0.3883180320262909
         },
         "actor_bbox_ext": {
            "x": 1.9340534210205078,
            "y": 0.953285276889801,
            "z": 0.9399999976158142
         }
      },
      {
         "actor_type": "vehicle.dodge_charger.police",
         "actor_id": 213,
         "actor_location": {
            "x": 166.32423400878906,
            "y": 306.65155029296875,
            "z": 0.1985148787498474
         },
         "actor_rotation": {
            "roll": -0.000732421875,
            "pitch": 0.4148246943950653,
            "yaw": -0.006866454612463713
         },
         "actor_bbox_ext": {
            "x": 2.4965829849243164,
            "y": 1.0679636001586914,
            "z": 0.7898477911949158
         }
      },
      {
         "actor_type": "vehicle.audi.tt",
         "actor_id": 214,
         "actor_location": {
            "x": -3.267693042755127,
            "y": 195.3578643798828,
            "z": 0.248738631606102
         },
         "actor_rotation": {
            "roll": -0.046356201171875,
            "pitch": -0.060488153249025345,
            "yaw": -90.16693878173828
         },
         "actor_bbox_ext": {
            "x": 2.1102468967437744,
            "y": 1.0045700073242188,
            "z": 0.695303738117218
         }
      },
      {
         "actor_type": "vehicle.ford.mustang",
         "actor_id": 215,
         "actor_location": {
            "x": 114.79973602294922,
            "y": 306.6515808105469,
            "z": 0.21335403621196747
         },
         "actor_rotation": {
            "roll": 0.0007081915973685682,
            "pitch": 0.08162075281143188,
            "yaw": -0.007049561012536287
         },
         "actor_bbox_ext": {
            "x": 2.3399999141693115,
            "y": 0.9399999976158142,
            "z": 0.6499999761581421
         }
      },
      {
         "actor_type": "vehicle.bmw.grandtourer",
         "actor_id": 216,
         "actor_location": {
            "x": 189.64968872070312,
            "y": 164.03948974609375,
            "z": 0.2956387400627136
         },
         "actor_rotation": {
            "roll": -0.00018310472660232335,
            "pitch": -0.10250747203826904,
            "yaw": 89.98767852783203
         },
         "actor_bbox_ext": {
            "x": 2.3195438385009766,
            "y": 1.129660964012146,
            "z": 0.8390889763832092
         }
      },
      {
         "actor_type": "vehicle.chevrolet.impala",
         "actor_id": 217,
         "actor_location": {
            "x": 22.81352996826172,
            "y": 191.61631774902344,
            "z": 0.1733451783657074
         },
         "actor_rotation": {
            "roll": 0.47699296474456787,
            "pitch": 0.42640867829322815,
            "yaw": 0.038238633424043655
         },
         "actor_bbox_ext": {
            "x": 2.684596538543701,
            "y": 1.026368260383606,
            "z": 0.7075497508049011
         }
      },
      {
         "actor_type": "vehicle.mercedes-benz.coupe",
         "actor_id": 218,
         "actor_location": {
            "x": 193.80520629882812,
            "y": 206.91326904296875,
            "z": 0.34892934560775757
         },
         "actor_rotation": {
            "roll": -0.011413565836846828,
            "pitch": 0.4012599289417267,
            "yaw": -90.12317657470703
         },
         "actor_bbox_ext": {
            "x": 2.521892547607422,
            "y": 1.0814987421035767,
            "z": 0.820067286491394
         }
      },
      {
         "actor_type": "vehicle.yamaha.yzf",
         "actor_id": 219,
         "actor_location": {
            "x": 63.27237319946289,
            "y": 302.5528564453125,
            "z": 0.18088430166244507
         },
         "actor_rotation": {
            "roll": 0.16491170227527618,
            "pitch": -0.5452266335487366,
            "yaw": -179.99949645996094
         },
         "actor_bbox_ext": {
            "x": 1.0953842401504517,
            "y": 0.3831165134906769,
            "z": 0.8172529339790344
         }
      },
      {
         "actor_type": "vehicle.tesla.model3",
         "actor_id": 220,
         "actor_location": {
            "x": 193.8042755126953,
            "y": 214.19471740722656,
            "z": 0.21712356805801392
         },
         "actor_rotation": {
            "roll": 3.5418361221672967e-06,
            "pitch": 0.1359754055738449,
            "yaw": -90.01980590820312
         },
         "actor_bbox_ext": {
            "x": 2.452350616455078,
            "y": 1.0303291082382202,
            "z": 0.7391985058784485
         }
      },
      {
         "actor_type": "vehicle.chevrolet.impala",
         "actor_id": 221,
         "actor_location": {
            "x": 53.39227294921875,
            "y": 302.24627685546875,
            "z": 0.20391902327537537
         },
         "actor_rotation": {
            "roll": -0.10260009765625,
            "pitch": 0.21092306077480316,
            "yaw": -174.88096618652344
         },
         "actor_bbox_ext": {
            "x": 2.684596538543701,
            "y": 1.026368260383606,
            "z": 0.7075497508049011
         }
      },
      {
         "actor_type": "vehicle.toyota.prius",
         "actor_id": 222,
         "actor_location": {
            "x": 181.88926696777344,
            "y": 105.89167022705078,
            "z": 0.2564006447792053
         },
         "actor_rotation": {
            "roll": 0.2345501184463501,
            "pitch": -0.010716565884649754,
            "yaw": -168.72470092773438
         },
         "actor_bbox_ext": {
            "x": 2.2691667079925537,
            "y": 1.0005652904510498,
            "z": 0.7686808109283447
         }
      },
      {
         "actor_type": "vehicle.bh.crossbike",
         "actor_id": 223,
         "actor_location": {
            "x": 189.93020629882812,
            "y": 227.6505584716797,
            "z": 0.252350389957428
         },
         "actor_rotation": {
            "roll": 0.08594879508018494,
            "pitch": -0.21478894352912903,
            "yaw": 90.46554565429688
         },
         "actor_bbox_ext": {
            "x": 0.7546613812446594,
            "y": 0.4329703152179718,
            "z": 0.7653154730796814
         }
      },
      {
         "actor_type": "vehicle.audi.etron",
         "actor_id": 224,
         "actor_location": {
            "x": -6.255861282348633,
            "y": 113.03130340576172,
            "z": 0.17240500450134277
         },
         "actor_rotation": {
            "roll": 0.2317832112312317,
            "pitch": -0.019896339625120163,
            "yaw": 112.57072448730469
         },
         "actor_bbox_ext": {
            "x": 2.4270286560058594,
            "y": 1.0045700073242188,
            "z": 0.8343994617462158
         }
      },
      {
         "actor_type": "vehicle.chevrolet.impala",
         "actor_id": 225,
         "actor_location": {
            "x": 46.26024627685547,
            "y": 248.57765197753906,
            "z": 0.20600490272045135
         },
         "actor_rotation": {
            "roll": -0.31903076171875,
            "pitch": 0.01794973574578762,