{
   "cam_type": "sensor.camera.rgb",
   "cam_id": 391,
   "cam_location": {
      "x": 315.1612548828125,
      "y": -360.0668640136719,
      "z": 3.0600922107696533
   },
   "cam_rotation": {
      "roll": 0.5608929395675659,
      "pitch": -0.14599528908729553,
      "yaw": 29.347925186157227
   },
   "img_name": "570.png",
   "img_width": 640,
   "img_height": 680,
   "img_fov": 100,
   "debug_info": [
      {
         "actor_type": "vehicle.audi.etron",
         "actor_id": 334,
         "actor_location": {
            "x": 319.5846252441406,
            "y": -345.16571044921875,
            "z": -0.04807792603969574
         },
         "actor_rotation": {
            "roll": -0.1291808933019638,
            "pitch": 0.02628939598798752,
            "yaw": 31.9588623046875
         },
         "actor_bbox_ext": {
            "x": 2.4270286560058594,
            "y": 1.0045700073242188,
            "z": 0.8343994617462158
         }
      },
      {
         "actor_type": "vehicle.bmw.grandtourer",
         "actor_id": 335,
         "actor_location": {
            "x": 328.0838623046875,
            "y": -343.7833251953125,
            "z": 0.07339465618133545
         },
         "actor_rotation": {
            "roll": -0.8580015301704407,
            "pitch": 0.0934164896607399,
            "yaw": 35.40083694458008
         },
         "actor_bbox_ext": {
            "x": 2.3195438385009766,
            "y": 1.129660964012146,
            "z": 0.8390889763832092
         }
      },
      {
         "actor_type": "vehicle.bmw.grandtourer",
         "actor_id": 336,
         "actor_location": {
            "x": 117.87438201904297,
            "y": -380.4717102050781,
            "z": 0.0728156641125679
         },
         "actor_rotation": {
            "roll": 0.6451427340507507,
            "pitch": 0.15099498629570007,
            "yaw": 164.91697692871094
         },
         "actor_bbox_ext": {
            "x": 2.3195438385009766,
            "y": 1.129660964012146,
            "z": 0.8390889763832092
         }
      },
      {
         "actor_type": "vehicle.chevrolet.impala",
         "actor_id": 337,
         "actor_location": {
            "x": 115.17984771728516,
            "y": -383.38873291015625,
            "z": -0.04817523807287216
         },
         "actor_rotation": {
            "roll": 0.6120640635490417,
            "pitch": 0.07675082981586456,
            "yaw": 164.4005889892578
         },
         "actor_bbox_ext": {
            "x": 2.684596538543701,
            "y": 1.026368260383606,
            "z": 0.7075497508049011
         }
      },
      {
         "actor_type": "vehicle.dodge_charger.police",
         "actor_id": 338,
         "actor_location": {
            "x": 121.2250747680664,
            "y": -388.4923095703125,
            "z": -0.017020149156451225
         },
         "actor_rotation": {
            "roll": -0.49447619915008545,
            "pitch": 0.008373811841011047,
            "yaw": 166.3607635498047
         },
         "actor_bbox_ext": {
            "x": 2.4965829849243164,
            "y": 1.0679636001586914,
            "z": 0.7898477911949158
         }
      },
      {
         "actor_type": "vehicle.harley-davidson.low rider",
         "actor_id": 339,
         "actor_location": {
            "x": 112.61549377441406,
            "y": -389.9585876464844,
            "z": -0.029218750074505806
         },
         "actor_rotation": {
            "roll": -5.632845878601074,
            "pitch": -0.35113316774368286,
            "yaw": 164.25802612304688
         },
         "actor_bbox_ext": {
            "x": 1.175087809562683,
            "y": 0.3831165134906769,
            "z": 0.7318695783615112
         }
      },
      {
         "actor_type": "vehicle.kawasaki.ninja",
         "actor_id": 340,
         "actor_location": {
            "x": 174.09620666503906,
            "y": -385.52001953125,
            "z": -0.0048256684094667435
         },
         "actor_rotation": {
            "roll": 0.10722201317548752,
            "pitch": -0.8514444828033447,
            "yaw": -179.48513793945312
         },
         "actor_bbox_ext": {
            "x": 1.021842122077942,
            "y": 0.3984561562538147,
            "z": 0.687301516532898
         }
      },
      {
         "actor_type": "vehicle.yamaha.yzf",
         "actor_id": 341,
         "actor_location": {
            "x": 180.64161682128906,
            "y": -388.96429443359375,
            "z": -0.04278101027011871
         },
         "actor_rotation": {
            "roll": 0.2158723920583725,
            "pitch": -0.8462467193603516,
            "yaw": -179.63572692871094
         },
         "actor_bbox_ext": {
            "x": 1.0953842401504517,
            "y": 0.3831165134906769,
            "z": 0.8172529339790344
         }
      },
      {
         "actor_type": "vehicle.toyota.prius",
         "actor_id": 342,
         "actor_location": {
            "x": 185.2801971435547,
            "y": -392.426513671875,
            "z": 0.035157736390829086
         },
         "actor_rotation": {
            "roll": -0.0021667478140443563,
            "pitch": 0.10288996249437332,
            "yaw": -179.54702758789062
         },
         "actor_bbox_ext": {
            "x": 2.2691667079925537,
            "y": 1.0005652904510498,
            "z": 0.7686808109283447
         }
      },
      {
         "actor_type": "vehicle.yamaha.yzf",
         "actor_id": 343,
         "actor_location": {
            "x": 181.42037963867188,
            "y": -395.9585876464844,
            "z": -0.043853092938661575
         },
         "actor_rotation": {
            "roll": 0.38964664936065674,
            "pitch": -0.9921805262565613,
            "yaw": -179.52520751953125
         },
         "actor_bbox_ext": {
            "x": 1.0953842401504517,
            "y": 0.3831165134906769,
            "z": 0.8172529339790344
         }
      },
      {
         "actor_type": "vehicle.toyota.prius",
         "actor_id": 344,
         "actor_location": {
            "x": 268.9599609375,
            "y": -366.5885925292969,
            "z": 0.03446655347943306
         },
         "actor_rotation": {
            "roll": -0.254730224609375,
            "pitch": 0.16521543264389038,
            "yaw": 7.580484390258789
         },
         "actor_bbox_ext": {
            "x": 2.2691667079925537,
            "y": 1.0005652904510498,
            "z": 0.7686808109283447
         }
      },
      {
         "actor_type": "vehicle.mini.cooperst",
         "actor_id": 345,
         "actor_location": {
            "x": 269.6423034667969,
            "y": -370.0176086425781,
            "z": 0.042129456996917725
         },
         "actor_rotation": {
            "roll": 0.26380279660224915,
            "pitch": 0.0859784185886383,
            "yaw": 7.572046279907227
         },
         "actor_bbox_ext": {
            "x": 1.9010963439941406,
            "y": 0.9870172142982483,
            "z": 0.7375003099441528
         }
      },
      {
         "actor_type": "vehicle.lincoln.mkz2017",
         "actor_id": 346,
         "actor_location": {
            "x": 268.24468994140625,
            "y": -373.75604248046875,
            "z": -0.007814407348632812
         },
         "actor_rotation": {
            "roll": 0.7735379934310913,
            "pitch": -0.24096906185150146,
            "yaw": 7.587644100189209
         },
         "actor_bbox_ext": {
            "x": 2.4543750286102295,
            "y": 1.056093692779541,
            "z": 0.7615917921066284
         }
      },
      {
         "actor_type": "vehicle.chevrolet.impala",
         "actor_id": 347,
         "actor_location": {
            "x": 316.4776611328125,
            "y": -354.9520263671875,
            "z": -0.049290962517261505
         },
         "actor_rotation": {
            "roll": -0.6875304579734802,
            "pitch": 0.17364388704299927,