{
   "cam_type": "sensor.camera.rgb",
   "cam_id": 503,
   "cam_location": {
      "x": 189.89112854003906,
      "y": 166.95748901367188,
      "z": 2.0075738430023193
   },
   "cam_rotation": {
      "roll": 0.4474997818470001,
      "pitch": 0.44284212589263916,
      "yaw": 89.75830078125
   },
   "img_name": "570.png",
   "img_width": 640,
   "img_height": 680,
   "img_fov": 100,
   "debug_info": [
      {
         "actor_type": "vehicle.jeep.wrangler_rubicon",
         "actor_id": 452,
         "actor_location": {
            "x": -7.526234149932861,
            "y": 172.87918090820312,
            "z": 0.2258123755455017
         },
         "actor_rotation": {
            "roll": -0.004852295853197575,
            "pitch": 0.02299041487276554,
            "yaw": 90.12934875488281
         },
         "actor_bbox_ext": {
            "x": 1.9340534210205078,
            "y": 0.953285276889801,
            "z": 0.9399999976158142
         }
      },
      {
         "actor_type": "vehicle.harley-davidson.low rider",
         "actor_id": 453,
         "actor_location": {
            "x": 2.8754937648773193,
            "y": 306.1944274902344,
            "z": 0.19247068464756012
         },
         "actor_rotation": {
            "roll": -1.5854188203811646,
            "pitch": 0.04842603951692581,
            "yaw": 11.616447448730469
         },
         "actor_bbox_ext": {
            "x": 1.175087809562683,
            "y": 0.3831165134906769,
            "z": 0.7318695783615112
         }
      },
      {
         "actor_type": "vehicle.nissan.micra",
         "actor_id": 454,
         "actor_location": {
            "x": -3.310394763946533,
            "y": 207.3308563232422,
            "z": 0.23191405832767487
         },
         "actor_rotation": {
            "roll": 0.3471454977989197,
            "pitch": 0.2235998958349228,
            "yaw": -91.76123046875
         },
         "actor_bbox_ext": {
            "x": 1.8344237804412842,
            "y": 0.9280761480331421,
            "z": 0.7616068720817566
         }
      },
      {
         "actor_type": "vehicle.bmw.grandtourer",
         "actor_id": 455,
         "actor_location": {
            "x": -7.524515628814697,
            "y": 275.7646179199219,
            "z": 0.29560667276382446
         },
         "actor_rotation": {
            "roll": 0.0006576334708370268,
            "pitch": -0.09963196516036987,
            "yaw": 90.00138854980469
         },
         "actor_bbox_ext": {
            "x": 2.3195438385009766,
            "y": 1.129660964012146,
            "z": 0.8390889763832092
         }
      },
      {
         "actor_type": "vehicle.bmw.isetta",
         "actor_id": 456,
         "actor_location": {
            "x": 11.323311805725098,
            "y": 109.56879425048828,
            "z": 0.2236834168434143
         },
         "actor_rotation": {
            "roll": -0.025238037109375,
            "pitch": 0.3854002356529236,
            "yaw": -0.446868896484375
         },
         "actor_bbox_ext": {
            "x": 1.1012483835220337,
            "y": 0.7426624298095703,
            "z": 0.6732476949691772
         }
      },
      {
         "actor_type": "vehicle.mercedes-benz.coupe",
         "actor_id": 457,
         "actor_location": {
            "x": -7.539632320404053,
            "y": 163.67152404785156,
            "z": 0.3469846248626709
         },
         "actor_rotation": {
            "roll": -0.020019512623548508,
            "pitch": 0.5887144804000854,
            "yaw": 89.83212280273438
         },
         "actor_bbox_ext": {
            "x": 2.521892547607422,
            "y": 1.0814987421035767,
            "z": 0.820067286491394
         }
      },
      {
         "actor_type": "vehicle.bh.crossbike",
         "actor_id": 458,
         "actor_location": {
            "x": 193.77301025390625,
            "y": 255.77854919433594,
            "z": 0.21930848062038422
         },
         "actor_rotation": {
            "roll": 1.7333157131815824e-07,
            "pitch": 0.00012294339830987155,
            "yaw": -90.19183349609375
         },
         "actor_bbox_ext": {
            "x": 0.7546613812446594,
            "y": 0.4329703152179718,
            "z": 0.7653154730796814
         }
      },
      {
         "actor_type": "vehicle.tesla.model3",
         "actor_id": 459,
         "actor_location": {
            "x": 189.59727478027344,
            "y": 292.8729553222656,
            "z": 0.21773605048656464
         },
         "actor_rotation": {
            "roll": -0.025756828486919403,
            "pitch": 0.11288253217935562,
            "yaw": 90.06260681152344
         },
         "actor_bbox_ext": {
            "x": 2.452350616455078,
            "y": 1.0303291082382202,
            "z": 0.7391985058784485
         }
      },
      {
         "actor_type": "vehicle.audi.a2",
         "actor_id": 460,
         "actor_location": {
            "x": 193.82093811035156,
            "y": 261.7040710449219,
            "z": 0.21025565266609192
         },
         "actor_rotation": {
            "roll": -0.0633544847369194,
            "pitch": 0.002281283028423786,
            "yaw": -90.00792694091797
         },
         "actor_bbox_ext": {
            "x": 1.8593107461929321,
            "y": 0.8962239623069763,
            "z": 0.7677467465400696
         }
      },
      {
         "actor_type": "vehicle.ford.mustang",
         "actor_id": 461,
         "actor_location": {
            "x": 154.72442626953125,
            "y": 302.5523681640625,
            "z": 0.2143128216266632
         },
         "actor_rotation": {
            "roll": -0.00015258787607308477,
            "pitch": -0.03823539614677429,
            "yaw": -179.9999237060547
         },
         "actor_bbox_ext": {
            "x": 2.3399999141693115,
            "y": 0.9399999976158142,
            "z": 0.6499999761581421
         }
      },
      {
         "actor_type": "vehicle.chevrolet.impala",
         "actor_id": 462,
         "actor_location": {
            "x": 193.79644775390625,
            "y": 207.02891540527344,
            "z": 0.1720242202281952
         },
         "actor_rotation": {
            "roll": 0.00013388044317252934,
            "pitch": 0.0007103396346792579,
            "yaw": -90.01409912109375
         },
         "actor_bbox_ext": {
            "x": 2.684596538543701,
            "y": 1.026368260383606,
            "z": 0.7075497508049011
         }
      },
      {
         "actor_type": "vehicle.mini.cooperst",
         "actor_id": 463,
         "actor_location": {
            "x": 189.9318084716797,
            "y": 222.34237670898438,
            "z": 0.29583263397216797
         },
         "actor_rotation": {
            "roll": 0.016429636627435684,
            "pitch": -0.00012294339830987155,
            "yaw": 89.98625946044922
         },
         "actor_bbox_ext": {
            "x": 1.9010963439941406,
            "y": 0.9870172142982483,
            "z": 0.7375003099441528
         }
      },
      {
         "actor_type": "vehicle.volkswagen.t2",
         "actor_id": 464,
         "actor_location": {
            "x": 193.7925567626953,
            "y": 129.26904296875,
            "z": 0.2073303908109665
         },
         "actor_rotation": {
            "roll": -0.0016174325719475746,
            "pitch": 0.08535686880350113,
            "yaw": -90.00535583496094
         },
         "actor_bbox_ext": {
            "x": 2.2595229148864746,
            "y": 1.0383671522140503,
            "z": 1.0132241249084473
         }
      },
      {
         "actor_type": "vehicle.chevrolet.impala",
         "actor_id": 465,
         "actor_location": {
            "x": -7.525686264038086,
            "y": 292.28985595703125,
            "z": 0.1732627898454666
         },
         "actor_rotation": {
            "roll": 0.00019142290693707764,
            "pitch": -0.02606400102376938,