{
   "cam_type": "sensor.camera.rgb",
   "cam_id": 383,
   "cam_location": {
      "x": 189.9342803955078,
      "y": 168.10289001464844,
      "z": 2.7958765029907227
   },
   "cam_rotation": {
      "roll": 0.016431737691164017,
      "pitch": -0.00012294339830987155,
      "yaw": 90.0262222290039
   },
   "img_name": "581.png",
   "img_width": 640,
   "img_height": 680,
   "img_fov": 100,
   "debug_info": [
      {
         "actor_type": "vehicle.kawasaki.ninja",
         "actor_id": 332,
         "actor_location": {
            "x": -7.526004314422607,
            "y": 173.32501220703125,
            "z": 0.22129684686660767
         },
         "actor_rotation": {
            "roll": 3.170195896018413e-06,
            "pitch": -0.00018441509746480733,
            "yaw": 89.99668884277344
         },
         "actor_bbox_ext": {
            "x": 1.021842122077942,
            "y": 0.3984561562538147,
            "z": 0.687301516532898
         }
      },
      {
         "actor_type": "vehicle.volkswagen.t2",
         "actor_id": 333,
         "actor_location": {
            "x": 26.4819278717041,
            "y": 306.7327880859375,
            "z": 0.2078734189271927
         },
         "actor_rotation": {
            "roll": 0.0,
            "pitch": -0.00707607576623559,
            "yaw": -0.0660095140337944
         },
         "actor_bbox_ext": {
            "x": 2.2595229148864746,
            "y": 1.0383671522140503,
            "z": 1.0132241249084473
         }
      },
      {
         "actor_type": "vehicle.nissan.micra",
         "actor_id": 334,
         "actor_location": {
            "x": -3.345841884613037,
            "y": 207.15948486328125,
            "z": 0.23188342154026031
         },
         "actor_rotation": {
            "roll": 0.3474504351615906,
            "pitch": 0.222985178232193,
            "yaw": -88.3532943725586
         },
         "actor_bbox_ext": {
            "x": 1.8344237804412842,
            "y": 0.9280761480331421,
            "z": 0.7616068720817566
         }
      },
      {
         "actor_type": "vehicle.lincoln.mkz2017",
         "actor_id": 335,
         "actor_location": {
            "x": 0.5513229966163635,
            "y": 305.5566101074219,
            "z": 0.20902273058891296
         },
         "actor_rotation": {
            "roll": -0.556671142578125,
            "pitch": 0.10742521286010742,
            "yaw": 21.285539627075195
         },
         "actor_bbox_ext": {
            "x": 2.4543750286102295,
            "y": 1.056093692779541,
            "z": 0.7615917921066284
         }
      },
      {
         "actor_type": "vehicle.diamondback.century",
         "actor_id": 336,
         "actor_location": {
            "x": 54.10520935058594,
            "y": 109.55159759521484,
            "z": 0.2037680447101593
         },
         "actor_rotation": {
            "roll": -3.0517576306010596e-05,
            "pitch": -0.12984871864318848,
            "yaw": -0.0012512205867096782
         },
         "actor_bbox_ext": {
            "x": 0.8281218409538269,
            "y": 0.21070940792560577,
            "z": 0.746755838394165
         }
      },
      {
         "actor_type": "vehicle.audi.a2",
         "actor_id": 337,
         "actor_location": {
            "x": -7.527546405792236,
            "y": 167.2391357421875,
            "z": 0.2099696695804596
         },
         "actor_rotation": {
            "roll": -0.0633850023150444,
            "pitch": 0.027559811249375343,
            "yaw": 89.96599578857422
         },
         "actor_bbox_ext": {
            "x": 1.8593107461929321,
            "y": 0.8962239623069763,
            "z": 0.7677467465400696
         }
      },
      {
         "actor_type": "vehicle.bh.crossbike",
         "actor_id": 338,
         "actor_location": {
            "x": 193.7728271484375,
            "y": 255.71337890625,
            "z": 0.21933354437351227
         },
         "actor_rotation": {
            "roll": 2.8650191552515025e-07,
            "pitch": 0.0001707547198748216,
            "yaw": -89.9475326538086
         },
         "actor_bbox_ext": {
            "x": 0.7546613812446594,
            "y": 0.4329703152179718,
            "z": 0.7653154730796814
         }
      },
      {
         "actor_type": "vehicle.dodge_charger.police",
         "actor_id": 339,
         "actor_location": {
            "x": 162.12384033203125,
            "y": 302.552734375,
            "z": 0.20163264870643616
         },
         "actor_rotation": {
            "roll": 2.6609861379256472e-05,
            "pitch": 0.132198303937912,
            "yaw": -179.9965362548828
         },
         "actor_bbox_ext": {
            "x": 2.4965829849243164,
            "y": 1.0679636001586914,
            "z": 0.7898477911949158
         }
      },
      {
         "actor_type": "vehicle.audi.a2",
         "actor_id": 340,
         "actor_location": {
            "x": 193.82054138183594,
            "y": 261.8222351074219,
            "z": 0.20996864140033722
         },
         "actor_rotation": {
            "roll": -0.0633850023150444,
            "pitch": 0.027587132528424263,
            "yaw": -89.97393035888672
         },
         "actor_bbox_ext": {
            "x": 1.8593107461929321,
            "y": 0.8962239623069763,
            "z": 0.7677467465400696
         }
      },
      {
         "actor_type": "vehicle.bmw.isetta",
         "actor_id": 341,
         "actor_location": {
            "x": 141.8525848388672,
            "y": 302.55224609375,
            "z": 0.2225983738899231
         },
         "actor_rotation": {
            "roll": -6.103515625e-05,
            "pitch": 0.3387090563774109,
            "yaw": -179.99305725097656
         },
         "actor_bbox_ext": {
            "x": 1.1012483835220337,
            "y": 0.7426624298095703,
            "z": 0.6732476949691772
         }
      },
      {
         "actor_type": "vehicle.yamaha.yzf",
         "actor_id": 342,
         "actor_location": {
            "x": 193.76998901367188,
            "y": 204.84616088867188,
            "z": 0.18482577800750732
         },
         "actor_rotation": {
            "roll": 1.1041439051950874e-07,
            "pitch": 0.0,
            "yaw": -90.24765014648438
         },
         "actor_bbox_ext": {
            "x": 1.0953842401504517,
            "y": 0.3831165134906769,
            "z": 0.8172529339790344
         }
      },
      {
         "actor_type": "vehicle.yamaha.yzf",
         "actor_id": 343,
         "actor_location": {
            "x": 189.9294891357422,
            "y": 222.41917419433594,
            "z": 0.21859444677829742
         },
         "actor_rotation": {
            "roll": 0.011916633695363998,
            "pitch": -0.00018441509746480733,
            "yaw": 89.75093841552734
         },
         "actor_bbox_ext": {
            "x": 1.0953842401504517,
            "y": 0.3831165134906769,
            "z": 0.8172529339790344
         }
      },
      {
         "actor_type": "vehicle.carlamotors.carlacola",
         "actor_id": 344,
         "actor_location": {
            "x": 183.75865173339844,
            "y": 106.25077819824219,
            "z": 0.21831439435482025
         },
         "actor_rotation": {
            "roll": -0.1153259128332138,
            "pitch": 0.01432290580123663,
            "yaw": -165.2887725830078
         },
         "actor_bbox_ext": {
            "x": 2.5996146202087402,
            "y": 1.3075095415115356,
            "z": 1.2384252548217773
         }
      },
      {
         "actor_type": "vehicle.kawasaki.ninja",
         "actor_id": 345,
         "actor_location": {
            "x": 15.079988479614258,
            "y": 306.7186584472656,
            "z": 0.217978835105896
         },
         "actor_rotation": {
            "roll": -0.0677490085363388,
            "pitch": -0.48342710733413696,
            "yaw": 0.10103365778923035
         },