{
   "cam_type": "sensor.camera.rgb",
   "cam_id": 265,
   "cam_location": {
      "x": 181.75665283203125,
      "y": 187.112060546875,
      "z": 3.014580011367798
   },
   "cam_rotation": {
      "roll": 0.19227172434329987,
      "pitch": -14.831843376159668,
      "yaw": 176.2430877685547
   },
   "img_name": "592.png",
   "img_width": 640,
   "img_height": 680,
   "img_fov": 100,
   "debug_info": [
      {
         "actor_type": "vehicle.jeep.wrangler_rubicon",
         "actor_id": 212,
         "actor_location": {
            "x": 50.49406814575195,
            "y": 191.7693328857422,
            "z": 0.2598957419395447
         },
         "actor_rotation": {
            "roll": 0.012003271840512753,
            "pitch": 0.029936717823147774,
            "yaw": 0.41621237993240356
         },
         "actor_bbox_ext": {
            "x": 1.9340534210205078,
            "y": 0.953285276889801,
            "z": 0.9399999976158142
         }
      },
      {
         "actor_type": "vehicle.dodge_charger.police",
         "actor_id": 213,
         "actor_location": {
            "x": 185.17495727539062,
            "y": 305.82977294921875,
            "z": 0.20018021762371063
         },
         "actor_rotation": {
            "roll": -0.4638366401195526,
            "pitch": 0.26160305738449097,
            "yaw": -13.254691123962402
         },
         "actor_bbox_ext": {
            "x": 2.4965829849243164,
            "y": 1.0679636001586914,
            "z": 0.7898477911949158
         }
      },
      {
         "actor_type": "vehicle.audi.tt",
         "actor_id": 214,
         "actor_location": {
            "x": -3.337913990020752,
            "y": 175.90463256835938,
            "z": 0.24957270920276642
         },
         "actor_rotation": {
            "roll": -0.0509033277630806,
            "pitch": -0.1447795182466507,
            "yaw": -90.28754425048828
         },
         "actor_bbox_ext": {
            "x": 2.1102468967437744,
            "y": 1.0045700073242188,
            "z": 0.695303738117218
         }
      },
      {
         "actor_type": "vehicle.ford.mustang",
         "actor_id": 215,
         "actor_location": {
            "x": 151.4479522705078,
            "y": 306.65142822265625,
            "z": 0.21420150995254517
         },
         "actor_rotation": {
            "roll": -0.00012207030522404239,
            "pitch": -0.024417925626039505,
            "yaw": 0.0020490309689193964
         },
         "actor_bbox_ext": {
            "x": 2.3399999141693115,
            "y": 0.9399999976158142,
            "z": 0.6499999761581421
         }
      },
      {
         "actor_type": "vehicle.bmw.grandtourer",
         "actor_id": 216,
         "actor_location": {
            "x": 189.4329071044922,
            "y": 179.3524627685547,
            "z": 0.3266521692276001
         },
         "actor_rotation": {
            "roll": -0.09426877647638321,
            "pitch": 0.13108497858047485,
            "yaw": 94.10366821289062
         },
         "actor_bbox_ext": {
            "x": 2.3195438385009766,
            "y": 1.129660964012146,
            "z": 0.8390889763832092
         }
      },
      {
         "actor_type": "vehicle.chevrolet.impala",
         "actor_id": 217,
         "actor_location": {
            "x": 38.0120849609375,
            "y": 192.83279418945312,
            "z": 0.20766960084438324
         },
         "actor_rotation": {
            "roll": -1.527923583984375,
            "pitch": -0.19161412119865417,
            "yaw": 18.540639877319336
         },
         "actor_bbox_ext": {
            "x": 2.684596538543701,
            "y": 1.026368260383606,
            "z": 0.7075497508049011
         }
      },
      {
         "actor_type": "vehicle.mercedes-benz.coupe",
         "actor_id": 218,
         "actor_location": {
            "x": 193.80520629882812,
            "y": 206.91326904296875,
            "z": 0.34892913699150085
         },
         "actor_rotation": {
            "roll": -0.011413565836846828,
            "pitch": 0.4012599289417267,
            "yaw": -90.12317657470703
         },
         "actor_bbox_ext": {
            "x": 2.521892547607422,
            "y": 1.0814987421035767,
            "z": 0.820067286491394
         }
      },
      {
         "actor_type": "vehicle.yamaha.yzf",
         "actor_id": 219,
         "actor_location": {
            "x": 46.28336715698242,
            "y": 302.6200866699219,
            "z": 0.2273198664188385
         },
         "actor_rotation": {
            "roll": 0.05370249226689339,
            "pitch": 0.8714091181755066,
            "yaw": 179.56942749023438
         },
         "actor_bbox_ext": {
            "x": 1.0953842401504517,
            "y": 0.3831165134906769,
            "z": 0.8172529339790344
         }
      },
      {
         "actor_type": "vehicle.tesla.model3",
         "actor_id": 220,
         "actor_location": {
            "x": 193.8042755126953,
            "y": 214.19471740722656,
            "z": 0.21712398529052734
         },
         "actor_rotation": {
            "roll": 3.7019192404841306e-06,
            "pitch": 0.13609151542186737,
            "yaw": -90.01980590820312
         },
         "actor_bbox_ext": {
            "x": 2.452350616455078,
            "y": 1.0303291082382202,
            "z": 0.7391985058784485
         }
      },
      {
         "actor_type": "vehicle.chevrolet.impala",
         "actor_id": 221,
         "actor_location": {
            "x": 46.00189971923828,
            "y": 290.08551025390625,
            "z": 0.2015397995710373
         },
         "actor_rotation": {
            "roll": -0.1109924167394638,
            "pitch": 0.0805893987417221,
            "yaw": -93.06401824951172
         },
         "actor_bbox_ext": {
            "x": 2.684596538543701,
            "y": 1.026368260383606,
            "z": 0.7075497508049011
         }
      },
      {
         "actor_type": "vehicle.toyota.prius",
         "actor_id": 222,
         "actor_location": {
            "x": 166.00656127929688,
            "y": 105.40318298339844,
            "z": 0.25540444254875183
         },
         "actor_rotation": {
            "roll": 0.0014636374544352293,
            "pitch": 0.08028887212276459,
            "yaw": -179.9524383544922
         },
         "actor_bbox_ext": {
            "x": 2.2691667079925537,
            "y": 1.0005652904510498,
            "z": 0.7686808109283447
         }
      },
      {
         "actor_type": "vehicle.bh.crossbike",
         "actor_id": 223,
         "actor_location": {
            "x": 189.7591094970703,
            "y": 239.83811950683594,
            "z": 0.2527209520339966
         },
         "actor_rotation": {
            "roll": 0.026456650346517563,
            "pitch": -0.07843105494976044,
            "yaw": 90.81304931640625
         },
         "actor_bbox_ext": {
            "x": 0.7546613812446594,
            "y": 0.4329703152179718,
            "z": 0.7653154730796814
         }
      },
      {
         "actor_type": "vehicle.audi.etron",
         "actor_id": 224,
         "actor_location": {
            "x": -7.530091285705566,
            "y": 131.2132568359375,
            "z": 0.1721997857093811
         },
         "actor_rotation": {
            "roll": 0.0015973689733073115,
            "pitch": 0.0,
            "yaw": 90.12247467041016
         },
         "actor_bbox_ext": {
            "x": 2.4270286560058594,
            "y": 1.0045700073242188,
            "z": 0.8343994617462158
         }
      },
      {
         "actor_type": "vehicle.chevrolet.impala",
         "actor_id": 225,
         "actor_location": {
            "x": 58.69304656982422,
            "y": 241.22244262695312,
            "z": 0.2031644731760025
         },
         "actor_rotation": {
            "roll": -0.2236938178539276,
            "pitch": -0.08203056454658508,