{
   "cam_type": "sensor.camera.rgb",
   "cam_id": 391,
   "cam_location": {
      "x": 358.8390808105469,
      "y": -326.1141662597656,
      "z": 3.063751220703125
   },
   "cam_rotation": {
      "roll": 0.5658875703811646,
      "pitch": -0.18207234144210815,
      "yaw": 51.8665657043457
   },
   "img_name": "595.png",
   "img_width": 640,
   "img_height": 680,
   "img_fov": 100,
   "debug_info": [
      {
         "actor_type": "vehicle.audi.etron",
         "actor_id": 334,
         "actor_location": {
            "x": 359.71051025390625,
            "y": -307.1500244140625,
            "z": -0.047762107104063034
         },
         "actor_rotation": {
            "roll": -0.1398620754480362,
            "pitch": -0.0034833962563425303,
            "yaw": 56.522151947021484
         },
         "actor_bbox_ext": {
            "x": 2.4270286560058594,
            "y": 1.0045700073242188,
            "z": 0.8343994617462158
         }
      },
      {
         "actor_type": "vehicle.bmw.grandtourer",
         "actor_id": 335,
         "actor_location": {
            "x": 365.91912841796875,
            "y": -303.97515869140625,
            "z": 0.07499797642230988
         },
         "actor_rotation": {
            "roll": -0.8271790146827698,
            "pitch": -0.04912954941391945,
            "yaw": 58.84865951538086
         },
         "actor_bbox_ext": {
            "x": 2.3195438385009766,
            "y": 1.129660964012146,
            "z": 0.8390889763832092
         }
      },
      {
         "actor_type": "vehicle.bmw.grandtourer",
         "actor_id": 336,
         "actor_location": {
            "x": 67.40326690673828,
            "y": -358.0260009765625,
            "z": 0.07419075071811676
         },
         "actor_rotation": {
            "roll": 0.6422584652900696,
            "pitch": 0.029028302058577538,
            "yaw": 146.37429809570312
         },
         "actor_bbox_ext": {
            "x": 2.3195438385009766,
            "y": 1.129660964012146,
            "z": 0.8390889763832092
         }
      },
      {
         "actor_type": "vehicle.chevrolet.impala",
         "actor_id": 337,
         "actor_location": {
            "x": 64.81707763671875,
            "y": -360.49169921875,
            "z": -0.04784797504544258
         },
         "actor_rotation": {
            "roll": 0.5804903507232666,
            "pitch": 0.04692339524626732,
            "yaw": 145.953857421875
         },
         "actor_bbox_ext": {
            "x": 2.684596538543701,
            "y": 1.026368260383606,
            "z": 0.7075497508049011
         }
      },
      {
         "actor_type": "vehicle.dodge_charger.police",
         "actor_id": 338,
         "actor_location": {
            "x": 70.04973602294922,
            "y": -367.9840393066406,
            "z": -0.01822402887046337
         },
         "actor_rotation": {
            "roll": -0.5066221952438354,
            "pitch": 0.11754071712493896,
            "yaw": 148.61679077148438
         },
         "actor_bbox_ext": {
            "x": 2.4965829849243164,
            "y": 1.0679636001586914,
            "z": 0.7898477911949158
         }
      },
      {
         "actor_type": "vehicle.harley-davidson.low rider",
         "actor_id": 339,
         "actor_location": {
            "x": 62.95989227294922,
            "y": -367.65423583984375,
            "z": -0.03082014061510563
         },
         "actor_rotation": {
            "roll": -4.378602504730225,
            "pitch": -0.17154018580913544,
            "yaw": 146.93148803710938
         },
         "actor_bbox_ext": {
            "x": 1.175087809562683,
            "y": 0.3831165134906769,
            "z": 0.7318695783615112
         }
      },
      {
         "actor_type": "vehicle.kawasaki.ninja",
         "actor_id": 340,
         "actor_location": {
            "x": 133.5796356201172,
            "y": -383.7428894042969,
            "z": -0.003555774688720703
         },
         "actor_rotation": {
            "roll": -2.760925769805908,
            "pitch": -0.7971786260604858,
            "yaw": 170.88385009765625
         },
         "actor_bbox_ext": {
            "x": 1.021842122077942,
            "y": 0.3984561562538147,
            "z": 0.687301516532898
         }
      },
      {
         "actor_type": "vehicle.yamaha.yzf",
         "actor_id": 341,
         "actor_location": {
            "x": 127.05451965332031,
            "y": -386.1378173828125,
            "z": -0.042318761348724365
         },
         "actor_rotation": {
            "roll": -7.515879154205322,
            "pitch": -0.8713067173957825,
            "yaw": 167.42288208007812
         },
         "actor_bbox_ext": {
            "x": 1.0953842401504517,
            "y": 0.3831165134906769,
            "z": 0.8172529339790344
         }
      },
      {
         "actor_type": "vehicle.toyota.prius",
         "actor_id": 342,
         "actor_location": {
            "x": 131.6778564453125,
            "y": -390.5008850097656,
            "z": 0.03704696521162987
         },
         "actor_rotation": {
            "roll": 0.2638404071331024,
            "pitch": -0.07043290883302689,
            "yaw": 171.4749298095703
         },
         "actor_bbox_ext": {
            "x": 2.2691667079925537,
            "y": 1.0005652904510498,
            "z": 0.7686808109283447
         }
      },
      {
         "actor_type": "vehicle.yamaha.yzf",
         "actor_id": 343,
         "actor_location": {
            "x": 123.66539764404297,
            "y": -392.4786682128906,
            "z": -0.039012011140584946
         },
         "actor_rotation": {
            "roll": -9.606734275817871,
            "pitch": -0.36740267276763916,
            "yaw": 170.5231170654297
         },
         "actor_bbox_ext": {
            "x": 1.0953842401504517,
            "y": 0.3831165134906769,
            "z": 0.8172529339790344
         }
      },
      {
         "actor_type": "vehicle.toyota.prius",
         "actor_id": 344,
         "actor_location": {
            "x": 311.7065734863281,
            "y": -353.4654541015625,
            "z": 0.0344868078827858
         },
         "actor_rotation": {
            "roll": -0.33355703949928284,
            "pitch": 0.16281120479106903,
            "yaw": 26.893138885498047
         },
         "actor_bbox_ext": {
            "x": 2.2691667079925537,
            "y": 1.0005652904510498,
            "z": 0.7686808109283447
         }
      },
      {
         "actor_type": "vehicle.mini.cooperst",
         "actor_id": 345,
         "actor_location": {
            "x": 312.8102722167969,
            "y": -356.8410339355469,
            "z": 0.04401656985282898
         },
         "actor_rotation": {
            "roll": 0.4866076111793518,
            "pitch": -0.28937461972236633,
            "yaw": 26.904478073120117
         },
         "actor_bbox_ext": {
            "x": 1.9010963439941406,
            "y": 0.9870172142982483,
            "z": 0.7375003099441528
         }
      },
      {
         "actor_type": "vehicle.lincoln.mkz2017",
         "actor_id": 346,
         "actor_location": {
            "x": 320.2115478515625,
            "y": -356.9137268066406,
            "z": -0.009100532159209251
         },
         "actor_rotation": {
            "roll": 0.9252889752388,
            "pitch": -0.0988396629691124,
            "yaw": 29.68207359313965
         },
         "actor_bbox_ext": {
            "x": 2.4543750286102295,
            "y": 1.056093692779541,
            "z": 0.7615917921066284
         }
      },
      {
         "actor_type": "vehicle.chevrolet.impala",
         "actor_id": 347,
         "actor_location": {
            "x": 359.1387023925781,
            "y": -319.6099548339844,
            "z": -0.04802749678492546
         },
         "actor_rotation": {
            "roll": -0.79693603515625,
            "pitch": 0.055461134761571884,