{
   "cam_type": "sensor.camera.rgb",
   "cam_id": 503,
   "cam_location": {
      "x": 189.89112854003906,
      "y": 166.95748901367188,
      "z": 2.0076043605804443
   },
   "cam_rotation": {
      "roll": 0.4474997818470001,
      "pitch": 0.44284212589263916,
      "yaw": 89.75830078125
   },
   "img_name": "598.png",
   "img_width": 640,
   "img_height": 680,
   "img_fov": 100,
   "debug_info": [
      {
         "actor_type": "vehicle.jeep.wrangler_rubicon",
         "actor_id": 452,
         "actor_location": {
            "x": -7.526234149932861,
            "y": 172.87918090820312,
            "z": 0.22588737308979034
         },
         "actor_rotation": {
            "roll": -0.004852295853197575,
            "pitch": 0.02286064252257347,
            "yaw": 90.12934875488281
         },
         "actor_bbox_ext": {
            "x": 1.9340534210205078,
            "y": 0.953285276889801,
            "z": 0.9399999976158142
         }
      },
      {
         "actor_type": "vehicle.harley-davidson.low rider",
         "actor_id": 453,
         "actor_location": {
            "x": 17.768518447875977,
            "y": 306.72161865234375,
            "z": 0.18708759546279907
         },
         "actor_rotation": {
            "roll": -0.019744873046875,
            "pitch": -0.5526715517044067,
            "yaw": 0.06764308363199234
         },
         "actor_bbox_ext": {
            "x": 1.175087809562683,
            "y": 0.3831165134906769,
            "z": 0.7318695783615112
         }
      },
      {
         "actor_type": "vehicle.nissan.micra",
         "actor_id": 454,
         "actor_location": {
            "x": -3.310394763946533,
            "y": 207.3308563232422,
            "z": 0.23186229169368744
         },
         "actor_rotation": {
            "roll": 0.3471454977989197,
            "pitch": 0.2235998958349228,
            "yaw": -91.76123046875
         },
         "actor_bbox_ext": {
            "x": 1.8344237804412842,
            "y": 0.9280761480331421,
            "z": 0.7616068720817566
         }
      },
      {
         "actor_type": "vehicle.bmw.grandtourer",
         "actor_id": 455,
         "actor_location": {
            "x": -7.522674560546875,
            "y": 291.2217712402344,
            "z": 0.2933896481990814
         },
         "actor_rotation": {
            "roll": 0.00010943006054731086,
            "pitch": 0.13271740078926086,
            "yaw": 90.00234985351562
         },
         "actor_bbox_ext": {
            "x": 2.3195438385009766,
            "y": 1.129660964012146,
            "z": 0.8390889763832092
         }
      },
      {
         "actor_type": "vehicle.bmw.isetta",
         "actor_id": 456,
         "actor_location": {
            "x": 26.045440673828125,
            "y": 109.55191802978516,
            "z": 0.22253505885601044
         },
         "actor_rotation": {
            "roll": -0.00015258786152116954,
            "pitch": 0.35611921548843384,
            "yaw": 0.0028164279647171497
         },
         "actor_bbox_ext": {
            "x": 1.1012483835220337,
            "y": 0.7426624298095703,
            "z": 0.6732476949691772
         }
      },
      {
         "actor_type": "vehicle.mercedes-benz.coupe",
         "actor_id": 457,
         "actor_location": {
            "x": -7.537132263183594,
            "y": 166.41537475585938,
            "z": 0.3489251732826233
         },
         "actor_rotation": {
            "roll": -0.01144408993422985,
            "pitch": 0.4016560912132263,
            "yaw": 89.86087036132812
         },
         "actor_bbox_ext": {
            "x": 2.521892547607422,
            "y": 1.0814987421035767,
            "z": 0.820067286491394
         }
      },
      {
         "actor_type": "vehicle.bh.crossbike",
         "actor_id": 458,
         "actor_location": {
            "x": 193.77301025390625,
            "y": 255.77854919433594,
            "z": 0.21932914853096008
         },
         "actor_rotation": {
            "roll": 1.7333157131815824e-07,
            "pitch": 0.00012294339830987155,
            "yaw": -90.19183349609375
         },
         "actor_bbox_ext": {
            "x": 0.7546613812446594,
            "y": 0.4329703152179718,
            "z": 0.7653154730796814
         }
      },
      {
         "actor_type": "vehicle.tesla.model3",
         "actor_id": 459,
         "actor_location": {
            "x": 180.4170684814453,
            "y": 302.3666076660156,
            "z": 0.21860961616039276
         },
         "actor_rotation": {
            "roll": -0.8529053330421448,
            "pitch": 0.0836288332939148,
            "yaw": 172.5110321044922
         },
         "actor_bbox_ext": {
            "x": 2.452350616455078,
            "y": 1.0303291082382202,
            "z": 0.7391985058784485
         }
      },
      {
         "actor_type": "vehicle.audi.a2",
         "actor_id": 460,
         "actor_location": {
            "x": 193.82093811035156,
            "y": 261.703857421875,
            "z": 0.20995695888996124
         },
         "actor_rotation": {
            "roll": -0.0633850023150444,
            "pitch": 0.027539320290088654,
            "yaw": -90.00791931152344
         },
         "actor_bbox_ext": {
            "x": 1.8593107461929321,
            "y": 0.8962239623069763,
            "z": 0.7677467465400696
         }
      },
      {
         "actor_type": "vehicle.ford.mustang",
         "actor_id": 461,
         "actor_location": {
            "x": 127.40182495117188,
            "y": 302.5523986816406,
            "z": 0.2135358452796936
         },
         "actor_rotation": {
            "roll": -0.0001220703125,
            "pitch": 0.057954151183366776,
            "yaw": -179.99632263183594
         },
         "actor_bbox_ext": {
            "x": 2.3399999141693115,
            "y": 0.9399999976158142,
            "z": 0.6499999761581421
         }
      },
      {
         "actor_type": "vehicle.chevrolet.impala",
         "actor_id": 462,
         "actor_location": {
            "x": 193.79644775390625,
            "y": 207.02891540527344,
            "z": 0.17211520671844482
         },
         "actor_rotation": {
            "roll": 0.00013388044317252934,
            "pitch": 0.0007103396346792579,
            "yaw": -90.01409912109375
         },
         "actor_bbox_ext": {
            "x": 2.684596538543701,
            "y": 1.026368260383606,
            "z": 0.7075497508049011
         }
      },
      {
         "actor_type": "vehicle.mini.cooperst",
         "actor_id": 463,
         "actor_location": {
            "x": 189.9318084716797,
            "y": 222.34237670898438,
            "z": 0.2958630621433258
         },
         "actor_rotation": {
            "roll": 0.016429636627435684,
            "pitch": -0.00012294339830987155,
            "yaw": 89.98625946044922
         },
         "actor_bbox_ext": {
            "x": 1.9010963439941406,
            "y": 0.9870172142982483,
            "z": 0.7375003099441528
         }
      },
      {
         "actor_type": "vehicle.volkswagen.t2",
         "actor_id": 464,
         "actor_location": {
            "x": 191.5085906982422,
            "y": 110.6857681274414,
            "z": 0.2083846926689148
         },
         "actor_rotation": {
            "roll": 0.9948825240135193,
            "pitch": -0.0010381886968389153,
            "yaw": -120.23678588867188
         },
         "actor_bbox_ext": {
            "x": 2.2595229148864746,
            "y": 1.0383671522140503,
            "z": 1.0132241249084473
         }
      },
      {
         "actor_type": "vehicle.chevrolet.impala",
         "actor_id": 465,
         "actor_location": {
            "x": 0.37424635887145996,
            "y": 305.6375732421875,
            "z": 0.17312289774417877
         },
         "actor_rotation": {
            "roll": 1.107906699180603,
            "pitch": -0.04186905547976494,