{
   "cam_type": "sensor.camera.rgb",
   "cam_id": 383,
   "cam_location": {
      "x": 189.9342803955078,
      "y": 168.10289001464844,
      "z": 2.795876979827881
   },
   "cam_rotation": {
      "roll": 0.016431737691164017,
      "pitch": -0.00012294339830987155,
      "yaw": 90.0262222290039
   },
   "img_name": "609.png",
   "img_width": 640,
   "img_height": 680,
   "img_fov": 100,
   "debug_info": [
      {
         "actor_type": "vehicle.kawasaki.ninja",
         "actor_id": 332,
         "actor_location": {
            "x": -5.207663536071777,
            "y": 186.61911010742188,
            "z": 0.23941053450107574
         },
         "actor_rotation": {
            "roll": -0.7593687772750854,
            "pitch": 0.6102773547172546,
            "yaw": 53.29692459106445
         },
         "actor_bbox_ext": {
            "x": 1.021842122077942,
            "y": 0.3984561562538147,
            "z": 0.687301516532898
         }
      },
      {
         "actor_type": "vehicle.volkswagen.t2",
         "actor_id": 333,
         "actor_location": {
            "x": 35.672576904296875,
            "y": 306.62255859375,
            "z": 0.20330646634101868
         },
         "actor_rotation": {
            "roll": -0.0033569338265806437,
            "pitch": 0.4768018126487732,
            "yaw": -1.169189453125
         },
         "actor_bbox_ext": {
            "x": 2.2595229148864746,
            "y": 1.0383671522140503,
            "z": 1.0132241249084473
         }
      },
      {
         "actor_type": "vehicle.nissan.micra",
         "actor_id": 334,
         "actor_location": {
            "x": -3.345841884613037,
            "y": 207.15948486328125,
            "z": 0.2318822741508484
         },
         "actor_rotation": {
            "roll": 0.3474504351615906,
            "pitch": 0.222985178232193,
            "yaw": -88.3532943725586
         },
         "actor_bbox_ext": {
            "x": 1.8344237804412842,
            "y": 0.9280761480331421,
            "z": 0.7616068720817566
         }
      },
      {
         "actor_type": "vehicle.lincoln.mkz2017",
         "actor_id": 335,
         "actor_location": {
            "x": 15.510029792785645,
            "y": 306.71661376953125,
            "z": 0.2116643786430359
         },
         "actor_rotation": {
            "roll": -0.008422850631177425,
            "pitch": -0.14828339219093323,
            "yaw": 0.22422143816947937
         },
         "actor_bbox_ext": {
            "x": 2.4543750286102295,
            "y": 1.056093692779541,
            "z": 0.7615917921066284
         }
      },
      {
         "actor_type": "vehicle.diamondback.century",
         "actor_id": 336,
         "actor_location": {
            "x": 76.1629867553711,
            "y": 109.55159759521484,
            "z": 0.20358119904994965
         },
         "actor_rotation": {
            "roll": -3.0517578125e-05,
            "pitch": -0.16290000081062317,
            "yaw": -0.0010986326960846782
         },
         "actor_bbox_ext": {
            "x": 0.8281218409538269,
            "y": 0.21070940792560577,
            "z": 0.746755838394165
         }
      },
      {
         "actor_type": "vehicle.audi.a2",
         "actor_id": 337,
         "actor_location": {
            "x": -7.526769638061523,
            "y": 175.54037475585938,
            "z": 0.206368550658226
         },
         "actor_rotation": {
            "roll": -0.0648193210363388,
            "pitch": 0.4302199184894562,
            "yaw": 90.00962829589844
         },
         "actor_bbox_ext": {
            "x": 1.8593107461929321,
            "y": 0.8962239623069763,
            "z": 0.7677467465400696
         }
      },
      {
         "actor_type": "vehicle.bh.crossbike",
         "actor_id": 338,
         "actor_location": {
            "x": 193.7310333251953,
            "y": 247.53829956054688,
            "z": 0.21931146085262299
         },
         "actor_rotation": {
            "roll": -0.028656000271439552,
            "pitch": -0.008360151201486588,
            "yaw": -90.69747924804688
         },
         "actor_bbox_ext": {
            "x": 0.7546613812446594,
            "y": 0.4329703152179718,
            "z": 0.7653154730796814
         }
      },
      {
         "actor_type": "vehicle.dodge_charger.police",
         "actor_id": 339,
         "actor_location": {
            "x": 143.1007080078125,
            "y": 302.5525207519531,
            "z": 0.20322372019290924
         },
         "actor_rotation": {
            "roll": 0.00025293254293501377,
            "pitch": -0.012116755358874798,
            "yaw": -179.9966278076172
         },
         "actor_bbox_ext": {
            "x": 2.4965829849243164,
            "y": 1.0679636001586914,
            "z": 0.7898477911949158
         }
      },
      {
         "actor_type": "vehicle.audi.a2",
         "actor_id": 340,
         "actor_location": {
            "x": 193.82069396972656,
            "y": 256.8653564453125,
            "z": 0.20481956005096436
         },
         "actor_rotation": {
            "roll": -0.06527706980705261,
            "pitch": 0.5050514936447144,
            "yaw": -89.986572265625
         },
         "actor_bbox_ext": {
            "x": 1.8593107461929321,
            "y": 0.8962239623069763,
            "z": 0.7677467465400696
         }
      },
      {
         "actor_type": "vehicle.bmw.isetta",
         "actor_id": 341,
         "actor_location": {
            "x": 126.13774871826172,
            "y": 302.55224609375,
            "z": 0.22259128093719482
         },
         "actor_rotation": {
            "roll": 1.4068940799916163e-05,
            "pitch": 0.3406078517436981,
            "yaw": -179.99505615234375
         },
         "actor_bbox_ext": {
            "x": 1.1012483835220337,
            "y": 0.7426624298095703,
            "z": 0.6732476949691772
         }
      },
      {
         "actor_type": "vehicle.yamaha.yzf",
         "actor_id": 342,
         "actor_location": {
            "x": 191.20545959472656,
            "y": 192.38560485839844,
            "z": 0.20286746323108673
         },
         "actor_rotation": {
            "roll": -17.425029754638672,
            "pitch": 0.15113842487335205,
            "yaw": -134.95877075195312
         },
         "actor_bbox_ext": {
            "x": 1.0953842401504517,
            "y": 0.3831165134906769,
            "z": 0.8172529339790344
         }
      },
      {
         "actor_type": "vehicle.yamaha.yzf",
         "actor_id": 343,
         "actor_location": {
            "x": 189.9294891357422,
            "y": 222.41917419433594,
            "z": 0.2185927778482437
         },
         "actor_rotation": {
            "roll": 0.011916633695363998,
            "pitch": -0.00018441509746480733,
            "yaw": 89.75093841552734
         },
         "actor_bbox_ext": {
            "x": 1.0953842401504517,
            "y": 0.3831165134906769,
            "z": 0.8172529339790344
         }
      },
      {
         "actor_type": "vehicle.carlamotors.carlacola",
         "actor_id": 344,
         "actor_location": {
            "x": 168.14486694335938,
            "y": 105.40204620361328,
            "z": 0.21849974989891052
         },
         "actor_rotation": {
            "roll": -0.002227782504633069,
            "pitch": -0.0029028302524238825,
            "yaw": -179.91009521484375
         },
         "actor_bbox_ext": {
            "x": 2.5996146202087402,
            "y": 1.3075095415115356,
            "z": 1.2384252548217773
         }
      },
      {
         "actor_type": "vehicle.kawasaki.ninja",
         "actor_id": 345,
         "actor_location": {
            "x": 26.0787296295166,
            "y": 306.72216796875,
            "z": 0.22511141002178192
         },
         "actor_rotation": {
            "roll": 3.6392804759088904e-05,
            "pitch": 0.48964256048202515,