{
   "cam_type": "sensor.camera.rgb",
   "cam_id": 265,
   "cam_location": {
      "x": 167.28738403320312,
      "y": 187.55352783203125,
      "z": 2.9855992794036865
   },
   "cam_rotation": {
      "roll": -6.314003258012235e-05,
      "pitch": -14.836679458618164,
      "yaw": 179.99951171875
   },
   "img_name": "617.png",
   "img_width": 640,
   "img_height": 680,
   "img_fov": 100,
   "debug_info": [
      {
         "actor_type": "vehicle.jeep.wrangler_rubicon",
         "actor_id": 212,
         "actor_location": {
            "x": 64.87163543701172,
            "y": 191.74612426757812,
            "z": 0.22502043843269348
         },
         "actor_rotation": {
            "roll": -0.0223388671875,
            "pitch": 0.01598947122693062,
            "yaw": -0.24148564040660858
         },
         "actor_bbox_ext": {
            "x": 1.9340534210205078,
            "y": 0.953285276889801,
            "z": 0.9399999976158142
         }
      },
      {
         "actor_type": "vehicle.dodge_charger.police",
         "actor_id": 213,
         "actor_location": {
            "x": 193.3671417236328,
            "y": 294.77386474609375,
            "z": 0.20119574666023254
         },
         "actor_rotation": {
            "roll": -0.1437682956457138,
            "pitch": 0.17141041159629822,
            "yaw": -80.0822982788086
         },
         "actor_bbox_ext": {
            "x": 2.4965829849243164,
            "y": 1.0679636001586914,
            "z": 0.7898477911949158
         }
      },
      {
         "actor_type": "vehicle.audi.tt",
         "actor_id": 214,
         "actor_location": {
            "x": -3.3486251831054688,
            "y": 158.6398468017578,
            "z": 0.21589893102645874
         },
         "actor_rotation": {
            "roll": -0.063568115234375,
            "pitch": -0.13534702360630035,
            "yaw": -89.99169158935547
         },
         "actor_bbox_ext": {
            "x": 2.1102468967437744,
            "y": 1.0045700073242188,
            "z": 0.695303738117218
         }
      },
      {
         "actor_type": "vehicle.ford.mustang",
         "actor_id": 215,
         "actor_location": {
            "x": 174.52291870117188,
            "y": 306.65179443359375,
            "z": 0.21404780447483063
         },
         "actor_rotation": {
            "roll": 0.00022207100118976086,
            "pitch": 0.04387713223695755,
            "yaw": -0.004547118674963713
         },
         "actor_bbox_ext": {
            "x": 2.3399999141693115,
            "y": 0.9399999976158142,
            "z": 0.6499999761581421
         }
      },
      {
         "actor_type": "vehicle.bmw.grandtourer",
         "actor_id": 216,
         "actor_location": {
            "x": 177.8904266357422,
            "y": 187.3973846435547,
            "z": 0.32354316115379333
         },
         "actor_rotation": {
            "roll": -0.49652099609375,
            "pitch": 0.08105385303497314,
            "yaw": 174.34005737304688
         },
         "actor_bbox_ext": {
            "x": 2.3195438385009766,
            "y": 1.129660964012146,
            "z": 0.8390889763832092
         }
      },
      {
         "actor_type": "vehicle.chevrolet.impala",
         "actor_id": 217,
         "actor_location": {
            "x": 41.66349411010742,
            "y": 205.8831329345703,
            "z": 0.20203746855258942
         },
         "actor_rotation": {
            "roll": -0.1167602390050888,
            "pitch": -0.015046905726194382,
            "yaw": 86.69214630126953
         },
         "actor_bbox_ext": {
            "x": 2.684596538543701,
            "y": 1.026368260383606,
            "z": 0.7075497508049011
         }
      },
      {
         "actor_type": "vehicle.mercedes-benz.coupe",
         "actor_id": 218,
         "actor_location": {
            "x": 193.80520629882812,
            "y": 206.91326904296875,
            "z": 0.34892913699150085
         },
         "actor_rotation": {
            "roll": -0.011413565836846828,
            "pitch": 0.4012599289417267,
            "yaw": -90.12317657470703
         },
         "actor_bbox_ext": {
            "x": 2.521892547607422,
            "y": 1.0814987421035767,
            "z": 0.820067286491394
         }
      },
      {
         "actor_type": "vehicle.yamaha.yzf",
         "actor_id": 219,
         "actor_location": {
            "x": 32.29316329956055,
            "y": 302.72674560546875,
            "z": 0.21768613159656525
         },
         "actor_rotation": {
            "roll": 0.011847340501844883,
            "pitch": -0.13009460270404816,
            "yaw": 179.5603485107422
         },
         "actor_bbox_ext": {
            "x": 1.0953842401504517,
            "y": 0.3831165134906769,
            "z": 0.8172529339790344
         }
      },
      {
         "actor_type": "vehicle.tesla.model3",
         "actor_id": 220,
         "actor_location": {
            "x": 193.8042755126953,
            "y": 214.19471740722656,
            "z": 0.21712398529052734
         },
         "actor_rotation": {
            "roll": 3.7019192404841306e-06,
            "pitch": 0.13609151542186737,
            "yaw": -90.01980590820312
         },
         "actor_bbox_ext": {
            "x": 2.452350616455078,
            "y": 1.0303291082382202,
            "z": 0.7391985058784485
         }
      },
      {
         "actor_type": "vehicle.chevrolet.impala",
         "actor_id": 221,
         "actor_location": {
            "x": 45.89706039428711,
            "y": 274.3873596191406,
            "z": 0.1722325086593628
         },
         "actor_rotation": {
            "roll": -0.0010681160492822528,
            "pitch": 0.035209622234106064,
            "yaw": -90.00740051269531
         },
         "actor_bbox_ext": {
            "x": 2.684596538543701,
            "y": 1.026368260383606,
            "z": 0.7075497508049011
         }
      },
      {
         "actor_type": "vehicle.toyota.prius",
         "actor_id": 222,
         "actor_location": {
            "x": 140.25245666503906,
            "y": 105.4020767211914,
            "z": 0.2557477653026581
         },
         "actor_rotation": {
            "roll": -0.00024414065410383046,
            "pitch": 0.04833041504025459,
            "yaw": 179.9998016357422
         },
         "actor_bbox_ext": {
            "x": 2.2691667079925537,
            "y": 1.0005652904510498,
            "z": 0.7686808109283447
         }
      },
      {
         "actor_type": "vehicle.bh.crossbike",
         "actor_id": 223,
         "actor_location": {
            "x": 189.61509704589844,
            "y": 251.59841918945312,
            "z": 0.2525712251663208
         },
         "actor_rotation": {
            "roll": -0.1127929612994194,
            "pitch": -0.09677011519670486,
            "yaw": 90.18180084228516
         },
         "actor_bbox_ext": {
            "x": 0.7546613812446594,
            "y": 0.4329703152179718,
            "z": 0.7653154730796814
         }
      },
      {
         "actor_type": "vehicle.audi.etron",
         "actor_id": 224,
         "actor_location": {
            "x": -7.533164978027344,
            "y": 148.19102478027344,
            "z": 0.17219264805316925
         },
         "actor_rotation": {
            "roll": 1.5626157619408332e-05,
            "pitch": 0.0006147170206531882,
            "yaw": 90.00385284423828
         },
         "actor_bbox_ext": {
            "x": 2.4270286560058594,
            "y": 1.0045700073242188,
            "z": 0.8343994617462158
         }
      },
      {
         "actor_type": "vehicle.chevrolet.impala",
         "actor_id": 225,
         "actor_location": {
            "x": 74.72767639160156,
            "y": 241.05322265625,
            "z": 0.1723448485136032
         },
         "actor_rotation": {
            "roll": -0.001495361328125,
            "pitch": 0.024834565818309784,