{
   "cam_type": "sensor.camera.rgb",
   "cam_id": 391,
   "cam_location": {
      "x": 386.39068603515625,
      "y": -277.7850646972656,
      "z": 3.0450069904327393
   },
   "cam_rotation": {
      "roll": 0.600562334060669,
      "pitch": 0.005218264181166887,
      "yaw": 74.72090148925781
   },
   "img_name": "620.png",
   "img_width": 640,
   "img_height": 680,
   "img_fov": 100,
   "debug_info": [
      {
         "actor_type": "vehicle.audi.etron",
         "actor_id": 334,
         "actor_location": {
            "x": 380.6304931640625,
            "y": -256.2329406738281,
            "z": -0.04794364795088768
         },
         "actor_rotation": {
            "roll": -0.127655029296875,
            "pitch": 0.013674037531018257,
            "yaw": 80.22869873046875
         },
         "actor_bbox_ext": {
            "x": 2.4270286560058594,
            "y": 1.0045700073242188,
            "z": 0.8343994617462158
         }
      },
      {
         "actor_type": "vehicle.bmw.grandtourer",
         "actor_id": 335,
         "actor_location": {
            "x": 384.8306884765625,
            "y": -252.1565704345703,
            "z": 0.07399345189332962
         },
         "actor_rotation": {
            "roll": -0.8722838163375854,
            "pitch": 0.04100845381617546,
            "yaw": 82.30309295654297
         },
         "actor_bbox_ext": {
            "x": 2.3195438385009766,
            "y": 1.129660964012146,
            "z": 0.8390889763832092
         }
      },
      {
         "actor_type": "vehicle.bmw.grandtourer",
         "actor_id": 336,
         "actor_location": {
            "x": 27.064760208129883,
            "y": -320.1014099121094,
            "z": 0.07613178342580795
         },
         "actor_rotation": {
            "roll": 0.6704749464988708,
            "pitch": -0.14428773522377014,
            "yaw": 126.8691177368164
         },
         "actor_bbox_ext": {
            "x": 2.3195438385009766,
            "y": 1.129660964012146,
            "z": 0.8390889763832092
         }
      },
      {
         "actor_type": "vehicle.chevrolet.impala",
         "actor_id": 337,
         "actor_location": {
            "x": 24.583969116210938,
            "y": -322.59393310546875,
            "z": -0.04788173735141754
         },
         "actor_rotation": {
            "roll": 0.6202899217605591,
            "pitch": 0.050256527960300446,
            "yaw": 126.86784362792969
         },
         "actor_bbox_ext": {
            "x": 2.684596538543701,
            "y": 1.026368260383606,
            "z": 0.7075497508049011
         }
      },
      {
         "actor_type": "vehicle.dodge_charger.police",
         "actor_id": 338,
         "actor_location": {
            "x": 27.914997100830078,
            "y": -332.3126220703125,
            "z": -0.017944755032658577
         },
         "actor_rotation": {
            "roll": -0.517333984375,
            "pitch": 0.0919821560382843,
            "yaw": 130.1177520751953
         },
         "actor_bbox_ext": {
            "x": 2.4965829849243164,
            "y": 1.0679636001586914,
            "z": 0.7898477911949158
         }
      },
      {
         "actor_type": "vehicle.harley-davidson.low rider",
         "actor_id": 339,
         "actor_location": {
            "x": 22.029621124267578,
            "y": -330.67767333984375,
            "z": -0.0329909510910511
         },
         "actor_rotation": {
            "roll": -4.25875997543335,
            "pitch": -0.5518792271614075,
            "yaw": 128.60531616210938
         },
         "actor_bbox_ext": {
            "x": 1.175087809562683,
            "y": 0.3831165134906769,
            "z": 0.7318695783615112
         }
      },
      {
         "actor_type": "vehicle.kawasaki.ninja",
         "actor_id": 340,
         "actor_location": {
            "x": 87.3874282836914,
            "y": -369.32318115234375,
            "z": -0.0013732719235122204
         },
         "actor_rotation": {
            "roll": -2.172668218612671,
            "pitch": -0.36441105604171753,
            "yaw": 154.4272918701172
         },
         "actor_bbox_ext": {
            "x": 1.021842122077942,
            "y": 0.3984561562538147,
            "z": 0.687301516532898
         }
      },
      {
         "actor_type": "vehicle.yamaha.yzf",
         "actor_id": 341,
         "actor_location": {
            "x": 83.42138671875,
            "y": -371.9047546386719,
            "z": -0.06061280891299248
         },
         "actor_rotation": {
            "roll": -4.166078090667725,
            "pitch": -2.664757251739502,
            "yaw": 134.50079345703125
         },
         "actor_bbox_ext": {
            "x": 1.0953842401504517,
            "y": 0.3831165134906769,
            "z": 0.8172529339790344
         }
      },
      {
         "actor_type": "vehicle.toyota.prius",
         "actor_id": 342,
         "actor_location": {
            "x": 79.24207305908203,
            "y": -373.17474365234375,
            "z": 0.035411298274993896
         },
         "actor_rotation": {
            "roll": 0.4153497517108917,
            "pitch": 0.08156611770391464,
            "yaw": 151.6244659423828
         },
         "actor_bbox_ext": {
            "x": 2.2691667079925537,
            "y": 1.0005652904510498,
            "z": 0.7686808109283447
         }
      },
      {
         "actor_type": "vehicle.yamaha.yzf",
         "actor_id": 343,
         "actor_location": {
            "x": 82.5194320678711,
            "y": -380.2039489746094,
            "z": -0.058107487857341766
         },
         "actor_rotation": {
            "roll": -4.407715797424316,
            "pitch": -2.2459709644317627,
            "yaw": -15.221516609191895
         },
         "actor_bbox_ext": {
            "x": 1.0953842401504517,
            "y": 0.3831165134906769,
            "z": 0.8172529339790344
         }
      },
      {
         "actor_type": "vehicle.toyota.prius",
         "actor_id": 344,
         "actor_location": {
            "x": 353.63397216796875,
            "y": -320.7594909667969,
            "z": 0.03689681738615036
         },
         "actor_rotation": {
            "roll": -0.4639587104320526,
            "pitch": -0.060850150883197784,
            "yaw": 50.23157501220703
         },
         "actor_bbox_ext": {
            "x": 2.2691667079925537,
            "y": 1.0005652904510498,
            "z": 0.7686808109283447
         }
      },
      {
         "actor_type": "vehicle.mini.cooperst",
         "actor_id": 345,
         "actor_location": {
            "x": 356.2926025390625,
            "y": -323.0260925292969,
            "z": 0.04331420734524727
         },
         "actor_rotation": {
            "roll": 0.5693315267562866,
            "pitch": -0.15128184854984283,
            "yaw": 50.057823181152344
         },
         "actor_bbox_ext": {
            "x": 1.9010963439941406,
            "y": 0.9870172142982483,
            "z": 0.7375003099441528
         }
      },
      {
         "actor_type": "vehicle.lincoln.mkz2017",
         "actor_id": 346,
         "actor_location": {
            "x": 362.343505859375,
            "y": -321.2206726074219,
            "z": -0.0093834875151515
         },
         "actor_rotation": {
            "roll": 1.031082034111023,
            "pitch": -0.06677192449569702,
            "yaw": 52.38718032836914
         },
         "actor_bbox_ext": {
            "x": 2.4543750286102295,
            "y": 1.056093692779541,
            "z": 0.7615917921066284
         }
      },
      {
         "actor_type": "vehicle.chevrolet.impala",
         "actor_id": 347,
         "actor_location": {
            "x": 384.4524841308594,
            "y": -270.64208984375,
            "z": -0.0479922853410244
         },
         "actor_rotation": {
            "roll": -0.8080443143844604,
            "pitch": 0.05195724591612816,