{
   "cam_type": "sensor.camera.rgb",
   "cam_id": 503,
   "cam_location": {
      "x": 189.89112854003906,
      "y": 166.95748901367188,
      "z": 2.0076191425323486
   },
   "cam_rotation": {
      "roll": 0.4474911391735077,
      "pitch": 0.4427328407764435,
      "yaw": 89.75829315185547
   },
   "img_name": "625.png",
   "img_width": 640,
   "img_height": 680,
   "img_fov": 100,
   "debug_info": [
      {
         "actor_type": "vehicle.jeep.wrangler_rubicon",
         "actor_id": 452,
         "actor_location": {
            "x": -7.4863810539245605,
            "y": 177.9421844482422,
            "z": 0.22698603570461273
         },
         "actor_rotation": {
            "roll": -0.012725827284157276,
            "pitch": -0.05157475546002388,
            "yaw": 88.8055648803711
         },
         "actor_bbox_ext": {
            "x": 1.9340534210205078,
            "y": 0.953285276889801,
            "z": 0.9399999976158142
         }
      },
      {
         "actor_type": "vehicle.harley-davidson.low rider",
         "actor_id": 453,
         "actor_location": {
            "x": 32.38375473022461,
            "y": 306.7063293457031,
            "z": 0.19179879128932953
         },
         "actor_rotation": {
            "roll": -0.276611328125,
            "pitch": -0.013277887366712093,
            "yaw": -1.0300902128219604
         },
         "actor_bbox_ext": {
            "x": 1.175087809562683,
            "y": 0.3831165134906769,
            "z": 0.7318695783615112
         }
      },
      {
         "actor_type": "vehicle.nissan.micra",
         "actor_id": 454,
         "actor_location": {
            "x": -3.310394763946533,
            "y": 207.3308563232422,
            "z": 0.23187515139579773
         },
         "actor_rotation": {
            "roll": 0.3471454977989197,
            "pitch": 0.2235998958349228,
            "yaw": -91.76123046875
         },
         "actor_bbox_ext": {
            "x": 1.8344237804412842,
            "y": 0.9280761480331421,
            "z": 0.7616068720817566
         }
      },
      {
         "actor_type": "vehicle.bmw.grandtourer",
         "actor_id": 455,
         "actor_location": {
            "x": -2.261200189590454,
            "y": 304.3503112792969,
            "z": 0.2963871657848358
         },
         "actor_rotation": {
            "roll": 0.9390169978141785,
            "pitch": -0.16397234797477722,
            "yaw": 40.71955871582031
         },
         "actor_bbox_ext": {
            "x": 2.3195438385009766,
            "y": 1.129660964012146,
            "z": 0.8390889763832092
         }
      },
      {
         "actor_type": "vehicle.bmw.isetta",
         "actor_id": 456,
         "actor_location": {
            "x": 40.505794525146484,
            "y": 109.55160522460938,
            "z": 0.22259099781513214
         },
         "actor_rotation": {
            "roll": -9.155274165095761e-05,
            "pitch": 0.34073078632354736,
            "yaw": 0.0015134104760363698
         },
         "actor_bbox_ext": {
            "x": 1.1012483835220337,
            "y": 0.7426624298095703,
            "z": 0.6732476949691772
         }
      },
      {
         "actor_type": "vehicle.mercedes-benz.coupe",
         "actor_id": 457,
         "actor_location": {
            "x": -7.535711288452148,
            "y": 167.25244140625,
            "z": 0.3502439856529236
         },
         "actor_rotation": {
            "roll": -0.005950947292149067,
            "pitch": 0.23905660212039948,
            "yaw": 90.0576171875
         },
         "actor_bbox_ext": {
            "x": 2.521892547607422,
            "y": 1.0814987421035767,
            "z": 0.820067286491394
         }
      },
      {
         "actor_type": "vehicle.bh.crossbike",
         "actor_id": 458,
         "actor_location": {
            "x": 193.77003479003906,
            "y": 252.4154052734375,
            "z": 0.21708837151527405
         },
         "actor_rotation": {
            "roll": -0.0012207073159515858,
            "pitch": -0.6471262574195862,
            "yaw": -90.0499496459961
         },
         "actor_bbox_ext": {
            "x": 0.7546613812446594,
            "y": 0.4329703152179718,
            "z": 0.7653154730796814
         }
      },
      {
         "actor_type": "vehicle.tesla.model3",
         "actor_id": 459,
         "actor_location": {
            "x": 165.83700561523438,
            "y": 302.552490234375,
            "z": 0.2174587994813919
         },
         "actor_rotation": {
            "roll": -0.003784178989008069,
            "pitch": 0.15625423192977905,
            "yaw": 179.9691162109375
         },
         "actor_bbox_ext": {
            "x": 2.452350616455078,
            "y": 1.0303291082382202,
            "z": 0.7391985058784485
         }
      },
      {
         "actor_type": "vehicle.audi.a2",
         "actor_id": 460,
         "actor_location": {
            "x": 193.82061767578125,
            "y": 260.6844787597656,
            "z": 0.20105494558811188
         },
         "actor_rotation": {
            "roll": -0.06677237153053284,
            "pitch": 0.8545727133750916,
            "yaw": -89.98025512695312
         },
         "actor_bbox_ext": {
            "x": 1.8593107461929321,
            "y": 0.8962239623069763,
            "z": 0.7677467465400696
         }
      },
      {
         "actor_type": "vehicle.ford.mustang",
         "actor_id": 461,
         "actor_location": {
            "x": 91.8880615234375,
            "y": 302.5523681640625,
            "z": 0.21381019055843353
         },
         "actor_rotation": {
            "roll": 0.0001579684321768582,
            "pitch": 0.024636490270495415,
            "yaw": 179.99746704101562
         },
         "actor_bbox_ext": {
            "x": 2.3399999141693115,
            "y": 0.9399999976158142,
            "z": 0.6499999761581421
         }
      },
      {
         "actor_type": "vehicle.chevrolet.impala",
         "actor_id": 462,
         "actor_location": {
            "x": 193.7921905517578,
            "y": 202.2053985595703,
            "z": 0.17137251794338226
         },
         "actor_rotation": {
            "roll": 0.007201008498668671,
            "pitch": 0.1406882256269455,
            "yaw": -90.10189819335938
         },
         "actor_bbox_ext": {
            "x": 2.684596538543701,
            "y": 1.026368260383606,
            "z": 0.7075497508049011
         }
      },
      {
         "actor_type": "vehicle.mini.cooperst",
         "actor_id": 463,
         "actor_location": {
            "x": 189.9318084716797,
            "y": 222.34237670898438,
            "z": 0.29586729407310486
         },
         "actor_rotation": {
            "roll": 0.016429636627435684,
            "pitch": -0.00012294339830987155,
            "yaw": 89.98625946044922
         },
         "actor_bbox_ext": {
            "x": 1.9010963439941406,
            "y": 0.9870172142982483,
            "z": 0.7375003099441528
         }
      },
      {
         "actor_type": "vehicle.volkswagen.t2",
         "actor_id": 464,
         "actor_location": {
            "x": 174.551513671875,
            "y": 105.41337585449219,
            "z": 0.20718596875667572
         },
         "actor_rotation": {
            "roll": 0.10350261628627777,
            "pitch": 0.09931094199419022,
            "yaw": -179.4001922607422
         },
         "actor_bbox_ext": {
            "x": 2.2595229148864746,
            "y": 1.0383671522140503,
            "z": 1.0132241249084473
         }
      },
      {
         "actor_type": "vehicle.chevrolet.impala",
         "actor_id": 465,
         "actor_location": {
            "x": 16.017139434814453,
            "y": 306.7149963378906,
            "z": 0.17318931221961975
         },
         "actor_rotation": {
            "roll": 0.008710850030183792,
            "pitch": -0.05355551093816757,