{
   "cam_type": "sensor.camera.rgb",
   "cam_id": 265,
   "cam_location": {
      "x": 156.99668884277344,
      "y": 187.55328369140625,
      "z": 2.9765005111694336
   },
   "cam_rotation": {
      "roll": -0.00018934904073830694,
      "pitch": -14.756438255310059,
      "yaw": 179.9971160888672
   },
   "img_name": "642.png",
   "img_width": 640,
   "img_height": 680,
   "img_fov": 100,
   "debug_info": [
      {
         "actor_type": "vehicle.jeep.wrangler_rubicon",
         "actor_id": 212,
         "actor_location": {
            "x": 79.38064575195312,
            "y": 191.7406768798828,
            "z": 0.22630484402179718
         },
         "actor_rotation": {
            "roll": -0.004730224143713713,
            "pitch": 0.03109784983098507,
            "yaw": -0.0222473107278347
         },
         "actor_bbox_ext": {
            "x": 1.9340534210205078,
            "y": 0.953285276889801,
            "z": 0.9399999976158142
         }
      },
      {
         "actor_type": "vehicle.dodge_charger.police",
         "actor_id": 213,
         "actor_location": {
            "x": 193.81886291503906,
            "y": 280.5086364746094,
            "z": 0.2018144577741623
         },
         "actor_rotation": {
            "roll": -0.0032043522223830223,
            "pitch": 0.11570339649915695,
            "yaw": -89.89810180664062
         },
         "actor_bbox_ext": {
            "x": 2.4965829849243164,
            "y": 1.0679636001586914,
            "z": 0.7898477911949158
         }
      },
      {
         "actor_type": "vehicle.audi.tt",
         "actor_id": 214,
         "actor_location": {
            "x": -3.3485329151153564,
            "y": 141.63865661621094,
            "z": 0.2158837914466858
         },
         "actor_rotation": {
            "roll": -0.0635070651769638,
            "pitch": -0.13366679847240448,
            "yaw": -89.99373626708984
         },
         "actor_bbox_ext": {
            "x": 2.1102468967437744,
            "y": 1.0045700073242188,
            "z": 0.695303738117218
         }
      },
      {
         "actor_type": "vehicle.ford.mustang",
         "actor_id": 215,
         "actor_location": {
            "x": 189.00128173828125,
            "y": 303.869140625,
            "z": 0.21327468752861023
         },
         "actor_rotation": {
            "roll": 1.0771238803863525,
            "pitch": 0.08007030189037323,
            "yaw": -33.42952346801758
         },
         "actor_bbox_ext": {
            "x": 2.3399999141693115,
            "y": 0.9399999976158142,
            "z": 0.6499999761581421
         }
      },
      {
         "actor_type": "vehicle.bmw.grandtourer",
         "actor_id": 216,
         "actor_location": {
            "x": 161.54171752929688,
            "y": 187.5530242919922,
            "z": 0.29764601588249207
         },
         "actor_rotation": {
            "roll": -0.00012207029067212716,
            "pitch": -0.30160748958587646,
            "yaw": 179.98776245117188
         },
         "actor_bbox_ext": {
            "x": 2.3195438385009766,
            "y": 1.129660964012146,
            "z": 0.8390889763832092
         }
      },
      {
         "actor_type": "vehicle.chevrolet.impala",
         "actor_id": 217,
         "actor_location": {
            "x": 41.77760314941406,
            "y": 223.1997833251953,
            "z": 0.17757217586040497
         },
         "actor_rotation": {
            "roll": 0.0014681568136438727,
            "pitch": -0.544953465461731,
            "yaw": 89.98775482177734
         },
         "actor_bbox_ext": {
            "x": 2.684596538543701,
            "y": 1.026368260383606,
            "z": 0.7075497508049011
         }
      },
      {
         "actor_type": "vehicle.mercedes-benz.coupe",
         "actor_id": 218,
         "actor_location": {
            "x": 193.80520629882812,
            "y": 206.91326904296875,
            "z": 0.34892913699150085
         },
         "actor_rotation": {
            "roll": -0.011413565836846828,
            "pitch": 0.4012599289417267,
            "yaw": -90.12317657470703
         },
         "actor_bbox_ext": {
            "x": 2.521892547607422,
            "y": 1.0814987421035767,
            "z": 0.820067286491394
         }
      },
      {
         "actor_type": "vehicle.yamaha.yzf",
         "actor_id": 219,
         "actor_location": {
            "x": 17.980613708496094,
            "y": 302.7017517089844,
            "z": 0.18796201050281525
         },
         "actor_rotation": {
            "roll": 0.04197106137871742,
            "pitch": 0.28677231073379517,
            "yaw": -179.9794158935547
         },
         "actor_bbox_ext": {
            "x": 1.0953842401504517,
            "y": 0.3831165134906769,
            "z": 0.8172529339790344
         }
      },
      {
         "actor_type": "vehicle.tesla.model3",
         "actor_id": 220,
         "actor_location": {
            "x": 193.8042755126953,
            "y": 214.19471740722656,
            "z": 0.21712398529052734
         },
         "actor_rotation": {
            "roll": 3.7019192404841306e-06,
            "pitch": 0.13609151542186737,
            "yaw": -90.01980590820312
         },
         "actor_bbox_ext": {
            "x": 2.452350616455078,
            "y": 1.0303291082382202,
            "z": 0.7391985058784485
         }
      },
      {
         "actor_type": "vehicle.chevrolet.impala",
         "actor_id": 221,
         "actor_location": {
            "x": 45.8989143371582,
            "y": 258.1624755859375,
            "z": 0.18848884105682373
         },
         "actor_rotation": {
            "roll": 0.22189749777317047,
            "pitch": 0.4303019046783447,
            "yaw": -90.0423583984375
         },
         "actor_bbox_ext": {
            "x": 2.684596538543701,
            "y": 1.026368260383606,
            "z": 0.7075497508049011
         }
      },
      {
         "actor_type": "vehicle.toyota.prius",
         "actor_id": 222,
         "actor_location": {
            "x": 98.00349426269531,
            "y": 105.4018325805664,
            "z": 0.254495233297348
         },
         "actor_rotation": {
            "roll": -0.00048828125,
            "pitch": 0.16409528255462646,
            "yaw": -179.99069213867188
         },
         "actor_bbox_ext": {
            "x": 2.2691667079925537,
            "y": 1.0005652904510498,
            "z": 0.7686808109283447
         }
      },
      {
         "actor_type": "vehicle.bh.crossbike",
         "actor_id": 223,
         "actor_location": {
            "x": 189.59361267089844,
            "y": 263.88128662109375,
            "z": 0.2192724496126175
         },
         "actor_rotation": {
            "roll": -0.0898132175207138,
            "pitch": -0.034362681210041046,
            "yaw": 89.31035614013672
         },
         "actor_bbox_ext": {
            "x": 0.7546613812446594,
            "y": 0.4329703152179718,
            "z": 0.7653154730796814
         }
      },
      {
         "actor_type": "vehicle.audi.etron",
         "actor_id": 224,
         "actor_location": {
            "x": -7.5331621170043945,
            "y": 164.97177124023438,
            "z": 0.172189861536026
         },
         "actor_rotation": {
            "roll": 7.070208539516898e-06,
            "pitch": 0.0009220754727721214,
            "yaw": 90.00393676757812
         },
         "actor_bbox_ext": {
            "x": 2.4270286560058594,
            "y": 1.0045700073242188,
            "z": 0.8343994617462158
         }
      },
      {
         "actor_type": "vehicle.chevrolet.impala",
         "actor_id": 225,
         "actor_location": {
            "x": 90.46066284179688,
            "y": 241.05337524414062,
            "z": 0.17321303486824036
         },
         "actor_rotation": {
            "roll": 0.00015124588389880955,
            "pitch": -0.05584362521767616,