{
   "cam_type": "sensor.camera.rgb",
   "cam_id": 391,
   "cam_location": {
      "x": 393.197265625,
      "y": -223.03724670410156,
      "z": 3.0391621589660645
   },
   "cam_rotation": {
      "roll": -0.15533447265625,
      "pitch": 0.02570882998406887,
      "yaw": 89.30374145507812
   },
   "img_name": "645.png",
   "img_width": 640,
   "img_height": 680,
   "img_fov": 100,
   "debug_info": [
      {
         "actor_type": "vehicle.audi.etron",
         "actor_id": 334,
         "actor_location": {
            "x": 382.4605712890625,
            "y": -212.08029174804688,
            "z": -0.046468961983919144
         },
         "actor_rotation": {
            "roll": -0.0037841806188225746,
            "pitch": -0.1259486824274063,
            "yaw": 90.84092712402344
         },
         "actor_bbox_ext": {
            "x": 2.4270286560058594,
            "y": 1.0045700073242188,
            "z": 0.8343994617462158
         }
      },
      {
         "actor_type": "vehicle.bmw.grandtourer",
         "actor_id": 335,
         "actor_location": {
            "x": 385.7445373535156,
            "y": -197.0429229736328,
            "z": 0.07500579953193665
         },
         "actor_rotation": {
            "roll": 0.04210169240832329,
            "pitch": -0.045407094061374664,
            "yaw": 90.92060852050781
         },
         "actor_bbox_ext": {
            "x": 2.3195438385009766,
            "y": 1.129660964012146,
            "z": 0.8390889763832092
         }
      },
      {
         "actor_type": "vehicle.bmw.grandtourer",
         "actor_id": 336,
         "actor_location": {
            "x": 1.6394977569580078,
            "y": -271.3706359863281,
            "z": 0.0729694738984108
         },
         "actor_rotation": {
            "roll": 0.6527826189994812,
            "pitch": 0.13922657072544098,
            "yaw": 107.54874420166016
         },
         "actor_bbox_ext": {
            "x": 2.3195438385009766,
            "y": 1.129660964012146,
            "z": 0.8390889763832092
         }
      },
      {
         "actor_type": "vehicle.chevrolet.impala",
         "actor_id": 337,
         "actor_location": {
            "x": -1.2758748531341553,
            "y": -273.666015625,
            "z": -0.04776809737086296
         },
         "actor_rotation": {
            "roll": 0.5540746450424194,
            "pitch": 0.03913015127182007,
            "yaw": 108.31565856933594
         },
         "actor_bbox_ext": {
            "x": 2.684596538543701,
            "y": 1.026368260383606,
            "z": 0.7075497508049011
         }
      },
      {
         "actor_type": "vehicle.dodge_charger.police",
         "actor_id": 338,
         "actor_location": {
            "x": -0.7589170932769775,
            "y": -285.2454528808594,
            "z": -0.018444346264004707
         },
         "actor_rotation": {
            "roll": -0.5328065156936646,
            "pitch": 0.13724581897258759,
            "yaw": 111.69367218017578
         },
         "actor_bbox_ext": {
            "x": 2.4965829849243164,
            "y": 1.0679636001586914,
            "z": 0.7898477911949158
         }
      },
      {
         "actor_type": "vehicle.harley-davidson.low rider",
         "actor_id": 339,
         "actor_location": {
            "x": -5.96259069442749,
            "y": -284.1179504394531,
            "z": -0.029494494199752808
         },
         "actor_rotation": {
            "roll": 2.501279354095459,
            "pitch": -0.1583852469921112,
            "yaw": 117.70913696289062
         },
         "actor_bbox_ext": {
            "x": 1.175087809562683,
            "y": 0.3831165134906769,
            "z": 0.7318695783615112
         }
      },
      {
         "actor_type": "vehicle.kawasaki.ninja",
         "actor_id": 340,
         "actor_location": {
            "x": 41.74163055419922,
            "y": -337.0236511230469,
            "z": 0.013638095930218697
         },
         "actor_rotation": {
            "roll": -4.906221866607666,
            "pitch": 2.224790573120117,
            "yaw": 129.20631408691406
         },
         "actor_bbox_ext": {
            "x": 1.021842122077942,
            "y": 0.3984561562538147,
            "z": 0.687301516532898
         }
      },
      {
         "actor_type": "vehicle.yamaha.yzf",
         "actor_id": 341,
         "actor_location": {
            "x": 71.91683197021484,
            "y": -365.2670593261719,
            "z": -0.05212775990366936
         },
         "actor_rotation": {
            "roll": -9.03016185760498,
            "pitch": -1.9004795551300049,
            "yaw": -141.16934204101562
         },
         "actor_bbox_ext": {
            "x": 1.0953842401504517,
            "y": 0.3831165134906769,
            "z": 0.8172529339790344
         }
      },
      {
         "actor_type": "vehicle.toyota.prius",
         "actor_id": 342,
         "actor_location": {
            "x": 34.957977294921875,
            "y": -340.0481872558594,
            "z": 0.03523753955960274
         },
         "actor_rotation": {
            "roll": 0.37182167172431946,
            "pitch": 0.09746679663658142,
            "yaw": 133.12936401367188
         },
         "actor_bbox_ext": {
            "x": 2.2691667079925537,
            "y": 1.0005652904510498,
            "z": 0.7686808109283447
         }
      },
      {
         "actor_type": "vehicle.yamaha.yzf",
         "actor_id": 343,
         "actor_location": {
            "x": 74.9933090209961,
            "y": -375.4612731933594,
            "z": -0.045839838683605194
         },
         "actor_rotation": {
            "roll": -17.39341163635254,
            "pitch": -3.2997119426727295,
            "yaw": 116.35472869873047
         },
         "actor_bbox_ext": {
            "x": 1.0953842401504517,
            "y": 0.3831165134906769,
            "z": 0.8172529339790344
         }
      },
      {
         "actor_type": "vehicle.toyota.prius",
         "actor_id": 344,
         "actor_location": {
            "x": 379.1308898925781,
            "y": -275.9301452636719,
            "z": 0.03566597029566765
         },
         "actor_rotation": {
            "roll": -0.429229736328125,
            "pitch": 0.05321400240063667,
            "yaw": 72.1207504272461
         },
         "actor_bbox_ext": {
            "x": 2.2691667079925537,
            "y": 1.0005652904510498,
            "z": 0.7686808109283447
         }
      },
      {
         "actor_type": "vehicle.mini.cooperst",
         "actor_id": 345,
         "actor_location": {
            "x": 383.1936340332031,
            "y": -274.7930908203125,
            "z": 0.043161239475011826
         },
         "actor_rotation": {
            "roll": 0.5589903593063354,
            "pitch": -0.12137245386838913,
            "yaw": 72.98091888427734
         },
         "actor_bbox_ext": {
            "x": 1.9010963439941406,
            "y": 0.9870172142982483,
            "z": 0.7375003099441528
         }
      },
      {
         "actor_type": "vehicle.lincoln.mkz2017",
         "actor_id": 346,
         "actor_location": {
            "x": 387.6291198730469,
            "y": -272.26226806640625,
            "z": -0.009221095591783524
         },
         "actor_rotation": {
            "roll": 0.9551174640655518,
            "pitch": -0.08474898338317871,
            "yaw": 74.34131622314453
         },
         "actor_bbox_ext": {
            "x": 2.4543750286102295,
            "y": 1.056093692779541,
            "z": 0.7615917921066284
         }
      },
      {
         "actor_type": "vehicle.chevrolet.impala",
         "actor_id": 347,
         "actor_location": {
            "x": 389.44940185546875,
            "y": -215.4529571533203,
            "z": -0.04792896285653114
         },
         "actor_rotation": {
            "roll": 0.15142099559307098,
            "pitch": 0.05177966132760048,