{
   "cam_type": "sensor.camera.rgb",
   "cam_id": 503,
   "cam_location": {
      "x": 189.89112854003906,
      "y": 166.95748901367188,
      "z": 2.0076022148132324
   },
   "cam_rotation": {
      "roll": 0.4474911391735077,
      "pitch": 0.4427328407764435,
      "yaw": 89.75829315185547
   },
   "img_name": "653.png",
   "img_width": 640,
   "img_height": 680,
   "img_fov": 100,
   "debug_info": [
      {
         "actor_type": "vehicle.jeep.wrangler_rubicon",
         "actor_id": 452,
         "actor_location": {
            "x": -1.246795892715454,
            "y": 190.23765563964844,
            "z": 0.25953230261802673
         },
         "actor_rotation": {
            "roll": -0.1673889011144638,
            "pitch": 0.010778037831187248,
            "yaw": 25.740005493164062
         },
         "actor_bbox_ext": {
            "x": 1.9340534210205078,
            "y": 0.953285276889801,
            "z": 0.9399999976158142
         }
      },
      {
         "actor_type": "vehicle.harley-davidson.low rider",
         "actor_id": 453,
         "actor_location": {
            "x": 44.090965270996094,
            "y": 300.4435729980469,
            "z": 0.22371314465999603
         },
         "actor_rotation": {
            "roll": -6.41870641708374,
            "pitch": -0.17468208074569702,
            "yaw": -69.39028930664062
         },
         "actor_bbox_ext": {
            "x": 1.175087809562683,
            "y": 0.3831165134906769,
            "z": 0.7318695783615112
         }
      },
      {
         "actor_type": "vehicle.nissan.micra",
         "actor_id": 454,
         "actor_location": {
            "x": -3.310394763946533,
            "y": 207.3308563232422,
            "z": 0.23187583684921265
         },
         "actor_rotation": {
            "roll": 0.3471454977989197,
            "pitch": 0.2235998958349228,
            "yaw": -91.76123046875
         },
         "actor_bbox_ext": {
            "x": 1.8344237804412842,
            "y": 0.9280761480331421,
            "z": 0.7616068720817566
         }
      },
      {
         "actor_type": "vehicle.bmw.grandtourer",
         "actor_id": 455,
         "actor_location": {
            "x": 12.276185989379883,
            "y": 306.70330810546875,
            "z": 0.2930333912372589
         },
         "actor_rotation": {
            "roll": 0.037996530532836914,
            "pitch": 0.1315426081418991,
            "yaw": 0.7223734259605408
         },
         "actor_bbox_ext": {
            "x": 2.3195438385009766,
            "y": 1.129660964012146,
            "z": 0.8390889763832092
         }
      },
      {
         "actor_type": "vehicle.bmw.isetta",
         "actor_id": 456,
         "actor_location": {
            "x": 54.90579605102539,
            "y": 109.55179595947266,
            "z": 0.22259210050106049
         },
         "actor_rotation": {
            "roll": -6.103515261202119e-05,
            "pitch": 0.3404166102409363,
            "yaw": -0.0006713866605423391
         },
         "actor_bbox_ext": {
            "x": 1.1012483835220337,
            "y": 0.7426624298095703,
            "z": 0.6732476949691772
         }
      },
      {
         "actor_type": "vehicle.mercedes-benz.coupe",
         "actor_id": 457,
         "actor_location": {
            "x": -7.512311935424805,
            "y": 180.1590576171875,
            "z": 0.3505343198776245
         },
         "actor_rotation": {
            "roll": -0.009979247115552425,
            "pitch": 0.28988686203956604,
            "yaw": 89.68606567382812
         },
         "actor_bbox_ext": {
            "x": 2.521892547607422,
            "y": 1.0814987421035767,
            "z": 0.820067286491394
         }
      },
      {
         "actor_type": "vehicle.bh.crossbike",
         "actor_id": 458,
         "actor_location": {
            "x": 191.2019805908203,
            "y": 241.40432739257812,
            "z": 0.2545302212238312
         },
         "actor_rotation": {
            "roll": 2.355135917663574,
            "pitch": -0.4338672459125519,
            "yaw": -122.51664733886719
         },
         "actor_bbox_ext": {
            "x": 0.7546613812446594,
            "y": 0.4329703152179718,
            "z": 0.7653154730796814
         }
      },
      {
         "actor_type": "vehicle.tesla.model3",
         "actor_id": 459,
         "actor_location": {
            "x": 151.0672149658203,
            "y": 302.5521545410156,
            "z": 0.2171778827905655
         },
         "actor_rotation": {
            "roll": 0.00011284295760560781,
            "pitch": 0.20577992498874664,
            "yaw": 179.99685668945312
         },
         "actor_bbox_ext": {
            "x": 2.452350616455078,
            "y": 1.0303291082382202,
            "z": 0.7391985058784485
         }
      },
      {
         "actor_type": "vehicle.audi.a2",
         "actor_id": 460,
         "actor_location": {
            "x": 193.81698608398438,
            "y": 250.7732391357422,
            "z": 0.21136096119880676
         },
         "actor_rotation": {
            "roll": -0.0590515173971653,
            "pitch": -0.11544384807348251,
            "yaw": -90.09182739257812
         },
         "actor_bbox_ext": {
            "x": 1.8593107461929321,
            "y": 0.8962239623069763,
            "z": 0.7677467465400696
         }
      },
      {
         "actor_type": "vehicle.ford.mustang",
         "actor_id": 461,
         "actor_location": {
            "x": 65.67024230957031,
            "y": 302.5522155761719,
            "z": 0.21379439532756805
         },
         "actor_rotation": {
            "roll": 0.00031738722464069724,
            "pitch": 0.026856303215026855,
            "yaw": -179.99949645996094
         },
         "actor_bbox_ext": {
            "x": 2.3399999141693115,
            "y": 0.9399999976158142,
            "z": 0.6499999761581421
         }
      },
      {
         "actor_type": "vehicle.chevrolet.impala",
         "actor_id": 462,
         "actor_location": {
            "x": 193.7150421142578,
            "y": 183.97955322265625,
            "z": 0.17449119687080383
         },
         "actor_rotation": {
            "roll": 0.0004762811295222491,
            "pitch": -0.17511238157749176,
            "yaw": -90.25686645507812
         },
         "actor_bbox_ext": {
            "x": 2.684596538543701,
            "y": 1.026368260383606,
            "z": 0.7075497508049011
         }
      },
      {
         "actor_type": "vehicle.mini.cooperst",
         "actor_id": 463,
         "actor_location": {
            "x": 189.9318084716797,
            "y": 222.34237670898438,
            "z": 0.29585039615631104
         },
         "actor_rotation": {
            "roll": 0.016429636627435684,
            "pitch": -0.00012294339830987155,
            "yaw": 89.98625946044922
         },
         "actor_bbox_ext": {
            "x": 1.9010963439941406,
            "y": 0.9870172142982483,
            "z": 0.7375003099441528
         }
      },
      {
         "actor_type": "vehicle.volkswagen.t2",
         "actor_id": 464,
         "actor_location": {
            "x": 152.69534301757812,
            "y": 105.39286041259766,
            "z": 0.20667220652103424
         },
         "actor_rotation": {
            "roll": -0.0023803713265806437,
            "pitch": 0.14473852515220642,
            "yaw": -179.9956817626953
         },
         "actor_bbox_ext": {
            "x": 2.2595229148864746,
            "y": 1.0383671522140503,
            "z": 1.0132241249084473
         }
      },
      {
         "actor_type": "vehicle.chevrolet.impala",
         "actor_id": 465,
         "actor_location": {
            "x": 32.18284606933594,
            "y": 306.69061279296875,
            "z": 0.17236869037151337
         },
         "actor_rotation": {
            "roll": 0.054118379950523376,
            "pitch": 0.02330460399389267,