{
   "cam_type": "sensor.camera.rgb",
   "cam_id": 265,
   "cam_location": {
      "x": 156.99229431152344,
      "y": 187.55328369140625,
      "z": 2.9877421855926514
   },
   "cam_rotation": {
      "roll": 9.570093425281812e-06,
      "pitch": -14.861090660095215,
      "yaw": 179.99705505371094
   },
   "img_name": "668.png",
   "img_width": 640,
   "img_height": 680,
   "img_fov": 100,
   "debug_info": [
      {
         "actor_type": "vehicle.jeep.wrangler_rubicon",
         "actor_id": 212,
         "actor_location": {
            "x": 94.4197769165039,
            "y": 191.7406768798828,
            "z": 0.22641345858573914
         },
         "actor_rotation": {
            "roll": -0.0047607421875,
            "pitch": 0.01159083005040884,
            "yaw": -0.01583862490952015
         },
         "actor_bbox_ext": {
            "x": 1.9340534210205078,
            "y": 0.953285276889801,
            "z": 0.9399999976158142
         }
      },
      {
         "actor_type": "vehicle.dodge_charger.police",
         "actor_id": 213,
         "actor_location": {
            "x": 193.82107543945312,
            "y": 265.4505920410156,
            "z": 0.20133532583713531
         },
         "actor_rotation": {
            "roll": -6.103837949922308e-05,
            "pitch": 0.15921853482723236,
            "yaw": -89.99713134765625
         },
         "actor_bbox_ext": {
            "x": 2.4965829849243164,
            "y": 1.0679636001586914,
            "z": 0.7898477911949158
         }
      },
      {
         "actor_type": "vehicle.audi.tt",
         "actor_id": 214,
         "actor_location": {
            "x": -3.3485686779022217,
            "y": 124.01225280761719,
            "z": 0.21587981283664703
         },
         "actor_rotation": {
            "roll": -0.0635070651769638,
            "pitch": -0.13326381146907806,
            "yaw": -89.9937744140625
         },
         "actor_bbox_ext": {
            "x": 2.1102468967437744,
            "y": 1.0045700073242188,
            "z": 0.695303738117218
         }
      },
      {
         "actor_type": "vehicle.ford.mustang",
         "actor_id": 215,
         "actor_location": {
            "x": 193.73814392089844,
            "y": 289.8175964355469,
            "z": 0.21331577003002167
         },
         "actor_rotation": {
            "roll": 0.17407351732254028,
            "pitch": 0.08423671871423721,
            "yaw": -87.31775665283203
         },
         "actor_bbox_ext": {
            "x": 2.3399999141693115,
            "y": 0.9399999976158142,
            "z": 0.6499999761581421
         }
      },
      {
         "actor_type": "vehicle.bmw.grandtourer",
         "actor_id": 216,
         "actor_location": {
            "x": 158.77259826660156,
            "y": 187.55276489257812,
            "z": 0.2940373420715332
         },
         "actor_rotation": {
            "roll": 6.456974460888887e-06,
            "pitch": -0.001372867962345481,
            "yaw": 179.97286987304688
         },
         "actor_bbox_ext": {
            "x": 2.3195438385009766,
            "y": 1.129660964012146,
            "z": 0.8390889763832092
         }
      },
      {
         "actor_type": "vehicle.chevrolet.impala",
         "actor_id": 217,
         "actor_location": {
            "x": 41.77774429321289,
            "y": 223.4998016357422,
            "z": 0.1721336394548416
         },
         "actor_rotation": {
            "roll": 0.00013433917774818838,
            "pitch": 0.0005873962072655559,
            "yaw": 89.99674987792969
         },
         "actor_bbox_ext": {
            "x": 2.684596538543701,
            "y": 1.026368260383606,
            "z": 0.7075497508049011
         }
      },
      {
         "actor_type": "vehicle.mercedes-benz.coupe",
         "actor_id": 218,
         "actor_location": {
            "x": 193.80520629882812,
            "y": 206.91326904296875,
            "z": 0.34892913699150085
         },
         "actor_rotation": {
            "roll": -0.011413565836846828,
            "pitch": 0.4012599289417267,
            "yaw": -90.12317657470703
         },
         "actor_bbox_ext": {
            "x": 2.521892547607422,
            "y": 1.0814987421035767,
            "z": 0.820067286491394
         }
      },
      {
         "actor_type": "vehicle.yamaha.yzf",
         "actor_id": 219,
         "actor_location": {
            "x": 2.744124412536621,
            "y": 302.5833740234375,
            "z": 0.18319983780384064
         },
         "actor_rotation": {
            "roll": 1.9872477054595947,
            "pitch": -0.22870203852653503,
            "yaw": -174.08053588867188
         },
         "actor_bbox_ext": {
            "x": 1.0953842401504517,
            "y": 0.3831165134906769,
            "z": 0.8172529339790344
         }
      },
      {
         "actor_type": "vehicle.tesla.model3",
         "actor_id": 220,
         "actor_location": {
            "x": 193.8042755126953,
            "y": 214.19471740722656,
            "z": 0.21712398529052734
         },
         "actor_rotation": {
            "roll": 3.7019192404841306e-06,
            "pitch": 0.13609151542186737,
            "yaw": -90.01980590820312
         },
         "actor_bbox_ext": {
            "x": 2.452350616455078,
            "y": 1.0303291082382202,
            "z": 0.7391985058784485
         }
      },
      {
         "actor_type": "vehicle.chevrolet.impala",
         "actor_id": 221,
         "actor_location": {
            "x": 45.89740753173828,
            "y": 257.4466247558594,
            "z": 0.18708285689353943
         },
         "actor_rotation": {
            "roll": 0.011586092412471771,
            "pitch": 0.6552268266677856,
            "yaw": -90.09139251708984
         },
         "actor_bbox_ext": {
            "x": 2.684596538543701,
            "y": 1.026368260383606,
            "z": 0.7075497508049011
         }
      },
      {
         "actor_type": "vehicle.toyota.prius",
         "actor_id": 222,
         "actor_location": {
            "x": 41.73136520385742,
            "y": 105.40213012695312,
            "z": 0.2591509521007538
         },
         "actor_rotation": {
            "roll": 0.0005718710017390549,
            "pitch": -0.2662954032421112,
            "yaw": 179.9851531982422
         },
         "actor_bbox_ext": {
            "x": 2.2691667079925537,
            "y": 1.0005652904510498,
            "z": 0.7686808109283447
         }
      },
      {
         "actor_type": "vehicle.bh.crossbike",
         "actor_id": 223,
         "actor_location": {
            "x": 189.5946807861328,
            "y": 276.7840270996094,
            "z": 0.21928797662258148
         },
         "actor_rotation": {
            "roll": -0.1444396674633026,
            "pitch": 0.004521585069596767,
            "yaw": 89.7213363647461
         },
         "actor_bbox_ext": {
            "x": 0.7546613812446594,
            "y": 0.4329703152179718,
            "z": 0.7653154730796814
         }
      },
      {
         "actor_type": "vehicle.audi.etron",
         "actor_id": 224,
         "actor_location": {
            "x": -7.5321044921875,
            "y": 173.54014587402344,
            "z": 0.1717601716518402
         },
         "actor_rotation": {
            "roll": -9.155304724117741e-05,
            "pitch": -0.0036951322108507156,
            "yaw": 90.1377182006836
         },
         "actor_bbox_ext": {
            "x": 2.4270286560058594,
            "y": 1.0045700073242188,
            "z": 0.8343994617462158
         }
      },
      {
         "actor_type": "vehicle.chevrolet.impala",
         "actor_id": 225,
         "actor_location": {
            "x": 107.77892303466797,
            "y": 241.05303955078125,
            "z": 0.17245028913021088
         },
         "actor_rotation": {
            "roll": 5.702564521925524e-05,
            "pitch": 0.015381584875285625,