{
   "cam_type": "sensor.camera.rgb",
   "cam_id": 391,
   "cam_location": {
      "x": 392.9242858886719,
      "y": -167.33294677734375,
      "z": 3.0417261123657227
   },
   "cam_rotation": {
      "roll": 0.172387033700943,
      "pitch": 0.017123283818364143,
      "yaw": 91.99957275390625
   },
   "img_name": "670.png",
   "img_width": 640,
   "img_height": 680,
   "img_fov": 100,
   "debug_info": [
      {
         "actor_type": "vehicle.audi.etron",
         "actor_id": 334,
         "actor_location": {
            "x": 382.2826843261719,
            "y": -195.3992919921875,
            "z": -0.047810401767492294
         },
         "actor_rotation": {
            "roll": 2.8910402761539444e-05,
            "pitch": 0.0008606037590652704,
            "yaw": 90.59980773925781
         },
         "actor_bbox_ext": {
            "x": 2.4270286560058594,
            "y": 1.0045700073242188,
            "z": 0.8343994617462158
         }
      },
      {
         "actor_type": "vehicle.bmw.grandtourer",
         "actor_id": 335,
         "actor_location": {
            "x": 385.2121276855469,
            "y": -141.67445373535156,
            "z": 0.07601013034582138
         },
         "actor_rotation": {
            "roll": 0.03107338771224022,
            "pitch": -0.1357090175151825,
            "yaw": 90.023681640625
         },
         "actor_bbox_ext": {
            "x": 2.3195438385009766,
            "y": 1.129660964012146,
            "z": 0.8390889763832092
         }
      },
      {
         "actor_type": "vehicle.bmw.grandtourer",
         "actor_id": 336,
         "actor_location": {
            "x": -6.454060077667236,
            "y": -217.114013671875,
            "z": 0.07243377715349197
         },
         "actor_rotation": {
            "roll": 0.49769479036331177,
            "pitch": 0.1867646872997284,
            "yaw": 89.21837615966797
         },
         "actor_bbox_ext": {
            "x": 2.3195438385009766,
            "y": 1.129660964012146,
            "z": 0.8390889763832092
         }
      },
      {
         "actor_type": "vehicle.chevrolet.impala",
         "actor_id": 337,
         "actor_location": {
            "x": -10.007291793823242,
            "y": -218.84983825683594,
            "z": -0.047137487679719925
         },
         "actor_rotation": {
            "roll": 0.6304976344108582,
            "pitch": -0.019042566418647766,
            "yaw": 89.31736755371094
         },
         "actor_bbox_ext": {
            "x": 2.684596538543701,
            "y": 1.026368260383606,
            "z": 0.7075497508049011
         }
      },
      {
         "actor_type": "vehicle.dodge_charger.police",
         "actor_id": 338,
         "actor_location": {
            "x": -13.130956649780273,
            "y": -231.35018920898438,
            "z": -0.018246134743094444
         },
         "actor_rotation": {
            "roll": -0.5302122235298157,
            "pitch": 0.1191321536898613,
            "yaw": 93.12423706054688
         },
         "actor_bbox_ext": {
            "x": 2.4965829849243164,
            "y": 1.0679636001586914,
            "z": 0.7898477911949158
         }
      },
      {
         "actor_type": "vehicle.harley-davidson.low rider",
         "actor_id": 339,
         "actor_location": {
            "x": -33.43628692626953,
            "y": -239.75148010253906,
            "z": -0.03067205287516117
         },
         "actor_rotation": {
            "roll": 0.7836927175521851,
            "pitch": 0.9585623741149902,
            "yaw": 125.9895248413086
         },
         "actor_bbox_ext": {
            "x": 1.175087809562683,
            "y": 0.3831165134906769,
            "z": 0.7318695783615112
         }
      },
      {
         "actor_type": "vehicle.kawasaki.ninja",
         "actor_id": 340,
         "actor_location": {
            "x": 13.131587028503418,
            "y": -298.5166931152344,
            "z": -0.0014747047098353505
         },
         "actor_rotation": {
            "roll": -3.845978021621704,
            "pitch": -0.6188560724258423,
            "yaw": 118.05084991455078
         },
         "actor_bbox_ext": {
            "x": 1.021842122077942,
            "y": 0.3984561562538147,
            "z": 0.687301516532898
         }
      },
      {
         "actor_type": "vehicle.yamaha.yzf",
         "actor_id": 341,
         "actor_location": {
            "x": 61.707366943359375,
            "y": -359.7979736328125,
            "z": -0.04025006666779518
         },
         "actor_rotation": {
            "roll": -19.984861373901367,
            "pitch": -0.8832390308380127,
            "yaw": 6.716702461242676
         },
         "actor_bbox_ext": {
            "x": 1.0953842401504517,
            "y": 0.3831165134906769,
            "z": 0.8172529339790344
         }
      },
      {
         "actor_type": "vehicle.toyota.prius",
         "actor_id": 342,
         "actor_location": {
            "x": 3.313366413116455,
            "y": -294.4245910644531,
            "z": 0.03610587865114212
         },
         "actor_rotation": {
            "roll": 0.3653305470943451,
            "pitch": 0.016802264377474785,
            "yaw": 114.82795715332031
         },
         "actor_bbox_ext": {
            "x": 2.2691667079925537,
            "y": 1.0005652904510498,
            "z": 0.7686808109283447
         }
      },
      {
         "actor_type": "vehicle.yamaha.yzf",
         "actor_id": 343,
         "actor_location": {
            "x": 64.25697326660156,
            "y": -366.9229736328125,
            "z": -0.042656779289245605
         },
         "actor_rotation": {
            "roll": 18.474000930786133,
            "pitch": -3.6569173336029053,
            "yaw": 172.37710571289062
         },
         "actor_bbox_ext": {
            "x": 1.0953842401504517,
            "y": 0.3831165134906769,
            "z": 0.8172529339790344
         }
      },
      {
         "actor_type": "vehicle.toyota.prius",
         "actor_id": 344,
         "actor_location": {
            "x": 386.0989074707031,
            "y": -225.82073974609375,
            "z": 0.034553833305835724
         },
         "actor_rotation": {
            "roll": -0.26748648285865784,
            "pitch": 0.1566162258386612,
            "yaw": 92.2411117553711
         },
         "actor_bbox_ext": {
            "x": 2.2691667079925537,
            "y": 1.0005652904510498,
            "z": 0.7686808109283447
         }
      },
      {
         "actor_type": "vehicle.mini.cooperst",
         "actor_id": 345,
         "actor_location": {
            "x": 389.5887145996094,
            "y": -225.82772827148438,
            "z": 0.043501224368810654
         },
         "actor_rotation": {
            "roll": 0.17775966227054596,
            "pitch": -0.1864914745092392,
            "yaw": 91.47795867919922
         },
         "actor_bbox_ext": {
            "x": 1.9010963439941406,
            "y": 0.9870172142982483,
            "z": 0.7375003099441528
         }
      },
      {
         "actor_type": "vehicle.lincoln.mkz2017",
         "actor_id": 346,
         "actor_location": {
            "x": 393.0132751464844,
            "y": -220.50289916992188,
            "z": -0.010187797248363495
         },
         "actor_rotation": {
            "roll": -0.061065662652254105,
            "pitch": 0.019486527889966965,
            "yaw": 90.36673736572266
         },
         "actor_bbox_ext": {
            "x": 2.4543750286102295,
            "y": 1.056093692779541,
            "z": 0.7615917921066284
         }
      },
      {
         "actor_type": "vehicle.chevrolet.impala",
         "actor_id": 347,
         "actor_location": {
            "x": 388.9176330566406,
            "y": -159.85546875,
            "z": -0.047984808683395386
         },
         "actor_rotation": {
            "roll": -0.0691528171300888,
            "pitch": 0.055536266416311264,