{
   "cam_type": "sensor.camera.rgb",
   "cam_id": 503,
   "cam_location": {
      "x": 189.89112854003906,
      "y": 166.95748901367188,
      "z": 2.0076427459716797
   },
   "cam_rotation": {
      "roll": 0.4474911391735077,
      "pitch": 0.4427328407764435,
      "yaw": 89.75829315185547
   },
   "img_name": "681.png",
   "img_width": 640,
   "img_height": 680,
   "img_fov": 100,
   "debug_info": [
      {
         "actor_type": "vehicle.jeep.wrangler_rubicon",
         "actor_id": 452,
         "actor_location": {
            "x": 13.084993362426758,
            "y": 191.63465881347656,
            "z": 0.24804633855819702
         },
         "actor_rotation": {
            "roll": 0.5103345513343811,
            "pitch": -0.3933710753917694,
            "yaw": -0.18951411545276642
         },
         "actor_bbox_ext": {
            "x": 1.9340534210205078,
            "y": 0.953285276889801,
            "z": 0.9399999976158142
         }
      },
      {
         "actor_type": "vehicle.harley-davidson.low rider",
         "actor_id": 453,
         "actor_location": {
            "x": 45.888065338134766,
            "y": 285.9874572753906,
            "z": 0.20130187273025513
         },
         "actor_rotation": {
            "roll": 0.12737113237380981,
            "pitch": -1.5711687803268433,
            "yaw": -89.513671875
         },
         "actor_bbox_ext": {
            "x": 1.175087809562683,
            "y": 0.3831165134906769,
            "z": 0.7318695783615112
         }
      },
      {
         "actor_type": "vehicle.nissan.micra",
         "actor_id": 454,
         "actor_location": {
            "x": -3.310394763946533,
            "y": 207.3308563232422,
            "z": 0.23170486092567444
         },
         "actor_rotation": {
            "roll": 0.3471454977989197,
            "pitch": 0.2235998958349228,
            "yaw": -91.76123046875
         },
         "actor_bbox_ext": {
            "x": 1.8344237804412842,
            "y": 0.9280761480331421,
            "z": 0.7616068720817566
         }
      },
      {
         "actor_type": "vehicle.bmw.grandtourer",
         "actor_id": 455,
         "actor_location": {
            "x": 27.26311492919922,
            "y": 306.72222900390625,
            "z": 0.29552826285362244
         },
         "actor_rotation": {
            "roll": 0.0009210570715367794,
            "pitch": -0.09261736273765564,
            "yaw": 0.010619549080729485
         },
         "actor_bbox_ext": {
            "x": 2.3195438385009766,
            "y": 1.129660964012146,
            "z": 0.8390889763832092
         }
      },
      {
         "actor_type": "vehicle.bmw.isetta",
         "actor_id": 456,
         "actor_location": {
            "x": 69.36796569824219,
            "y": 109.55165100097656,
            "z": 0.22259889543056488
         },
         "actor_rotation": {
            "roll": 6.892312285344815e-06,
            "pitch": 0.33851781487464905,
            "yaw": 0.007201517932116985
         },
         "actor_bbox_ext": {
            "x": 1.1012483835220337,
            "y": 0.7426624298095703,
            "z": 0.6732476949691772
         }
      },
      {
         "actor_type": "vehicle.mercedes-benz.coupe",
         "actor_id": 457,
         "actor_location": {
            "x": -7.3809099197387695,
            "y": 195.5329132080078,
            "z": 0.34932905435562134
         },
         "actor_rotation": {
            "roll": -0.011627214029431343,
            "pitch": 0.4102962613105774,
            "yaw": 89.48127746582031
         },
         "actor_bbox_ext": {
            "x": 2.521892547607422,
            "y": 1.0814987421035767,
            "z": 0.820067286491394
         }
      },
      {
         "actor_type": "vehicle.bh.crossbike",
         "actor_id": 458,
         "actor_location": {
            "x": 180.315673828125,
            "y": 237.07034301757812,
            "z": 0.250291645526886
         },
         "actor_rotation": {
            "roll": 0.12874044477939606,
            "pitch": -0.1560015082359314,
            "yaw": -169.20718383789062
         },
         "actor_bbox_ext": {
            "x": 0.7546613812446594,
            "y": 0.4329703152179718,
            "z": 0.7653154730796814
         }
      },
      {
         "actor_type": "vehicle.tesla.model3",
         "actor_id": 459,
         "actor_location": {
            "x": 124.29119873046875,
            "y": 302.55242919921875,
            "z": 0.21730124950408936
         },
         "actor_rotation": {
            "roll": -0.0005798339261673391,
            "pitch": 0.185057133436203,
            "yaw": 179.998291015625
         },
         "actor_bbox_ext": {
            "x": 2.452350616455078,
            "y": 1.0303291082382202,
            "z": 0.7391985058784485
         }
      },
      {
         "actor_type": "vehicle.audi.a2",
         "actor_id": 460,
         "actor_location": {
            "x": 193.77603149414062,
            "y": 236.37820434570312,
            "z": 0.211902916431427
         },
         "actor_rotation": {
            "roll": -0.0642700120806694,
            "pitch": -0.10754132270812988,
            "yaw": -90.18621063232422
         },
         "actor_bbox_ext": {
            "x": 1.8593107461929321,
            "y": 0.8962239623069763,
            "z": 0.7677467465400696
         }
      },
      {
         "actor_type": "vehicle.ford.mustang",
         "actor_id": 461,
         "actor_location": {
            "x": 62.044227600097656,
            "y": 302.55419921875,
            "z": 0.23821009695529938
         },
         "actor_rotation": {
            "roll": 0.5074554085731506,
            "pitch": 0.3323364853858948,
            "yaw": -179.99949645996094
         },
         "actor_bbox_ext": {
            "x": 2.3399999141693115,
            "y": 0.9399999976158142,
            "z": 0.6499999761581421
         }
      },
      {
         "actor_type": "vehicle.chevrolet.impala",
         "actor_id": 462,
         "actor_location": {
            "x": 193.7592010498047,
            "y": 169.59860229492188,
            "z": 0.17249919474124908
         },
         "actor_rotation": {
            "roll": -0.008819580078125,
            "pitch": 0.010784868150949478,
            "yaw": -90.25130462646484
         },
         "actor_bbox_ext": {
            "x": 2.684596538543701,
            "y": 1.026368260383606,
            "z": 0.7075497508049011
         }
      },
      {
         "actor_type": "vehicle.mini.cooperst",
         "actor_id": 463,
         "actor_location": {
            "x": 189.9318084716797,
            "y": 222.34237670898438,
            "z": 0.2958909571170807
         },
         "actor_rotation": {
            "roll": 0.016429636627435684,
            "pitch": -0.00012294339830987155,
            "yaw": 89.98625946044922
         },
         "actor_bbox_ext": {
            "x": 1.9010963439941406,
            "y": 0.9870172142982483,
            "z": 0.7375003099441528
         }
      },
      {
         "actor_type": "vehicle.volkswagen.t2",
         "actor_id": 464,
         "actor_location": {
            "x": 119.52054595947266,
            "y": 105.39314270019531,
            "z": 0.20790442824363708
         },
         "actor_rotation": {
            "roll": -0.00091552734375,
            "pitch": 0.03307177498936653,
            "yaw": 179.99916076660156
         },
         "actor_bbox_ext": {
            "x": 2.2595229148864746,
            "y": 1.0383671522140503,
            "z": 1.0132241249084473
         }
      },
      {
         "actor_type": "vehicle.chevrolet.impala",
         "actor_id": 465,
         "actor_location": {
            "x": 47.92884063720703,
            "y": 306.3377685546875,
            "z": 0.17332884669303894
         },
         "actor_rotation": {
            "roll": 0.0004073749587405473,
            "pitch": -0.06664898246526718,