{
   "cam_type": "sensor.camera.rgb",
   "cam_id": 265,
   "cam_location": {
      "x": 156.99229431152344,
      "y": 187.55328369140625,
      "z": 2.9877419471740723
   },
   "cam_rotation": {
      "roll": 9.570093425281812e-06,
      "pitch": -14.861090660095215,
      "yaw": 179.99705505371094
   },
   "img_name": "694.png",
   "img_width": 640,
   "img_height": 680,
   "img_fov": 100,
   "debug_info": [
      {
         "actor_type": "vehicle.jeep.wrangler_rubicon",
         "actor_id": 212,
         "actor_location": {
            "x": 109.3903579711914,
            "y": 191.74073791503906,
            "z": 0.22630217671394348
         },
         "actor_rotation": {
            "roll": -0.004730223678052425,
            "pitch": 0.03161011263728142,
            "yaw": -0.02218627743422985
         },
         "actor_bbox_ext": {
            "x": 1.9340534210205078,
            "y": 0.953285276889801,
            "z": 0.9399999976158142
         }
      },
      {
         "actor_type": "vehicle.dodge_charger.police",
         "actor_id": 213,
         "actor_location": {
            "x": 193.8211212158203,
            "y": 256.3131103515625,
            "z": 0.20080801844596863
         },
         "actor_rotation": {
            "roll": 0.0,
            "pitch": 0.16346007585525513,
            "yaw": -90.00320434570312
         },
         "actor_bbox_ext": {
            "x": 2.4965829849243164,
            "y": 1.0679636001586914,
            "z": 0.7898477911949158
         }
      },
      {
         "actor_type": "vehicle.audi.tt",
         "actor_id": 214,
         "actor_location": {
            "x": 2.6007864475250244,
            "y": 109.94862365722656,
            "z": 0.21661846339702606
         },
         "actor_rotation": {
            "roll": -0.5248717665672302,
            "pitch": -0.20254242420196533,
            "yaw": -17.785564422607422
         },
         "actor_bbox_ext": {
            "x": 2.1102468967437744,
            "y": 1.0045700073242188,
            "z": 0.695303738117218
         }
      },
      {
         "actor_type": "vehicle.ford.mustang",
         "actor_id": 215,
         "actor_location": {
            "x": 193.8202667236328,
            "y": 274.51434326171875,
            "z": 0.21361064910888672
         },
         "actor_rotation": {
            "roll": 0.0003747333830688149,
            "pitch": 0.04934811219573021,
            "yaw": -89.97301483154297
         },
         "actor_bbox_ext": {
            "x": 2.3399999141693115,
            "y": 0.9399999976158142,
            "z": 0.6499999761581421
         }
      },
      {
         "actor_type": "vehicle.bmw.grandtourer",
         "actor_id": 216,
         "actor_location": {
            "x": 158.7725830078125,
            "y": 187.55276489257812,
            "z": 0.29402294754981995
         },
         "actor_rotation": {
            "roll": 6.519083399325609e-06,
            "pitch": -9.56226431299001e-05,
            "yaw": 179.97286987304688
         },
         "actor_bbox_ext": {
            "x": 2.3195438385009766,
            "y": 1.129660964012146,
            "z": 0.8390889763832092
         }
      },
      {
         "actor_type": "vehicle.chevrolet.impala",
         "actor_id": 217,
         "actor_location": {
            "x": 41.77774429321289,
            "y": 223.4998016357422,
            "z": 0.17213210463523865
         },
         "actor_rotation": {
            "roll": 0.0001351741811959073,
            "pitch": 0.0007035094313323498,
            "yaw": 89.99674987792969
         },
         "actor_bbox_ext": {
            "x": 2.684596538543701,
            "y": 1.026368260383606,
            "z": 0.7075497508049011
         }
      },
      {
         "actor_type": "vehicle.mercedes-benz.coupe",
         "actor_id": 218,
         "actor_location": {
            "x": 193.80520629882812,
            "y": 206.91326904296875,
            "z": 0.3489289879798889
         },
         "actor_rotation": {
            "roll": -0.011413565836846828,
            "pitch": 0.4012599289417267,
            "yaw": -90.12317657470703
         },
         "actor_bbox_ext": {
            "x": 2.521892547607422,
            "y": 1.0814987421035767,
            "z": 0.820067286491394
         }
      },
      {
         "actor_type": "vehicle.yamaha.yzf",
         "actor_id": 219,
         "actor_location": {
            "x": -3.396434783935547,
            "y": 289.8282165527344,
            "z": 0.18697865307331085
         },
         "actor_rotation": {
            "roll": 0.6702304482460022,
            "pitch": 0.03863837942481041,
            "yaw": -90.57127380371094
         },
         "actor_bbox_ext": {
            "x": 1.0953842401504517,
            "y": 0.3831165134906769,
            "z": 0.8172529339790344
         }
      },
      {
         "actor_type": "vehicle.tesla.model3",
         "actor_id": 220,
         "actor_location": {
            "x": 193.8042755126953,
            "y": 214.19471740722656,
            "z": 0.21712565422058105
         },
         "actor_rotation": {
            "roll": 3.7019192404841306e-06,
            "pitch": 0.13609151542186737,
            "yaw": -90.01980590820312
         },
         "actor_bbox_ext": {
            "x": 2.452350616455078,
            "y": 1.0303291082382202,
            "z": 0.7391985058784485
         }
      },
      {
         "actor_type": "vehicle.chevrolet.impala",
         "actor_id": 221,
         "actor_location": {
            "x": 45.89740753173828,
            "y": 257.4466247558594,
            "z": 0.18708018958568573
         },
         "actor_rotation": {
            "roll": 0.011589454486966133,
            "pitch": 0.6553361415863037,
            "yaw": -90.09139251708984
         },
         "actor_bbox_ext": {
            "x": 2.684596538543701,
            "y": 1.026368260383606,
            "z": 0.7075497508049011
         }
      },
      {
         "actor_type": "vehicle.toyota.prius",
         "actor_id": 222,
         "actor_location": {
            "x": 10.67508316040039,
            "y": 105.40213775634766,
            "z": 0.2567850351333618
         },
         "actor_rotation": {
            "roll": -9.155271982308477e-05,
            "pitch": -0.012055283412337303,
            "yaw": -179.997802734375
         },
         "actor_bbox_ext": {
            "x": 2.2691667079925537,
            "y": 1.0005652904510498,
            "z": 0.7686808109283447
         }
      },
      {
         "actor_type": "vehicle.bh.crossbike",
         "actor_id": 223,
         "actor_location": {
            "x": 189.59947204589844,
            "y": 288.9944763183594,
            "z": 0.21925832331180573
         },
         "actor_rotation": {
            "roll": 0.0025086214300245047,
            "pitch": -0.021938566118478775,
            "yaw": 90.0650405883789
         },
         "actor_bbox_ext": {
            "x": 0.7546613812446594,
            "y": 0.4329703152179718,
            "z": 0.7653154730796814
         }
      },
      {
         "actor_type": "vehicle.audi.etron",
         "actor_id": 224,
         "actor_location": {
            "x": -7.532103538513184,
            "y": 173.54019165039062,
            "z": 0.17172390222549438
         },
         "actor_rotation": {
            "roll": -3.256887814995224e-12,
            "pitch": -9.56226431299001e-05,
            "yaw": 90.1377182006836
         },
         "actor_bbox_ext": {
            "x": 2.4270286560058594,
            "y": 1.0045700073242188,
            "z": 0.8343994617462158
         }
      },
      {
         "actor_type": "vehicle.chevrolet.impala",
         "actor_id": 225,
         "actor_location": {
            "x": 116.34857940673828,
            "y": 241.0531005859375,
            "z": 0.17223776876926422
         },
         "actor_rotation": {
            "roll": 0.00014918361557647586,
            "pitch": -0.009336868301033974,