{
   "cam_type": "sensor.camera.rgb",
   "cam_id": 391,
   "cam_location": {
      "x": 392.1162109375,
      "y": -110.00765228271484,
      "z": 3.041811227798462
   },
   "cam_rotation": {
      "roll": -0.06036376953125,
      "pitch": 0.0043918113224208355,
      "yaw": 89.81731414794922
   },
   "img_name": "696.png",
   "img_width": 640,
   "img_height": 680,
   "img_fov": 100,
   "debug_info": [
      {
         "actor_type": "vehicle.audi.etron",
         "actor_id": 334,
         "actor_location": {
            "x": 381.9925842285156,
            "y": -178.10438537597656,
            "z": -0.04775264486670494
         },
         "actor_rotation": {
            "roll": -0.1167297288775444,
            "pitch": -0.004398641642183065,
            "yaw": 94.50877380371094
         },
         "actor_bbox_ext": {
            "x": 2.4270286560058594,
            "y": 1.0045700073242188,
            "z": 0.8343994617462158
         }
      },
      {
         "actor_type": "vehicle.bmw.grandtourer",
         "actor_id": 335,
         "actor_location": {
            "x": 384.5920104980469,
            "y": -84.2743148803711,
            "z": 0.07227218151092529
         },
         "actor_rotation": {
            "roll": -0.0014343216316774487,
            "pitch": 0.19920246303081512,
            "yaw": 90.8108901977539
         },
         "actor_bbox_ext": {
            "x": 2.3195438385009766,
            "y": 1.129660964012146,
            "z": 0.8390889763832092
         }
      },
      {
         "actor_type": "vehicle.bmw.grandtourer",
         "actor_id": 336,
         "actor_location": {
            "x": -6.1690826416015625,
            "y": -159.3249053955078,
            "z": 0.07278919219970703
         },
         "actor_rotation": {
            "roll": -0.0755615159869194,
            "pitch": 0.15201951563358307,
            "yaw": 89.92926025390625
         },
         "actor_bbox_ext": {
            "x": 2.3195438385009766,
            "y": 1.129660964012146,
            "z": 0.8390889763832092
         }
      },
      {
         "actor_type": "vehicle.chevrolet.impala",
         "actor_id": 337,
         "actor_location": {
            "x": -9.64983081817627,
            "y": -160.98411560058594,
            "z": -0.047975003719329834
         },
         "actor_rotation": {
            "roll": -0.006469732616096735,
            "pitch": 0.05488739535212517,
            "yaw": 89.20932006835938
         },
         "actor_bbox_ext": {
            "x": 2.684596538543701,
            "y": 1.026368260383606,
            "z": 0.7075497508049011
         }
      },
      {
         "actor_type": "vehicle.dodge_charger.police",
         "actor_id": 338,
         "actor_location": {
            "x": -13.264938354492188,
            "y": -173.5165252685547,
            "z": -0.018375549465417862
         },
         "actor_rotation": {
            "roll": -0.02847290225327015,
            "pitch": 0.1325056552886963,
            "yaw": 90.15543365478516
         },
         "actor_bbox_ext": {
            "x": 2.4965829849243164,
            "y": 1.0679636001586914,
            "z": 0.7898477911949158
         }
      },
      {
         "actor_type": "vehicle.harley-davidson.low rider",
         "actor_id": 339,
         "actor_location": {
            "x": -54.82117462158203,
            "y": -211.9311065673828,
            "z": -0.035302046686410904
         },
         "actor_rotation": {
            "roll": 0.6048903465270996,
            "pitch": -0.8182976245880127,
            "yaw": 129.70570373535156
         },
         "actor_bbox_ext": {
            "x": 1.175087809562683,
            "y": 0.3831165134906769,
            "z": 0.7318695783615112
         }
      },
      {
         "actor_type": "vehicle.kawasaki.ninja",
         "actor_id": 340,
         "actor_location": {
            "x": -4.809761047363281,
            "y": -244.12168884277344,
            "z": -0.004399986006319523
         },
         "actor_rotation": {
            "roll": -5.174198627471924,
            "pitch": 0.31498780846595764,
            "yaw": 97.62933349609375
         },
         "actor_bbox_ext": {
            "x": 1.021842122077942,
            "y": 0.3984561562538147,
            "z": 0.687301516532898
         }
      },
      {
         "actor_type": "vehicle.yamaha.yzf",
         "actor_id": 341,
         "actor_location": {
            "x": 52.54164123535156,
            "y": -350.2937927246094,
            "z": -0.04564507678151131
         },
         "actor_rotation": {
            "roll": 18.150501251220703,
            "pitch": -1.7766140699386597,
            "yaw": -125.5879898071289
         },
         "actor_bbox_ext": {
            "x": 1.0953842401504517,
            "y": 0.3831165134906769,
            "z": 0.8172529339790344
         }
      },
      {
         "actor_type": "vehicle.toyota.prius",
         "actor_id": 342,
         "actor_location": {
            "x": -12.419408798217773,
            "y": -239.4150848388672,
            "z": 0.03648624196648598
         },
         "actor_rotation": {
            "roll": 0.3891381323337555,
            "pitch": -0.01818196289241314,
            "yaw": 95.58799743652344
         },
         "actor_bbox_ext": {
            "x": 2.2691667079925537,
            "y": 1.0005652904510498,
            "z": 0.7686808109283447
         }
      },
      {
         "actor_type": "vehicle.yamaha.yzf",
         "actor_id": 343,
         "actor_location": {
            "x": 51.58278274536133,
            "y": -360.8445739746094,
            "z": -0.047420743852853775
         },
         "actor_rotation": {
            "roll": -17.469221115112305,
            "pitch": -2.716031312942505,
            "yaw": 92.4111328125
         },
         "actor_bbox_ext": {
            "x": 1.0953842401504517,
            "y": 0.3831165134906769,
            "z": 0.8172529339790344
         }
      },
      {
         "actor_type": "vehicle.toyota.prius",
         "actor_id": 344,
         "actor_location": {
            "x": 385.46112060546875,
            "y": -167.80177307128906,
            "z": 0.03647918626666069
         },
         "actor_rotation": {
            "roll": 0.06949380785226822,
            "pitch": -0.019165510311722755,
            "yaw": 89.75469207763672
         },
         "actor_bbox_ext": {
            "x": 2.2691667079925537,
            "y": 1.0005652904510498,
            "z": 0.7686808109283447
         }
      },
      {
         "actor_type": "vehicle.mini.cooperst",
         "actor_id": 345,
         "actor_location": {
            "x": 389.03961181640625,
            "y": -172.69007873535156,
            "z": 0.043161790817976
         },
         "actor_rotation": {
            "roll": -0.004119873046875,
            "pitch": -0.11788906157016754,
            "yaw": 90.40990447998047
         },
         "actor_bbox_ext": {
            "x": 1.9010963439941406,
            "y": 0.9870172142982483,
            "z": 0.7375003099441528
         }
      },
      {
         "actor_type": "vehicle.lincoln.mkz2017",
         "actor_id": 346,
         "actor_location": {
            "x": 392.50128173828125,
            "y": -170.32177734375,
            "z": -0.009737606160342693
         },
         "actor_rotation": {
            "roll": 0.008021306246519089,
            "pitch": -0.028775585815310478,
            "yaw": 90.64564514160156
         },
         "actor_bbox_ext": {
            "x": 2.4543750286102295,
            "y": 1.056093692779541,
            "z": 0.7615917921066284
         }
      },
      {
         "actor_type": "vehicle.chevrolet.impala",
         "actor_id": 347,
         "actor_location": {
            "x": 388.27337646484375,
            "y": -101.98006439208984,
            "z": -0.0470595546066761
         },
         "actor_rotation": {
            "roll": 0.02701241336762905,
            "pitch": -0.030332868918776512,