{
   "cam_type": "sensor.camera.rgb",
   "cam_id": 503,
   "cam_location": {
      "x": 189.89112854003906,
      "y": 166.95748901367188,
      "z": 2.0076329708099365
   },
   "cam_rotation": {
      "roll": 0.4474911391735077,
      "pitch": 0.4427328407764435,
      "yaw": 89.75829315185547
   },
   "img_name": "709.png",
   "img_width": 640,
   "img_height": 680,
   "img_fov": 100,
   "debug_info": [
      {
         "actor_type": "vehicle.jeep.wrangler_rubicon",
         "actor_id": 452,
         "actor_location": {
            "x": 25.671876907348633,
            "y": 191.6240997314453,
            "z": 0.2505214512348175
         },
         "actor_rotation": {
            "roll": 0.4518071711063385,
            "pitch": 0.569357693195343,
            "yaw": -0.3476867973804474
         },
         "actor_bbox_ext": {
            "x": 1.9340534210205078,
            "y": 0.953285276889801,
            "z": 0.9399999976158142
         }
      },
      {
         "actor_type": "vehicle.harley-davidson.low rider",
         "actor_id": 453,
         "actor_location": {
            "x": 45.89956283569336,
            "y": 271.3412780761719,
            "z": 0.19060926139354706
         },
         "actor_rotation": {
            "roll": -0.01785278506577015,
            "pitch": -0.1488024890422821,
            "yaw": -89.96349334716797
         },
         "actor_bbox_ext": {
            "x": 1.175087809562683,
            "y": 0.3831165134906769,
            "z": 0.7318695783615112
         }
      },
      {
         "actor_type": "vehicle.nissan.micra",
         "actor_id": 454,
         "actor_location": {
            "x": -3.310394763946533,
            "y": 207.3308563232422,
            "z": 0.2317667305469513
         },
         "actor_rotation": {
            "roll": 0.3471454977989197,
            "pitch": 0.2235998958349228,
            "yaw": -91.76123046875
         },
         "actor_bbox_ext": {
            "x": 1.8344237804412842,
            "y": 0.9280761480331421,
            "z": 0.7616068720817566
         }
      },
      {
         "actor_type": "vehicle.bmw.grandtourer",
         "actor_id": 455,
         "actor_location": {
            "x": 41.61092758178711,
            "y": 303.58203125,
            "z": 0.32358068227767944
         },
         "actor_rotation": {
            "roll": 0.5104371309280396,
            "pitch": 0.16710056364536285,
            "yaw": -32.98634719848633
         },
         "actor_bbox_ext": {
            "x": 2.3195438385009766,
            "y": 1.129660964012146,
            "z": 0.8390889763832092
         }
      },
      {
         "actor_type": "vehicle.bmw.isetta",
         "actor_id": 456,
         "actor_location": {
            "x": 84.16580200195312,
            "y": 109.5517349243164,
            "z": 0.22260154783725739
         },
         "actor_rotation": {
            "roll": 0.00010222610580967739,
            "pitch": 0.33780747652053833,
            "yaw": 0.007651395630091429
         },
         "actor_bbox_ext": {
            "x": 1.1012483835220337,
            "y": 0.7426624298095703,
            "z": 0.6732476949691772
         }
      },
      {
         "actor_type": "vehicle.mercedes-benz.coupe",
         "actor_id": 457,
         "actor_location": {
            "x": -7.459427833557129,
            "y": 210.45608520507812,
            "z": 0.34943532943725586
         },
         "actor_rotation": {
            "roll": -0.015228284522891045,
            "pitch": 0.3967519998550415,
            "yaw": 90.21843719482422
         },
         "actor_bbox_ext": {
            "x": 2.521892547607422,
            "y": 1.0814987421035767,
            "z": 0.820067286491394
         }
      },
      {
         "actor_type": "vehicle.bh.crossbike",
         "actor_id": 458,
         "actor_location": {
            "x": 166.37649536132812,
            "y": 236.75173950195312,
            "z": 0.21942324936389923
         },
         "actor_rotation": {
            "roll": 0.31079256534576416,
            "pitch": -0.09048634022474289,
            "yaw": -178.70736694335938
         },
         "actor_bbox_ext": {
            "x": 0.7546613812446594,
            "y": 0.4329703152179718,
            "z": 0.7653154730796814
         }
      },
      {
         "actor_type": "vehicle.tesla.model3",
         "actor_id": 459,
         "actor_location": {
            "x": 88.23225402832031,
            "y": 302.55267333984375,
            "z": 0.21958068013191223
         },
         "actor_rotation": {
            "roll": 0.0009701848030090332,
            "pitch": -0.1928367167711258,
            "yaw": 179.98985290527344
         },
         "actor_bbox_ext": {
            "x": 2.452350616455078,
            "y": 1.0303291082382202,
            "z": 0.7391985058784485
         }
      },
      {
         "actor_type": "vehicle.audi.a2",
         "actor_id": 460,
         "actor_location": {
            "x": 193.80235290527344,
            "y": 218.14849853515625,
            "z": 0.210285946726799
         },
         "actor_rotation": {
            "roll": -0.0577392540872097,
            "pitch": 0.042347170412540436,
            "yaw": -89.97808837890625
         },
         "actor_bbox_ext": {
            "x": 1.8593107461929321,
            "y": 0.8962239623069763,
            "z": 0.7677467465400696
         }
      },
      {
         "actor_type": "vehicle.ford.mustang",
         "actor_id": 461,
         "actor_location": {
            "x": 62.044212341308594,
            "y": 302.55419921875,
            "z": 0.23818553984165192
         },
         "actor_rotation": {
            "roll": 0.5073270797729492,
            "pitch": 0.33435139060020447,
            "yaw": -179.99949645996094
         },
         "actor_bbox_ext": {
            "x": 2.3399999141693115,
            "y": 0.9399999976158142,
            "z": 0.6499999761581421
         }
      },
      {
         "actor_type": "vehicle.chevrolet.impala",
         "actor_id": 462,
         "actor_location": {
            "x": 193.7502899169922,
            "y": 144.03111267089844,
            "z": 0.17083972692489624
         },
         "actor_rotation": {
            "roll": -0.0002746561076492071,
            "pitch": 0.16576185822486877,
            "yaw": -90.00010681152344
         },
         "actor_bbox_ext": {
            "x": 2.684596538543701,
            "y": 1.026368260383606,
            "z": 0.7075497508049011
         }
      },
      {
         "actor_type": "vehicle.mini.cooperst",
         "actor_id": 463,
         "actor_location": {
            "x": 189.9318084716797,
            "y": 222.34237670898438,
            "z": 0.2958812117576599
         },
         "actor_rotation": {
            "roll": 0.016429636627435684,
            "pitch": -0.00012294339830987155,
            "yaw": 89.98625946044922
         },
         "actor_bbox_ext": {
            "x": 1.9010963439941406,
            "y": 0.9870172142982483,
            "z": 0.7375003099441528
         }
      },
      {
         "actor_type": "vehicle.volkswagen.t2",
         "actor_id": 464,
         "actor_location": {
            "x": 77.20540618896484,
            "y": 105.39293670654297,
            "z": 0.2072470486164093
         },
         "actor_rotation": {
            "roll": -0.0019531248835846782,
            "pitch": 0.09254223108291626,
            "yaw": -179.98580932617188
         },
         "actor_bbox_ext": {
            "x": 2.2595229148864746,
            "y": 1.0383671522140503,
            "z": 1.0132241249084473
         }
      },
      {
         "actor_type": "vehicle.chevrolet.impala",
         "actor_id": 465,
         "actor_location": {
            "x": 68.32020568847656,
            "y": 306.6477355957031,
            "z": 0.16986091434955597
         },
         "actor_rotation": {
            "roll": 0.02939685247838497,
            "pitch": 0.2571634352207184,