{
   "cam_type": "sensor.camera.rgb",
   "cam_id": 391,
   "cam_location": {
      "x": 391.6701354980469,
      "y": -54.60595703125,
      "z": 3.036299467086792
   },
   "cam_rotation": {
      "roll": 0.00024740106891840696,
      "pitch": 0.06209324672818184,
      "yaw": 90.6924819946289
   },
   "img_name": "721.png",
   "img_width": 640,
   "img_height": 680,
   "img_fov": 100,
   "debug_info": [
      {
         "actor_type": "vehicle.audi.etron",
         "actor_id": 334,
         "actor_location": {
            "x": 369.7430419921875,
            "y": -172.01165771484375,
            "z": 0.15171417593955994
         },
         "actor_rotation": {
            "roll": -0.004211425315588713,
            "pitch": -0.08013177663087845,
            "yaw": -179.61732482910156
         },
         "actor_bbox_ext": {
            "x": 2.4270286560058594,
            "y": 1.0045700073242188,
            "z": 0.8343994617462158
         }
      },
      {
         "actor_type": "vehicle.bmw.grandtourer",
         "actor_id": 335,
         "actor_location": {
            "x": 384.16748046875,
            "y": -28.802370071411133,
            "z": 0.07404689490795135
         },
         "actor_rotation": {
            "roll": 0.03399254009127617,
            "pitch": 0.04076256603002548,
            "yaw": 90.15213012695312
         },
         "actor_bbox_ext": {
            "x": 2.3195438385009766,
            "y": 1.129660964012146,
            "z": 0.8390889763832092
         }
      },
      {
         "actor_type": "vehicle.bmw.grandtourer",
         "actor_id": 336,
         "actor_location": {
            "x": -5.981428623199463,
            "y": -104.19181060791016,
            "z": 0.07198764383792877
         },
         "actor_rotation": {
            "roll": 0.019789768382906914,
            "pitch": 0.22405751049518585,
            "yaw": 89.82083129882812
         },
         "actor_bbox_ext": {
            "x": 2.3195438385009766,
            "y": 1.129660964012146,
            "z": 0.8390889763832092
         }
      },
      {
         "actor_type": "vehicle.chevrolet.impala",
         "actor_id": 337,
         "actor_location": {
            "x": -9.47885513305664,
            "y": -105.31938934326172,
            "z": -0.04795924946665764
         },
         "actor_rotation": {
            "roll": -0.0956115573644638,
            "pitch": 0.052899811416864395,
            "yaw": 90.68257904052734
         },
         "actor_bbox_ext": {
            "x": 2.684596538543701,
            "y": 1.026368260383606,
            "z": 0.7075497508049011
         }
      },
      {
         "actor_type": "vehicle.dodge_charger.police",
         "actor_id": 338,
         "actor_location": {
            "x": -13.025205612182617,
            "y": -118.02669525146484,
            "z": -0.018434790894389153
         },
         "actor_rotation": {
            "roll": -0.0377197191119194,
            "pitch": 0.13791517913341522,
            "yaw": 89.35148620605469
         },
         "actor_bbox_ext": {
            "x": 2.4965829849243164,
            "y": 1.0679636001586914,
            "z": 0.7898477911949158
         }
      },
      {
         "actor_type": "vehicle.harley-davidson.low rider",
         "actor_id": 339,
         "actor_location": {
            "x": -75.6612777709961,
            "y": -188.4899139404297,
            "z": -0.034083042293787
         },
         "actor_rotation": {
            "roll": 0.45599886775016785,
            "pitch": -0.6852660179138184,
            "yaw": 134.15235900878906
         },
         "actor_bbox_ext": {
            "x": 1.175087809562683,
            "y": 0.3831165134906769,
            "z": 0.7318695783615112
         }
      },
      {
         "actor_type": "vehicle.kawasaki.ninja",
         "actor_id": 340,
         "actor_location": {
            "x": -6.329662322998047,
            "y": -194.18402099609375,
            "z": -0.005069446284323931
         },
         "actor_rotation": {
            "roll": 0.17731064558029175,
            "pitch": -0.8875420689582825,
            "yaw": 89.5019760131836
         },
         "actor_bbox_ext": {
            "x": 1.021842122077942,
            "y": 0.3984561562538147,
            "z": 0.687301516532898
         }
      },
      {
         "actor_type": "vehicle.yamaha.yzf",
         "actor_id": 341,
         "actor_location": {
            "x": 43.83252716064453,
            "y": -345.9153137207031,
            "z": -0.06594818085432053
         },
         "actor_rotation": {
            "roll": -7.822974681854248,
            "pitch": -4.287446022033691,
            "yaw": 174.3052215576172
         },
         "actor_bbox_ext": {
            "x": 1.0953842401504517,
            "y": 0.3831165134906769,
            "z": 0.8172529339790344
         }
      },
      {
         "actor_type": "vehicle.toyota.prius",
         "actor_id": 342,
         "actor_location": {
            "x": -13.275700569152832,
            "y": -187.133544921875,
            "z": 0.03500247746706009
         },
         "actor_rotation": {
            "roll": -0.0671996921300888,
            "pitch": 0.11696698516607285,
            "yaw": 90.33167266845703
         },
         "actor_bbox_ext": {
            "x": 2.2691667079925537,
            "y": 1.0005652904510498,
            "z": 0.7686808109283447
         }
      },
      {
         "actor_type": "vehicle.yamaha.yzf",
         "actor_id": 343,
         "actor_location": {
            "x": 44.45366668701172,
            "y": -351.45916748046875,
            "z": -0.04519868269562721
         },
         "actor_rotation": {
            "roll": 17.799558639526367,
            "pitch": -4.010946273803711,
            "yaw": 146.34756469726562
         },
         "actor_bbox_ext": {
            "x": 1.0953842401504517,
            "y": 0.3831165134906769,
            "z": 0.8172529339790344
         }
      },
      {
         "actor_type": "vehicle.toyota.prius",
         "actor_id": 344,
         "actor_location": {
            "x": 384.90667724609375,
            "y": -112.14700317382812,
            "z": 0.0363755039870739
         },
         "actor_rotation": {
            "roll": -0.0433349609375,
            "pitch": -0.009951584972441196,
            "yaw": 91.0128402709961
         },
         "actor_bbox_ext": {
            "x": 2.2691667079925537,
            "y": 1.0005652904510498,
            "z": 0.7686808109283447
         }
      },
      {
         "actor_type": "vehicle.mini.cooperst",
         "actor_id": 345,
         "actor_location": {
            "x": 388.4582824707031,
            "y": -118.90474700927734,
            "z": 0.041344430297613144
         },
         "actor_rotation": {
            "roll": 0.0003293195622973144,
            "pitch": 0.2473347932100296,
            "yaw": 90.68196868896484
         },
         "actor_bbox_ext": {
            "x": 1.9010963439941406,
            "y": 0.9870172142982483,
            "z": 0.7375003099441528
         }
      },
      {
         "actor_type": "vehicle.lincoln.mkz2017",
         "actor_id": 346,
         "actor_location": {
            "x": 391.96234130859375,
            "y": -118.74938201904297,
            "z": -0.010613135993480682
         },
         "actor_rotation": {
            "roll": -0.00079345639096573,
            "pitch": 0.0671202689409256,
            "yaw": 90.59159088134766
         },
         "actor_bbox_ext": {
            "x": 2.4543750286102295,
            "y": 1.056093692779541,
            "z": 0.7615917921066284
         }
      },
      {
         "actor_type": "vehicle.chevrolet.impala",
         "actor_id": 347,
         "actor_location": {
            "x": 387.8170166015625,
            "y": -46.29804611206055,
            "z": -0.048111457377672195
         },
         "actor_rotation": {
            "roll": 0.024398984387516975,
            "pitch": 0.06778279691934586,