{
   "cam_type": "sensor.camera.rgb",
   "cam_id": 265,
   "cam_location": {
      "x": 156.99229431152344,
      "y": 187.55328369140625,
      "z": 2.9877421855926514
   },
   "cam_rotation": {
      "roll": 9.570093425281812e-06,
      "pitch": -14.861090660095215,
      "yaw": 179.99705505371094
   },
   "img_name": "721.png",
   "img_width": 640,
   "img_height": 680,
   "img_fov": 100,
   "debug_info": [
      {
         "actor_type": "vehicle.jeep.wrangler_rubicon",
         "actor_id": 212,
         "actor_location": {
            "x": 116.3322525024414,
            "y": 191.73939514160156,
            "z": 0.25016218423843384
         },
         "actor_rotation": {
            "roll": 0.4463421702384949,
            "pitch": 0.44196784496307373,
            "yaw": -0.1929931491613388
         },
         "actor_bbox_ext": {
            "x": 1.9340534210205078,
            "y": 0.953285276889801,
            "z": 0.9399999976158142
         }
      },
      {
         "actor_type": "vehicle.dodge_charger.police",
         "actor_id": 213,
         "actor_location": {
            "x": 193.8211212158203,
            "y": 256.313232421875,
            "z": 0.20108455419540405
         },
         "actor_rotation": {
            "roll": 8.844586773193441e-06,
            "pitch": 0.13881675899028778,
            "yaw": -90.00320434570312
         },
         "actor_bbox_ext": {
            "x": 2.4965829849243164,
            "y": 1.0679636001586914,
            "z": 0.7898477911949158
         }
      },
      {
         "actor_type": "vehicle.audi.tt",
         "actor_id": 214,
         "actor_location": {
            "x": 26.29210090637207,
            "y": 109.55484771728516,
            "z": 0.21559932827949524
         },
         "actor_rotation": {
            "roll": -0.06362912803888321,
            "pitch": -0.10677634179592133,
            "yaw": 0.0021954774856567383
         },
         "actor_bbox_ext": {
            "x": 2.1102468967437744,
            "y": 1.0045700073242188,
            "z": 0.695303738117218
         }
      },
      {
         "actor_type": "vehicle.ford.mustang",
         "actor_id": 215,
         "actor_location": {
            "x": 193.821044921875,
            "y": 263.67974853515625,
            "z": 0.21362468600273132
         },
         "actor_rotation": {
            "roll": 0.0,
            "pitch": -0.011659132316708565,
            "yaw": -90.05484771728516
         },
         "actor_bbox_ext": {
            "x": 2.3399999141693115,
            "y": 0.9399999976158142,
            "z": 0.6499999761581421
         }
      },
      {
         "actor_type": "vehicle.bmw.grandtourer",
         "actor_id": 216,
         "actor_location": {
            "x": 158.7725830078125,
            "y": 187.55276489257812,
            "z": 0.2940213978290558
         },
         "actor_rotation": {
            "roll": 6.519083399325609e-06,
            "pitch": -9.56226431299001e-05,
            "yaw": 179.97286987304688
         },
         "actor_bbox_ext": {
            "x": 2.3195438385009766,
            "y": 1.129660964012146,
            "z": 0.8390889763832092
         }
      },
      {
         "actor_type": "vehicle.chevrolet.impala",
         "actor_id": 217,
         "actor_location": {
            "x": 41.77774429321289,
            "y": 223.4998016357422,
            "z": 0.17213095724582672
         },
         "actor_rotation": {
            "roll": 0.0001351741811959073,
            "pitch": 0.0007035094313323498,
            "yaw": 89.99674987792969
         },
         "actor_bbox_ext": {
            "x": 2.684596538543701,
            "y": 1.026368260383606,
            "z": 0.7075497508049011
         }
      },
      {
         "actor_type": "vehicle.mercedes-benz.coupe",
         "actor_id": 218,
         "actor_location": {
            "x": 193.80520629882812,
            "y": 206.91326904296875,
            "z": 0.348928838968277
         },
         "actor_rotation": {
            "roll": -0.011413565836846828,
            "pitch": 0.4012599289417267,
            "yaw": -90.12317657470703
         },
         "actor_bbox_ext": {
            "x": 2.521892547607422,
            "y": 1.0814987421035767,
            "z": 0.820067286491394
         }
      },
      {
         "actor_type": "vehicle.yamaha.yzf",
         "actor_id": 219,
         "actor_location": {
            "x": -3.414301633834839,
            "y": 269.34893798828125,
            "z": 0.18662919104099274
         },
         "actor_rotation": {
            "roll": 4.644408545573242e-05,
            "pitch": 0.13827717304229736,
            "yaw": -90.00006103515625
         },
         "actor_bbox_ext": {
            "x": 1.0953842401504517,
            "y": 0.3831165134906769,
            "z": 0.8172529339790344
         }
      },
      {
         "actor_type": "vehicle.tesla.model3",
         "actor_id": 220,
         "actor_location": {
            "x": 193.8042755126953,
            "y": 214.19471740722656,
            "z": 0.2171240597963333
         },
         "actor_rotation": {
            "roll": 3.7019192404841306e-06,
            "pitch": 0.13609151542186737,
            "yaw": -90.01980590820312
         },
         "actor_bbox_ext": {
            "x": 2.452350616455078,
            "y": 1.0303291082382202,
            "z": 0.7391985058784485
         }
      },
      {
         "actor_type": "vehicle.chevrolet.impala",
         "actor_id": 221,
         "actor_location": {
            "x": 45.89740753173828,
            "y": 257.4466247558594,
            "z": 0.1870804876089096
         },
         "actor_rotation": {
            "roll": 0.011589454486966133,
            "pitch": 0.6553361415863037,
            "yaw": -90.09139251708984
         },
         "actor_bbox_ext": {
            "x": 2.684596538543701,
            "y": 1.026368260383606,
            "z": 0.7075497508049011
         }
      },
      {
         "actor_type": "vehicle.toyota.prius",
         "actor_id": 222,
         "actor_location": {
            "x": -6.507166385650635,
            "y": 114.65531921386719,
            "z": 0.2568722367286682
         },
         "actor_rotation": {
            "roll": 0.16846519708633423,
            "pitch": -0.05474396422505379,
            "yaw": 107.289794921875
         },
         "actor_bbox_ext": {
            "x": 2.2691667079925537,
            "y": 1.0005652904510498,
            "z": 0.7686808109283447
         }
      },
      {
         "actor_type": "vehicle.bh.crossbike",
         "actor_id": 223,
         "actor_location": {
            "x": 182.92532348632812,
            "y": 301.74993896484375,
            "z": 0.21815139055252075
         },
         "actor_rotation": {
            "roll": 5.23099422454834,
            "pitch": -0.26962852478027344,
            "yaw": -175.18194580078125
         },
         "actor_bbox_ext": {
            "x": 0.7546613812446594,
            "y": 0.4329703152179718,
            "z": 0.7653154730796814
         }
      },
      {
         "actor_type": "vehicle.audi.etron",
         "actor_id": 224,
         "actor_location": {
            "x": -7.532103538513184,
            "y": 173.54019165039062,
            "z": 0.1717253476381302
         },
         "actor_rotation": {
            "roll": -3.256887814995224e-12,
            "pitch": -9.56226431299001e-05,
            "yaw": 90.1377182006836
         },
         "actor_bbox_ext": {
            "x": 2.4270286560058594,
            "y": 1.0045700073242188,
            "z": 0.8343994617462158
         }
      },
      {
         "actor_type": "vehicle.chevrolet.impala",
         "actor_id": 225,
         "actor_location": {
            "x": 116.3486557006836,
            "y": 241.0531005859375,
            "z": 0.1721317619085312
         },
         "actor_rotation": {
            "roll": 0.00013460792251862586,
            "pitch": 0.0007444905932061374,