{
   "cam_type": "sensor.camera.rgb",
   "cam_id": 503,
   "cam_location": {
      "x": 189.89112854003906,
      "y": 166.95748901367188,
      "z": 2.0076234340667725
   },
   "cam_rotation": {
      "roll": 0.4474911391735077,
      "pitch": 0.4427328407764435,
      "yaw": 89.75829315185547
   },
   "img_name": "737.png",
   "img_width": 640,
   "img_height": 680,
   "img_fov": 100,
   "debug_info": [
      {
         "actor_type": "vehicle.jeep.wrangler_rubicon",
         "actor_id": 452,
         "actor_location": {
            "x": 25.670982360839844,
            "y": 191.62413024902344,
            "z": 0.2501886785030365
         },
         "actor_rotation": {
            "roll": 0.446769654750824,
            "pitch": 0.4420771300792694,
            "yaw": -0.3485107123851776
         },
         "actor_bbox_ext": {
            "x": 1.9340534210205078,
            "y": 0.953285276889801,
            "z": 0.9399999976158142
         }
      },
      {
         "actor_type": "vehicle.harley-davidson.low rider",
         "actor_id": 453,
         "actor_location": {
            "x": 45.89791488647461,
            "y": 256.685791015625,
            "z": 0.21392151713371277
         },
         "actor_rotation": {
            "roll": 1.299871563911438,
            "pitch": 0.5562232732772827,
            "yaw": -89.90157318115234
         },
         "actor_bbox_ext": {
            "x": 1.175087809562683,
            "y": 0.3831165134906769,
            "z": 0.7318695783615112
         }
      },
      {
         "actor_type": "vehicle.nissan.micra",
         "actor_id": 454,
         "actor_location": {
            "x": -3.310394763946533,
            "y": 207.3308563232422,
            "z": 0.23185282945632935
         },
         "actor_rotation": {
            "roll": 0.3471454977989197,
            "pitch": 0.2235998958349228,
            "yaw": -91.76123046875
         },
         "actor_bbox_ext": {
            "x": 1.8344237804412842,
            "y": 0.9280761480331421,
            "z": 0.7616068720817566
         }
      },
      {
         "actor_type": "vehicle.bmw.grandtourer",
         "actor_id": 455,
         "actor_location": {
            "x": 45.83964157104492,
            "y": 290.0946350097656,
            "z": 0.32372069358825684
         },
         "actor_rotation": {
            "roll": 0.5716336369514465,
            "pitch": 0.04990135878324509,
            "yaw": -85.32022094726562
         },
         "actor_bbox_ext": {
            "x": 2.3195438385009766,
            "y": 1.129660964012146,
            "z": 0.8390889763832092
         }
      },
      {
         "actor_type": "vehicle.bmw.isetta",
         "actor_id": 456,
         "actor_location": {
            "x": 99.08821868896484,
            "y": 109.55181121826172,
            "z": 0.2225947380065918
         },
         "actor_rotation": {
            "roll": -0.00015258786152116954,
            "pitch": 0.3396994471549988,
            "yaw": 0.0054757497273385525
         },
         "actor_bbox_ext": {
            "x": 1.1012483835220337,
            "y": 0.7426624298095703,
            "z": 0.6732476949691772
         }
      },
      {
         "actor_type": "vehicle.mercedes-benz.coupe",
         "actor_id": 457,
         "actor_location": {
            "x": -7.466983318328857,
            "y": 225.279052734375,
            "z": 0.349322646856308
         },
         "actor_rotation": {
            "roll": -0.011718771420419216,
            "pitch": 0.4110749065876007,
            "yaw": 89.99440002441406
         },
         "actor_bbox_ext": {
            "x": 2.521892547607422,
            "y": 1.0814987421035767,
            "z": 0.820067286491394
         }
      },
      {
         "actor_type": "vehicle.bh.crossbike",
         "actor_id": 458,
         "actor_location": {
            "x": 152.31161499023438,
            "y": 236.72189331054688,
            "z": 0.24772216379642487
         },
         "actor_rotation": {
            "roll": 1.5441426038742065,
            "pitch": 2.695329189300537,
            "yaw": 179.4810028076172
         },
         "actor_bbox_ext": {
            "x": 0.7546613812446594,
            "y": 0.4329703152179718,
            "z": 0.7653154730796814
         }
      },
      {
         "actor_type": "vehicle.tesla.model3",
         "actor_id": 459,
         "actor_location": {
            "x": 69.43727111816406,
            "y": 302.5526428222656,
            "z": 0.21955153346061707
         },
         "actor_rotation": {
            "roll": 0.0014248198131099343,
            "pitch": -0.2700451612472534,
            "yaw": 179.99160766601562
         },
         "actor_bbox_ext": {
            "x": 2.452350616455078,
            "y": 1.0303291082382202,
            "z": 0.7391985058784485
         }
      },
      {
         "actor_type": "vehicle.audi.a2",
         "actor_id": 460,
         "actor_location": {
            "x": 193.80807495117188,
            "y": 206.32150268554688,
            "z": 0.2133583426475525
         },
         "actor_rotation": {
            "roll": -0.0587158165872097,
            "pitch": -0.2902830243110657,
            "yaw": -90.33102416992188
         },
         "actor_bbox_ext": {
            "x": 1.8593107461929321,
            "y": 0.8962239623069763,
            "z": 0.7677467465400696
         }
      },
      {
         "actor_type": "vehicle.ford.mustang",
         "actor_id": 461,
         "actor_location": {
            "x": 62.044212341308594,
            "y": 302.55419921875,
            "z": 0.2381524294614792
         },
         "actor_rotation": {
            "roll": 0.5073270797729492,
            "pitch": 0.33435139060020447,
            "yaw": -179.99949645996094
         },
         "actor_bbox_ext": {
            "x": 2.3399999141693115,
            "y": 0.9399999976158142,
            "z": 0.6499999761581421
         }
      },
      {
         "actor_type": "vehicle.chevrolet.impala",
         "actor_id": 462,
         "actor_location": {
            "x": 193.75022888183594,
            "y": 119.29116821289062,
            "z": 0.17303630709648132
         },
         "actor_rotation": {
            "roll": 0.0006446409388445318,
            "pitch": -0.004815283231437206,
            "yaw": -90.00350189208984
         },
         "actor_bbox_ext": {
            "x": 2.684596538543701,
            "y": 1.026368260383606,
            "z": 0.7075497508049011
         }
      },
      {
         "actor_type": "vehicle.mini.cooperst",
         "actor_id": 463,
         "actor_location": {
            "x": 189.9318084716797,
            "y": 222.34237670898438,
            "z": 0.2958715856075287
         },
         "actor_rotation": {
            "roll": 0.016429636627435684,
            "pitch": -0.00012294339830987155,
            "yaw": 89.98625946044922
         },
         "actor_bbox_ext": {
            "x": 1.9010963439941406,
            "y": 0.9870172142982483,
            "z": 0.7375003099441528
         }
      },
      {
         "actor_type": "vehicle.volkswagen.t2",
         "actor_id": 464,
         "actor_location": {
            "x": 34.140174865722656,
            "y": 105.3934555053711,
            "z": 0.20764915645122528
         },
         "actor_rotation": {
            "roll": -0.004791259299963713,
            "pitch": 0.058138567954301834,
            "yaw": -179.92752075195312
         },
         "actor_bbox_ext": {
            "x": 2.2595229148864746,
            "y": 1.0383671522140503,
            "z": 1.0132241249084473
         }
      },
      {
         "actor_type": "vehicle.chevrolet.impala",
         "actor_id": 465,
         "actor_location": {
            "x": 103.94319915771484,
            "y": 306.6496276855469,
            "z": 0.1726982146501541
         },
         "actor_rotation": {
            "roll": 0.00019228832388762385,
            "pitch": -0.007752264384180307,