{
   "cam_type": "sensor.camera.rgb",
   "cam_id": 391,
   "cam_location": {
      "x": 387.553466796875,
      "y": -7.829789161682129,
      "z": 3.0440144538879395
   },
   "cam_rotation": {
      "roll": 0.6595802903175354,
      "pitch": 0.0566837377846241,
      "yaw": 119.41366577148438
   },
   "img_name": "747.png",
   "img_width": 640,
   "img_height": 680,
   "img_fov": 100,
   "debug_info": [
      {
         "actor_type": "vehicle.audi.etron",
         "actor_id": 334,
         "actor_location": {
            "x": 361.06365966796875,
            "y": -172.0804901123047,
            "z": 0.1476605236530304
         },
         "actor_rotation": {
            "roll": -9.155272709904239e-05,
            "pitch": -0.0046376981772482395,
            "yaw": -179.73623657226562
         },
         "actor_bbox_ext": {
            "x": 2.4270286560058594,
            "y": 1.0045700073242188,
            "z": 0.8343994617462158
         }
      },
      {
         "actor_type": "vehicle.bmw.grandtourer",
         "actor_id": 335,
         "actor_location": {
            "x": 368.905029296875,
            "y": 4.693442344665527,
            "z": 0.08070499449968338
         },
         "actor_rotation": {
            "roll": -1.11517333984375,
            "pitch": 0.3347475528717041,
            "yaw": 140.64476013183594
         },
         "actor_bbox_ext": {
            "x": 2.3195438385009766,
            "y": 1.129660964012146,
            "z": 0.8390889763832092
         }
      },
      {
         "actor_type": "vehicle.bmw.grandtourer",
         "actor_id": 336,
         "actor_location": {
            "x": -5.738805294036865,
            "y": -46.31624221801758,
            "z": 0.07475345581769943
         },
         "actor_rotation": {
            "roll": -0.007598877884447575,
            "pitch": -0.02346169762313366,
            "yaw": 89.71602630615234
         },
         "actor_bbox_ext": {
            "x": 2.3195438385009766,
            "y": 1.129660964012146,
            "z": 0.8390889763832092
         }
      },
      {
         "actor_type": "vehicle.chevrolet.impala",
         "actor_id": 337,
         "actor_location": {
            "x": -9.250062942504883,
            "y": -47.40650177001953,
            "z": -0.047065503895282745
         },
         "actor_rotation": {
            "roll": 0.09223902225494385,
            "pitch": -0.029383473098278046,
            "yaw": 89.05691528320312
         },
         "actor_bbox_ext": {
            "x": 2.684596538543701,
            "y": 1.026368260383606,
            "z": 0.7075497508049011
         }
      },
      {
         "actor_type": "vehicle.dodge_charger.police",
         "actor_id": 338,
         "actor_location": {
            "x": -12.79930305480957,
            "y": -60.27411651611328,
            "z": -0.01805313117802143
         },
         "actor_rotation": {
            "roll": 0.02327093482017517,
            "pitch": 0.1033066064119339,
            "yaw": 90.05264282226562
         },
         "actor_bbox_ext": {
            "x": 2.4965829849243164,
            "y": 1.0679636001586914,
            "z": 0.7898477911949158
         }
      },
      {
         "actor_type": "vehicle.harley-davidson.low rider",
         "actor_id": 339,
         "actor_location": {
            "x": -102.37977600097656,
            "y": -163.7563934326172,
            "z": -0.02816322259604931
         },
         "actor_rotation": {
            "roll": 0.9397443532943726,
            "pitch": -0.0033877736423164606,
            "yaw": 140.3435516357422
         },
         "actor_bbox_ext": {
            "x": 1.175087809562683,
            "y": 0.3831165134906769,
            "z": 0.7318695783615112
         }
      },
      {
         "actor_type": "vehicle.kawasaki.ninja",
         "actor_id": 340,
         "actor_location": {
            "x": -6.090925693511963,
            "y": -135.8212432861328,
            "z": 0.0036151122767478228
         },
         "actor_rotation": {
            "roll": -0.24209599196910858,
            "pitch": 0.2392478585243225,
            "yaw": 89.87609100341797
         },
         "actor_bbox_ext": {
            "x": 1.021842122077942,
            "y": 0.3984561562538147,
            "z": 0.687301516532898
         }
      },
      {
         "actor_type": "vehicle.yamaha.yzf",
         "actor_id": 341,
         "actor_location": {
            "x": 37.00962829589844,
            "y": -334.88934326171875,
            "z": -0.07081691920757294
         },
         "actor_rotation": {
            "roll": 2.3542680740356445,
            "pitch": -3.6788625717163086,
            "yaw": 107.57697296142578
         },
         "actor_bbox_ext": {
            "x": 1.0953842401504517,
            "y": 0.3831165134906769,
            "z": 0.8172529339790344
         }
      },
      {
         "actor_type": "vehicle.toyota.prius",
         "actor_id": 342,
         "actor_location": {
            "x": -13.094775199890137,
            "y": -132.88067626953125,
            "z": 0.037925947457551956
         },
         "actor_rotation": {
            "roll": 0.021172134205698967,
            "pitch": -0.15380902588367462,
            "yaw": 89.58789825439453
         },
         "actor_bbox_ext": {
            "x": 2.2691667079925537,
            "y": 1.0005652904510498,
            "z": 0.7686808109283447
         }
      },
      {
         "actor_type": "vehicle.yamaha.yzf",
         "actor_id": 343,
         "actor_location": {
            "x": 34.68912887573242,
            "y": -346.72235107421875,
            "z": -0.06602025777101517
         },
         "actor_rotation": {
            "roll": -8.364542007446289,
            "pitch": -4.170745372772217,
            "yaw": -179.16441345214844
         },
         "actor_bbox_ext": {
            "x": 1.0953842401504517,
            "y": 0.3831165134906769,
            "z": 0.8172529339790344
         }
      },
      {
         "actor_type": "vehicle.toyota.prius",
         "actor_id": 344,
         "actor_location": {
            "x": 384.37835693359375,
            "y": -57.46338653564453,
            "z": 0.038798943161964417
         },
         "actor_rotation": {
            "roll": 0.02347763441503048,
            "pitch": -0.23358562588691711,
            "yaw": 90.28158569335938
         },
         "actor_bbox_ext": {
            "x": 2.2691667079925537,
            "y": 1.0005652904510498,
            "z": 0.7686808109283447
         }
      },
      {
         "actor_type": "vehicle.mini.cooperst",
         "actor_id": 345,
         "actor_location": {
            "x": 387.947021484375,
            "y": -64.18952941894531,
            "z": 0.04177066683769226
         },
         "actor_rotation": {
            "roll": 0.02260984666645527,
            "pitch": 0.15907509624958038,
            "yaw": 90.5593032836914
         },
         "actor_bbox_ext": {
            "x": 1.9010963439941406,
            "y": 0.9870172142982483,
            "z": 0.7375003099441528
         }
      },
      {
         "actor_type": "vehicle.lincoln.mkz2017",
         "actor_id": 346,
         "actor_location": {
            "x": 391.4410705566406,
            "y": -63.88669204711914,
            "z": -0.00787363015115261
         },
         "actor_rotation": {
            "roll": 0.017597708851099014,
            "pitch": -0.23489701747894287,
            "yaw": 90.49739837646484
         },
         "actor_bbox_ext": {
            "x": 2.4543750286102295,
            "y": 1.056093692779541,
            "z": 0.7615917921066284
         }
      },
      {
         "actor_type": "vehicle.chevrolet.impala",
         "actor_id": 347,
         "actor_location": {
            "x": 379.9582214355469,
            "y": -2.2746388912200928,
            "z": -0.04319316893815994
         },
         "actor_rotation": {
            "roll": -0.9208678007125854,
            "pitch": 0.055071812123060226,