{
   "cam_type": "sensor.camera.rgb",
   "cam_id": 503,
   "cam_location": {
      "x": 190.0452117919922,
      "y": 176.8041534423828,
      "z": 2.0572638511657715
   },
   "cam_rotation": {
      "roll": 0.02261999063193798,
      "pitch": 0.027109019458293915,
      "yaw": 97.9972152709961
   },
   "img_name": "765.png",
   "img_width": 640,
   "img_height": 680,
   "img_fov": 100,
   "debug_info": [
      {
         "actor_type": "vehicle.jeep.wrangler_rubicon",
         "actor_id": 452,
         "actor_location": {
            "x": 35.4588737487793,
            "y": 192.10633850097656,
            "z": 0.2598666250705719
         },
         "actor_rotation": {
            "roll": 0.028522437438368797,
            "pitch": 0.027088528499007225,
            "yaw": 7.587586879730225
         },
         "actor_bbox_ext": {
            "x": 1.9340534210205078,
            "y": 0.953285276889801,
            "z": 0.9399999976158142
         }
      },
      {
         "actor_type": "vehicle.harley-davidson.low rider",
         "actor_id": 453,
         "actor_location": {
            "x": 45.91495132446289,
            "y": 244.7818145751953,
            "z": 0.2235337644815445
         },
         "actor_rotation": {
            "roll": 0.014945737086236477,
            "pitch": -0.23190540075302124,
            "yaw": -89.80978393554688
         },
         "actor_bbox_ext": {
            "x": 1.175087809562683,
            "y": 0.3831165134906769,
            "z": 0.7318695783615112
         }
      },
      {
         "actor_type": "vehicle.nissan.micra",
         "actor_id": 454,
         "actor_location": {
            "x": -3.3288378715515137,
            "y": 196.4365997314453,
            "z": 0.24114829301834106
         },
         "actor_rotation": {
            "roll": 0.017733946442604065,
            "pitch": -0.21276721358299255,
            "yaw": -89.8079833984375
         },
         "actor_bbox_ext": {
            "x": 1.8344237804412842,
            "y": 0.9280761480331421,
            "z": 0.7616068720817566
         }
      },
      {
         "actor_type": "vehicle.bmw.grandtourer",
         "actor_id": 455,
         "actor_location": {
            "x": 45.8984260559082,
            "y": 272.63629150390625,
            "z": 0.2931658923625946
         },
         "actor_rotation": {
            "roll": 2.441264086883166e-06,
            "pitch": 0.11939170211553574,
            "yaw": -89.9930419921875
         },
         "actor_bbox_ext": {
            "x": 2.3195438385009766,
            "y": 1.129660964012146,
            "z": 0.8390889763832092
         }
      },
      {
         "actor_type": "vehicle.bmw.isetta",
         "actor_id": 456,
         "actor_location": {
            "x": 114.19027709960938,
            "y": 109.55178833007812,
            "z": 0.22259797155857086
         },
         "actor_rotation": {
            "roll": 7.716172694927081e-05,
            "pitch": 0.3387773633003235,
            "yaw": 0.00621649669483304
         },
         "actor_bbox_ext": {
            "x": 1.1012483835220337,
            "y": 0.7426624298095703,
            "z": 0.6732476949691772
         }
      },
      {
         "actor_type": "vehicle.mercedes-benz.coupe",
         "actor_id": 457,
         "actor_location": {
            "x": -7.466959476470947,
            "y": 240.8380584716797,
            "z": 0.34933891892433167
         },
         "actor_rotation": {
            "roll": -0.011566165834665298,
            "pitch": 0.4090941548347473,
            "yaw": 89.99491882324219
         },
         "actor_bbox_ext": {
            "x": 2.521892547607422,
            "y": 1.0814987421035767,
            "z": 0.820067286491394
         }
      },
      {
         "actor_type": "vehicle.bh.crossbike",
         "actor_id": 458,
         "actor_location": {
            "x": 143.45870971679688,
            "y": 236.72946166992188,
            "z": 0.2529161274433136
         },
         "actor_rotation": {
            "roll": 0.09492120891809464,
            "pitch": -0.012089434079825878,
            "yaw": -179.56546020507812
         },
         "actor_bbox_ext": {
            "x": 0.7546613812446594,
            "y": 0.4329703152179718,
            "z": 0.7653154730796814
         }
      },
      {
         "actor_type": "vehicle.tesla.model3",
         "actor_id": 459,
         "actor_location": {
            "x": 64.40784454345703,
            "y": 302.5559997558594,
            "z": 0.22087840735912323
         },
         "actor_rotation": {
            "roll": 0.6402347087860107,
            "pitch": 0.872700035572052,
            "yaw": 179.9993896484375
         },
         "actor_bbox_ext": {
            "x": 2.452350616455078,
            "y": 1.0303291082382202,
            "z": 0.7391985058784485
         }
      },
      {
         "actor_type": "vehicle.audi.a2",
         "actor_id": 460,
         "actor_location": {
            "x": 193.80810546875,
            "y": 206.3195037841797,
            "z": 0.21000602841377258
         },
         "actor_rotation": {
            "roll": -0.0633850023150444,
            "pitch": 0.027498340234160423,
            "yaw": -90.33097839355469
         },
         "actor_bbox_ext": {
            "x": 1.8593107461929321,
            "y": 0.8962239623069763,
            "z": 0.7677467465400696
         }
      },
      {
         "actor_type": "vehicle.ford.mustang",
         "actor_id": 461,
         "actor_location": {
            "x": 51.730873107910156,
            "y": 302.58465576171875,
            "z": 0.2483411282300949
         },
         "actor_rotation": {
            "roll": 0.01919832080602646,
            "pitch": -0.08346490561962128,
            "yaw": 179.61349487304688
         },
         "actor_bbox_ext": {
            "x": 2.3399999141693115,
            "y": 0.9399999976158142,
            "z": 0.6499999761581421
         }
      },
      {
         "actor_type": "vehicle.chevrolet.impala",
         "actor_id": 462,
         "actor_location": {
            "x": 189.18917846679688,
            "y": 108.48428344726562,
            "z": 0.17231521010398865
         },
         "actor_rotation": {
            "roll": 0.5003355741500854,
            "pitch": 0.03425339609384537,
            "yaw": -135.27801513671875
         },
         "actor_bbox_ext": {
            "x": 2.684596538543701,
            "y": 1.026368260383606,
            "z": 0.7075497508049011
         }
      },
      {
         "actor_type": "vehicle.mini.cooperst",
         "actor_id": 463,
         "actor_location": {
            "x": 188.96026611328125,
            "y": 232.67481994628906,
            "z": 0.29565703868865967
         },
         "actor_rotation": {
            "roll": 0.6721207499504089,
            "pitch": 0.0656859278678894,
            "yaw": 105.0820541381836
         },
         "actor_bbox_ext": {
            "x": 1.9010963439941406,
            "y": 0.9870172142982483,
            "z": 0.7375003099441528
         }
      },
      {
         "actor_type": "vehicle.volkswagen.t2",
         "actor_id": 464,
         "actor_location": {
            "x": 9.049750328063965,
            "y": 105.39291381835938,
            "z": 0.2083459496498108
         },
         "actor_rotation": {
            "roll": -0.00024414055224042386,
            "pitch": 0.026897283270955086,
            "yaw": -179.9985809326172
         },
         "actor_bbox_ext": {
            "x": 2.2595229148864746,
            "y": 1.0383671522140503,
            "z": 1.0132241249084473
         }
      },
      {
         "actor_type": "vehicle.chevrolet.impala",
         "actor_id": 465,
         "actor_location": {
            "x": 140.13796997070312,
            "y": 306.6496276855469,
            "z": 0.17136603593826294
         },
         "actor_rotation": {
            "roll": -0.00021362301777116954,
            "pitch": 0.11664596199989319,