{
   "cam_type": "sensor.camera.rgb",
   "cam_id": 391,
   "cam_location": {
      "x": 366.4921875,
      "y": 15.375835418701172,
      "z": 3.117316246032715
   },
   "cam_rotation": {
      "roll": 0.1933901160955429,
      "pitch": 0.634381115436554,
      "yaw": 156.4932403564453
   },
   "img_name": "771.png",
   "img_width": 640,
   "img_height": 680,
   "img_fov": 100,
   "debug_info": [
      {
         "actor_type": "vehicle.audi.etron",
         "actor_id": 334,
         "actor_location": {
            "x": 361.06365966796875,
            "y": -172.0804901123047,
            "z": 0.14761607348918915
         },
         "actor_rotation": {
            "roll": 0.0,
            "pitch": 0.0,
            "yaw": -179.73623657226562
         },
         "actor_bbox_ext": {
            "x": 2.4270286560058594,
            "y": 1.0045700073242188,
            "z": 0.8343994617462158
         }
      },
      {
         "actor_type": "vehicle.bmw.grandtourer",
         "actor_id": 335,
         "actor_location": {
            "x": 337.1829528808594,
            "y": 14.067513465881348,
            "z": 0.5630908608436584
         },
         "actor_rotation": {
            "roll": -0.4402770698070526,
            "pitch": 1.6166783571243286,
            "yaw": -177.4888458251953
         },
         "actor_bbox_ext": {
            "x": 2.3195438385009766,
            "y": 1.129660964012146,
            "z": 0.8390889763832092
         }
      },
      {
         "actor_type": "vehicle.bmw.grandtourer",
         "actor_id": 336,
         "actor_location": {
            "x": -5.536604404449463,
            "y": 6.541050910949707,
            "z": 0.07505092769861221
         },
         "actor_rotation": {
            "roll": -0.007690432481467724,
            "pitch": -0.050297509878873825,
            "yaw": 89.85640716552734
         },
         "actor_bbox_ext": {
            "x": 2.3195438385009766,
            "y": 1.129660964012146,
            "z": 0.8390889763832092
         }
      },
      {
         "actor_type": "vehicle.chevrolet.impala",
         "actor_id": 337,
         "actor_location": {
            "x": -9.019017219543457,
            "y": 6.040983200073242,
            "z": -0.047696225345134735
         },
         "actor_rotation": {
            "roll": -0.0630187839269638,
            "pitch": 0.02846139669418335,
            "yaw": 90.0088882446289
         },
         "actor_bbox_ext": {
            "x": 2.684596538543701,
            "y": 1.026368260383606,
            "z": 0.7075497508049011
         }
      },
      {
         "actor_type": "vehicle.dodge_charger.police",
         "actor_id": 338,
         "actor_location": {
            "x": -12.595640182495117,
            "y": -7.185560703277588,
            "z": -0.018477821722626686
         },
         "actor_rotation": {
            "roll": -0.01684570498764515,
            "pitch": 0.1416444480419159,
            "yaw": 89.73094940185547
         },
         "actor_bbox_ext": {
            "x": 2.4965829849243164,
            "y": 1.0679636001586914,
            "z": 0.7898477911949158
         }
      },
      {
         "actor_type": "vehicle.harley-davidson.low rider",
         "actor_id": 339,
         "actor_location": {
            "x": -124.5783462524414,
            "y": -146.83924865722656,
            "z": -0.035456810146570206
         },
         "actor_rotation": {
            "roll": 0.6474712491035461,
            "pitch": -0.8517791628837585,
            "yaw": 144.99566650390625
         },
         "actor_bbox_ext": {
            "x": 1.175087809562683,
            "y": 0.3831165134906769,
            "z": 0.7318695783615112
         }
      },
      {
         "actor_type": "vehicle.kawasaki.ninja",
         "actor_id": 340,
         "actor_location": {
            "x": -5.888329982757568,
            "y": -83.34156799316406,
            "z": -0.0016374778933823109
         },
         "actor_rotation": {
            "roll": -0.0516662560403347,
            "pitch": -0.4354245364665985,
            "yaw": 89.68547821044922
         },
         "actor_bbox_ext": {
            "x": 1.021842122077942,
            "y": 0.3984561562538147,
            "z": 0.687301516532898
         }
      },
      {
         "actor_type": "vehicle.yamaha.yzf",
         "actor_id": 341,
         "actor_location": {
            "x": 27.859664916992188,
            "y": -327.7653503417969,
            "z": -0.03742724657058716
         },
         "actor_rotation": {
            "roll": 19.810224533081055,
            "pitch": -0.2659607231616974,
            "yaw": -165.34274291992188
         },
         "actor_bbox_ext": {
            "x": 1.0953842401504517,
            "y": 0.3831165134906769,
            "z": 0.8172529339790344
         }
      },
      {
         "actor_type": "vehicle.toyota.prius",
         "actor_id": 342,
         "actor_location": {
            "x": -12.879379272460938,
            "y": -81.3389892578125,
            "z": 0.03476589173078537
         },
         "actor_rotation": {
            "roll": 0.006594839971512556,
            "pitch": 0.1389123797416687,
            "yaw": 89.62446594238281
         },
         "actor_bbox_ext": {
            "x": 2.2691667079925537,
            "y": 1.0005652904510498,
            "z": 0.7686808109283447
         }
      },
      {
         "actor_type": "vehicle.yamaha.yzf",
         "actor_id": 343,
         "actor_location": {
            "x": 27.840694427490234,
            "y": -335.6197204589844,
            "z": -0.046282801777124405
         },
         "actor_rotation": {
            "roll": -14.497119903564453,
            "pitch": -0.6235347390174866,
            "yaw": 84.75283813476562
         },
         "actor_bbox_ext": {
            "x": 1.0953842401504517,
            "y": 0.3831165134906769,
            "z": 0.8172529339790344
         }
      },
      {
         "actor_type": "vehicle.toyota.prius",
         "actor_id": 344,
         "actor_location": {
            "x": 382.4065856933594,
            "y": -15.34343147277832,
            "z": 0.03754974156618118
         },
         "actor_rotation": {
            "roll": -0.7690734267234802,
            "pitch": -0.12295705825090408,
            "yaw": 109.0350341796875
         },
         "actor_bbox_ext": {
            "x": 2.2691667079925537,
            "y": 1.0005652904510498,
            "z": 0.7686808109283447
         }
      },
      {
         "actor_type": "vehicle.mini.cooperst",
         "actor_id": 345,
         "actor_location": {
            "x": 386.4835205078125,
            "y": -15.377033233642578,
            "z": 0.03804132342338562
         },
         "actor_rotation": {
            "roll": 1.461061954498291,
            "pitch": 0.8900623917579651,
            "yaw": 107.46624755859375
         },
         "actor_bbox_ext": {
            "x": 1.9010963439941406,
            "y": 0.9870172142982483,
            "z": 0.7375003099441528
         }
      },
      {
         "actor_type": "vehicle.lincoln.mkz2017",
         "actor_id": 346,
         "actor_location": {
            "x": 389.5601501464844,
            "y": -14.694689750671387,
            "z": -0.015481051988899708
         },
         "actor_rotation": {
            "roll": 1.75316321849823,
            "pitch": 0.6044648885726929,
            "yaw": 108.01329803466797
         },
         "actor_bbox_ext": {
            "x": 2.4543750286102295,
            "y": 1.056093692779541,
            "z": 0.7615917921066284
         }
      },
      {
         "actor_type": "vehicle.chevrolet.impala",
         "actor_id": 347,
         "actor_location": {
            "x": 353.04498291015625,
            "y": 16.395469665527344,
            "z": 0.19994261860847473
         },
         "actor_rotation": {
            "roll": -1.1574705839157104,
            "pitch": 0.7609513401985168,
            "yaw": 166.55340576171875
         },