{
   "cam_type": "sensor.camera.rgb",
   "cam_id": 503,
   "cam_location": {
      "x": 181.31915283203125,
      "y": 187.28753662109375,
      "z": 2.054089307785034
   },
   "cam_rotation": {
      "roll": 0.014818753115832806,
      "pitch": 0.01823660358786583,
      "yaw": 177.93231201171875
   },
   "img_name": "792.png",
   "img_width": 640,
   "img_height": 680,
   "img_fov": 100,
   "debug_info": [
      {
         "actor_type": "vehicle.jeep.wrangler_rubicon",
         "actor_id": 452,
         "actor_location": {
            "x": 41.709075927734375,
            "y": 204.6135711669922,
            "z": 0.2561049163341522
         },
         "actor_rotation": {
            "roll": 0.0283651240170002,
            "pitch": 0.019930491223931313,
            "yaw": 87.21299743652344
         },
         "actor_bbox_ext": {
            "x": 1.9340534210205078,
            "y": 0.953285276889801,
            "z": 0.9399999976158142
         }
      },
      {
         "actor_type": "vehicle.harley-davidson.low rider",
         "actor_id": 453,
         "actor_location": {
            "x": 45.96402359008789,
            "y": 230.39999389648438,
            "z": 0.223616823554039
         },
         "actor_rotation": {
            "roll": 0.01248895563185215,
            "pitch": -0.2155812531709671,
            "yaw": -89.806396484375
         },
         "actor_bbox_ext": {
            "x": 1.175087809562683,
            "y": 0.3831165134906769,
            "z": 0.7318695783615112
         }
      },
      {
         "actor_type": "vehicle.nissan.micra",
         "actor_id": 454,
         "actor_location": {
            "x": -3.2759594917297363,
            "y": 179.49002075195312,
            "z": 0.24090880155563354
         },
         "actor_rotation": {
            "roll": 0.016957717016339302,
            "pitch": -0.19601276516914368,
            "yaw": -89.8036117553711
         },
         "actor_bbox_ext": {
            "x": 1.8344237804412842,
            "y": 0.9280761480331421,
            "z": 0.7616068720817566
         }
      },
      {
         "actor_type": "vehicle.bmw.grandtourer",
         "actor_id": 455,
         "actor_location": {
            "x": 45.89949035644531,
            "y": 257.5162353515625,
            "z": 0.3122001886367798
         },
         "actor_rotation": {
            "roll": 0.0320490337908268,
            "pitch": 0.5626845955848694,
            "yaw": -90.02571105957031
         },
         "actor_bbox_ext": {
            "x": 2.3195438385009766,
            "y": 1.129660964012146,
            "z": 0.8390889763832092
         }
      },
      {
         "actor_type": "vehicle.bmw.isetta",
         "actor_id": 456,
         "actor_location": {
            "x": 128.7045440673828,
            "y": 109.55158996582031,
            "z": 0.22260311245918274
         },
         "actor_rotation": {
            "roll": -0.00015258787607308477,
            "pitch": 0.33739084005355835,
            "yaw": 0.008428412489593029
         },
         "actor_bbox_ext": {
            "x": 1.1012483835220337,
            "y": 0.7426624298095703,
            "z": 0.6732476949691772
         }
      },
      {
         "actor_type": "vehicle.mercedes-benz.coupe",
         "actor_id": 457,
         "actor_location": {
            "x": -7.466954708099365,
            "y": 255.73472595214844,
            "z": 0.34932005405426025
         },
         "actor_rotation": {
            "roll": -0.01171877235174179,
            "pitch": 0.4114232659339905,
            "yaw": 89.99309539794922
         },
         "actor_bbox_ext": {
            "x": 2.521892547607422,
            "y": 1.0814987421035767,
            "z": 0.820067286491394
         }
      },
      {
         "actor_type": "vehicle.bh.crossbike",
         "actor_id": 458,
         "actor_location": {
            "x": 131.55557250976562,
            "y": 236.6614990234375,
            "z": 0.252853125333786
         },
         "actor_rotation": {
            "roll": 0.016747789457440376,
            "pitch": -0.009678377769887447,
            "yaw": -179.7354736328125
         },
         "actor_bbox_ext": {
            "x": 0.7546613812446594,
            "y": 0.4329703152179718,
            "z": 0.7653154730796814
         }
      },
      {
         "actor_type": "vehicle.tesla.model3",
         "actor_id": 459,
         "actor_location": {
            "x": 49.91349411010742,
            "y": 301.72320556640625,
            "z": 0.25147730112075806
         },
         "actor_rotation": {
            "roll": -1.8098143339157104,
            "pitch": 0.042149096727371216,
            "yaw": -168.39178466796875
         },
         "actor_bbox_ext": {
            "x": 2.452350616455078,
            "y": 1.0303291082382202,
            "z": 0.7391985058784485
         }
      },
      {
         "actor_type": "vehicle.audi.a2",
         "actor_id": 460,
         "actor_location": {
            "x": 193.80810546875,
            "y": 206.3195037841797,
            "z": 0.2099558562040329
         },
         "actor_rotation": {
            "roll": -0.0633850023150444,
            "pitch": 0.027498340234160423,
            "yaw": -90.33097839355469
         },
         "actor_bbox_ext": {
            "x": 1.8593107461929321,
            "y": 0.8962239623069763,
            "z": 0.7677467465400696
         }
      },
      {
         "actor_type": "vehicle.ford.mustang",
         "actor_id": 461,
         "actor_location": {
            "x": 36.5335693359375,
            "y": 302.69488525390625,
            "z": 0.24800345301628113
         },
         "actor_rotation": {
            "roll": 0.01743869110941887,
            "pitch": -0.04461479187011719,
            "yaw": 179.56204223632812
         },
         "actor_bbox_ext": {
            "x": 2.3399999141693115,
            "y": 0.9399999976158142,
            "z": 0.6499999761581421
         }
      },
      {
         "actor_type": "vehicle.chevrolet.impala",
         "actor_id": 462,
         "actor_location": {
            "x": 175.47885131835938,
            "y": 105.46122741699219,
            "z": 0.17245028913021088
         },
         "actor_rotation": {
            "roll": 0.07143016159534454,
            "pitch": 0.01583920791745186,
            "yaw": -178.19522094726562
         },
         "actor_bbox_ext": {
            "x": 2.684596538543701,
            "y": 1.026368260383606,
            "z": 0.7075497508049011
         }
      },
      {
         "actor_type": "vehicle.mini.cooperst",
         "actor_id": 463,
         "actor_location": {
            "x": 174.79380798339844,
            "y": 236.71075439453125,
            "z": 0.2867737114429474
         },
         "actor_rotation": {
            "roll": 0.5943204760551453,
            "pitch": -0.16409528255462646,
            "yaw": 178.86790466308594
         },
         "actor_bbox_ext": {
            "x": 1.9010963439941406,
            "y": 0.9870172142982483,
            "z": 0.7375003099441528
         }
      },
      {
         "actor_type": "vehicle.volkswagen.t2",
         "actor_id": 464,
         "actor_location": {
            "x": -6.487584114074707,
            "y": 113.7122802734375,
            "z": 0.2092721164226532
         },
         "actor_rotation": {
            "roll": 1.0426441431045532,
            "pitch": -0.08379275351762772,
            "yaw": 106.95381164550781
         },
         "actor_bbox_ext": {
            "x": 2.2595229148864746,
            "y": 1.0383671522140503,
            "z": 1.0132241249084473
         }
      },
      {
         "actor_type": "vehicle.chevrolet.impala",
         "actor_id": 465,
         "actor_location": {
            "x": 170.1400146484375,
            "y": 306.649658203125,
            "z": 0.17428992688655853
         },
         "actor_rotation": {
            "roll": 0.0005124958697706461,
            "pitch": -0.13562022149562836,