{
   "cam_type": "sensor.camera.rgb",
   "cam_id": 391,
   "cam_location": {
      "x": 334.1000671386719,
      "y": 21.22901725769043,
      "z": 3.6261701583862305
   },
   "cam_rotation": {
      "roll": -0.0854186937212944,
      "pitch": 1.122295618057251,
      "yaw": -179.82244873046875
   },
   "img_name": "794.png",
   "img_width": 640,
   "img_height": 680,
   "img_fov": 100,
   "debug_info": [
      {
         "actor_type": "vehicle.audi.etron",
         "actor_id": 334,
         "actor_location": {
            "x": 361.06365966796875,
            "y": -172.0804901123047,
            "z": 0.14761607348918915
         },
         "actor_rotation": {
            "roll": 0.0,
            "pitch": 0.0,
            "yaw": -179.73623657226562
         },
         "actor_bbox_ext": {
            "x": 2.4270286560058594,
            "y": 1.0045700073242188,
            "z": 0.8343994617462158
         }
      },
      {
         "actor_type": "vehicle.bmw.grandtourer",
         "actor_id": 335,
         "actor_location": {
            "x": 295.9132080078125,
            "y": 13.354344367980957,
            "z": 1.8262004852294922
         },
         "actor_rotation": {
            "roll": 0.01636389084160328,
            "pitch": 2.661649465560913,
            "yaw": -179.02145385742188
         },
         "actor_bbox_ext": {
            "x": 2.3195438385009766,
            "y": 1.129660964012146,
            "z": 0.8390889763832092
         }
      },
      {
         "actor_type": "vehicle.bmw.grandtourer",
         "actor_id": 336,
         "actor_location": {
            "x": -5.294826984405518,
            "y": 57.653480529785156,
            "z": 0.07334686070680618
         },
         "actor_rotation": {
            "roll": 0.009251021780073643,
            "pitch": 0.10319048911333084,
            "yaw": 89.65509796142578
         },
         "actor_bbox_ext": {
            "x": 2.3195438385009766,
            "y": 1.129660964012146,
            "z": 0.8390889763832092
         }
      },
      {
         "actor_type": "vehicle.chevrolet.impala",
         "actor_id": 337,
         "actor_location": {
            "x": -8.790656089782715,
            "y": 57.25014114379883,
            "z": -0.04811805486679077
         },
         "actor_rotation": {
            "roll": -0.0514831505715847,
            "pitch": 0.06795354932546616,
            "yaw": 90.08412170410156
         },
         "actor_bbox_ext": {
            "x": 2.684596538543701,
            "y": 1.026368260383606,
            "z": 0.7075497508049011
         }
      },
      {
         "actor_type": "vehicle.dodge_charger.police",
         "actor_id": 338,
         "actor_location": {
            "x": -12.362627983093262,
            "y": 44.05347442626953,
            "z": -0.018670672550797462
         },
         "actor_rotation": {
            "roll": -0.005218504462391138,
            "pitch": 0.15928682684898376,
            "yaw": 89.65621948242188
         },
         "actor_bbox_ext": {
            "x": 2.4965829849243164,
            "y": 1.0679636001586914,
            "z": 0.7898477911949158
         }
      },
      {
         "actor_type": "vehicle.harley-davidson.low rider",
         "actor_id": 339,
         "actor_location": {
            "x": -150.89012145996094,
            "y": -130.1843719482422,
            "z": -0.023432254791259766
         },
         "actor_rotation": {
            "roll": 0.08510638028383255,
            "pitch": 0.6571734547615051,
            "yaw": 149.98297119140625
         },
         "actor_bbox_ext": {
            "x": 1.175087809562683,
            "y": 0.3831165134906769,
            "z": 0.7318695783615112
         }
      },
      {
         "actor_type": "vehicle.kawasaki.ninja",
         "actor_id": 340,
         "actor_location": {
            "x": -5.689206600189209,
            "y": -32.73759841918945,
            "z": 0.001668376848101616
         },
         "actor_rotation": {
            "roll": 0.2344682216644287,
            "pitch": 0.013537433929741383,
            "yaw": 89.92613220214844
         },
         "actor_bbox_ext": {
            "x": 1.021842122077942,
            "y": 0.3984561562538147,
            "z": 0.687301516532898
         }
      },
      {
         "actor_type": "vehicle.yamaha.yzf",
         "actor_id": 341,
         "actor_location": {
            "x": 20.59339141845703,
            "y": -318.36578369140625,
            "z": -0.0463135652244091
         },
         "actor_rotation": {
            "roll": -17.854045867919922,
            "pitch": -2.176910877227783,
            "yaw": 61.61508560180664
         },
         "actor_bbox_ext": {
            "x": 1.0953842401504517,
            "y": 0.3831165134906769,
            "z": 0.8172529339790344
         }
      },
      {
         "actor_type": "vehicle.toyota.prius",
         "actor_id": 342,
         "actor_location": {
            "x": -12.679669380187988,
            "y": -30.807878494262695,
            "z": 0.0365106575191021
         },
         "actor_rotation": {
            "roll": -0.006744385696947575,
            "pitch": -0.022191284224390984,
            "yaw": 89.8051528930664
         },
         "actor_bbox_ext": {
            "x": 2.2691667079925537,
            "y": 1.0005652904510498,
            "z": 0.7686808109283447
         }
      },
      {
         "actor_type": "vehicle.yamaha.yzf",
         "actor_id": 343,
         "actor_location": {
            "x": 22.896820068359375,
            "y": -333.6320495605469,
            "z": -0.047842271625995636
         },
         "actor_rotation": {
            "roll": -6.321843147277832,
            "pitch": -0.03515498340129852,
            "yaw": 165.82826232910156
         },
         "actor_bbox_ext": {
            "x": 1.0953842401504517,
            "y": 0.3831165134906769,
            "z": 0.8172529339790344
         }
      },
      {
         "actor_type": "vehicle.toyota.prius",
         "actor_id": 344,
         "actor_location": {
            "x": 362.0343017578125,
            "y": 9.232954978942871,
            "z": 0.1344749480485916
         },
         "actor_rotation": {
            "roll": -0.6286925673484802,
            "pitch": 1.4043892621994019,
            "yaw": 150.88018798828125
         },
         "actor_bbox_ext": {
            "x": 2.2691667079925537,
            "y": 1.0005652904510498,
            "z": 0.7686808109283447
         }
      },
      {
         "actor_type": "vehicle.mini.cooperst",
         "actor_id": 345,
         "actor_location": {
            "x": 367.67230224609375,
            "y": 9.94306755065918,
            "z": 0.07108069956302643
         },
         "actor_rotation": {
            "roll": 0.6599396467208862,
            "pitch": 0.5293806195259094,
            "yaw": 145.84872436523438
         },
         "actor_bbox_ext": {
            "x": 1.9010963439941406,
            "y": 0.9870172142982483,
            "z": 0.7375003099441528
         }
      },
      {
         "actor_type": "vehicle.lincoln.mkz2017",
         "actor_id": 346,
         "actor_location": {
            "x": 371.85894775390625,
            "y": 11.279045104980469,
            "z": 0.00213903421536088
         },
         "actor_rotation": {
            "roll": 1.246124029159546,
            "pitch": 0.04145241528749466,
            "yaw": 143.62713623046875
         },
         "actor_bbox_ext": {
            "x": 2.4543750286102295,
            "y": 1.056093692779541,
            "z": 0.7615917921066284
         }
      },
      {
         "actor_type": "vehicle.chevrolet.impala",
         "actor_id": 347,
         "actor_location": {
            "x": 320.42034912109375,
            "y": 17.27937889099121,
            "z": 0.8627541065216064
         },
         "actor_rotation": {
            "roll": -0.00927734188735485,
            "pitch": 1.8050072193145752,
            "yaw": -178.85952758789062
         },