{
   "cam_type": "sensor.camera.rgb",
   "cam_id": 391,
   "cam_location": {
      "x": 289.9222412109375,
      "y": 20.570146560668945,
      "z": 5.054637908935547
   },
   "cam_rotation": {
      "roll": 0.0198530163615942,
      "pitch": 2.398571014404297,
      "yaw": -178.96551513671875
   },
   "img_name": "816.png",
   "img_width": 640,
   "img_height": 680,
   "img_fov": 100,
   "debug_info": [
      {
         "actor_type": "vehicle.audi.etron",
         "actor_id": 334,
         "actor_location": {
            "x": 361.06365966796875,
            "y": -172.0804901123047,
            "z": 0.14761607348918915
         },
         "actor_rotation": {
            "roll": 0.0,
            "pitch": 0.0,
            "yaw": -179.73623657226562
         },
         "actor_bbox_ext": {
            "x": 2.4270286560058594,
            "y": 1.0045700073242188,
            "z": 0.8343994617462158
         }
      },
      {
         "actor_type": "vehicle.bmw.grandtourer",
         "actor_id": 335,
         "actor_location": {
            "x": 248.8734588623047,
            "y": 12.555391311645508,
            "z": 4.2085371017456055
         },
         "actor_rotation": {
            "roll": 0.011162474751472473,
            "pitch": 3.655421495437622,
            "yaw": -179.11314392089844
         },
         "actor_bbox_ext": {
            "x": 2.3195438385009766,
            "y": 1.129660964012146,
            "z": 0.8390889763832092
         }
      },
      {
         "actor_type": "vehicle.bmw.grandtourer",
         "actor_id": 336,
         "actor_location": {
            "x": -5.048186302185059,
            "y": 106.37960815429688,
            "z": 0.07473690062761307
         },
         "actor_rotation": {
            "roll": 0.004595384933054447,
            "pitch": -0.022157132625579834,
            "yaw": 89.67117309570312
         },
         "actor_bbox_ext": {
            "x": 2.3195438385009766,
            "y": 1.129660964012146,
            "z": 0.8390889763832092
         }
      },
      {
         "actor_type": "vehicle.chevrolet.impala",
         "actor_id": 337,
         "actor_location": {
            "x": -8.5482759475708,
            "y": 106.22218322753906,
            "z": -0.04815662279725075
         },
         "actor_rotation": {
            "roll": -0.02139282412827015,
            "pitch": 0.07186724990606308,
            "yaw": 89.91632843017578
         },
         "actor_bbox_ext": {
            "x": 2.684596538543701,
            "y": 1.026368260383606,
            "z": 0.7075497508049011
         }
      },
      {
         "actor_type": "vehicle.dodge_charger.police",
         "actor_id": 338,
         "actor_location": {
            "x": -12.11696720123291,
            "y": 92.63563537597656,
            "z": -0.01833820343017578
         },
         "actor_rotation": {
            "roll": -0.0011901834513992071,
            "pitch": 0.12901543080806732,
            "yaw": 89.67832946777344
         },
         "actor_bbox_ext": {
            "x": 2.4965829849243164,
            "y": 1.0679636001586914,
            "z": 0.7898477911949158
         }
      },
      {
         "actor_type": "vehicle.harley-davidson.low rider",
         "actor_id": 339,
         "actor_location": {
            "x": -174.73887634277344,
            "y": -116.85630798339844,
            "z": -0.035908833146095276
         },
         "actor_rotation": {
            "roll": 1.325587511062622,
            "pitch": -0.9031627178192139,
            "yaw": 153.3070831298828
         },
         "actor_bbox_ext": {
            "x": 1.175087809562683,
            "y": 0.3831165134906769,
            "z": 0.7318695783615112
         }
      },
      {
         "actor_type": "vehicle.kawasaki.ninja",
         "actor_id": 340,
         "actor_location": {
            "x": -5.501901626586914,
            "y": 15.189220428466797,
            "z": -0.00482521066442132
         },
         "actor_rotation": {
            "roll": -0.052947960793972015,
            "pitch": -0.8479884266853333,
            "yaw": 89.78653717041016
         },
         "actor_bbox_ext": {
            "x": 1.021842122077942,
            "y": 0.3984561562538147,
            "z": 0.687301516532898
         }
      },
      {
         "actor_type": "vehicle.yamaha.yzf",
         "actor_id": 341,
         "actor_location": {
            "x": 16.756986618041992,
            "y": -308.86859130859375,
            "z": -0.05978187546133995
         },
         "actor_rotation": {
            "roll": -3.8047802448272705,
            "pitch": -2.2437102794647217,
            "yaw": 83.84007263183594
         },
         "actor_bbox_ext": {
            "x": 1.0953842401504517,
            "y": 0.3831165134906769,
            "z": 0.8172529339790344
         }
      },
      {
         "actor_type": "vehicle.toyota.prius",
         "actor_id": 342,
         "actor_location": {
            "x": -12.491358757019043,
            "y": 17.871728897094727,
            "z": 0.0357380285859108
         },
         "actor_rotation": {
            "roll": -0.004730224143713713,
            "pitch": 0.04897245392203331,
            "yaw": 89.82795715332031
         },
         "actor_bbox_ext": {
            "x": 2.2691667079925537,
            "y": 1.0005652904510498,
            "z": 0.7686808109283447
         }
      },
      {
         "actor_type": "vehicle.yamaha.yzf",
         "actor_id": 343,
         "actor_location": {
            "x": 22.89832878112793,
            "y": -333.6199645996094,
            "z": -0.04625511169433594
         },
         "actor_rotation": {
            "roll": -5.837193012237549,
            "pitch": -0.03275075554847717,
            "yaw": 166.2786407470703
         },
         "actor_bbox_ext": {
            "x": 1.0953842401504517,
            "y": 0.3831165134906769,
            "z": 0.8172529339790344
         }
      },
      {
         "actor_type": "vehicle.toyota.prius",
         "actor_id": 344,
         "actor_location": {
            "x": 333.75238037109375,
            "y": 13.997645378112793,
            "z": 0.6059403419494629
         },
         "actor_rotation": {
            "roll": -0.01281738094985485,
            "pitch": 1.3972722291946411,
            "yaw": -179.1008758544922
         },
         "actor_bbox_ext": {
            "x": 2.2691667079925537,
            "y": 1.0005652904510498,
            "z": 0.7686808109283447
         }
      },
      {
         "actor_type": "vehicle.mini.cooperst",
         "actor_id": 345,
         "actor_location": {
            "x": 340.504638671875,
            "y": 17.63007926940918,
            "z": 0.4661104381084442
         },
         "actor_rotation": {
            "roll": 0.37582483887672424,
            "pitch": 1.0848320722579956,
            "yaw": -179.20176696777344
         },
         "actor_bbox_ext": {
            "x": 1.9010963439941406,
            "y": 0.9870172142982483,
            "z": 0.7375003099441528
         }
      },
      {
         "actor_type": "vehicle.lincoln.mkz2017",
         "actor_id": 346,
         "actor_location": {
            "x": 346.2321472167969,
            "y": 20.989370346069336,
            "z": 0.33026808500289917
         },
         "actor_rotation": {
            "roll": 0.8113643527030945,
            "pitch": 0.5683810114860535,
            "yaw": 174.89752197265625
         },
         "actor_bbox_ext": {
            "x": 2.4543750286102295,
            "y": 1.056093692779541,
            "z": 0.7615917921066284
         }
      },
      {
         "actor_type": "vehicle.chevrolet.impala",
         "actor_id": 347,
         "actor_location": {
            "x": 280.8653259277344,
            "y": 16.60519027709961,
            "z": 2.3577733039855957
         },
         "actor_rotation": {
            "roll": -0.001434326171875,
            "pitch": 2.7380588054656982,
            "yaw": -178.99537658691406
         },