{
   "cam_type": "sensor.camera.rgb",
   "cam_id": 503,
   "cam_location": {
      "x": 166.51084899902344,
      "y": 187.55218505859375,
      "z": 2.0258967876434326
   },
   "cam_rotation": {
      "roll": -0.004791259299963713,
      "pitch": 0.005689547397196293,
      "yaw": -179.9894561767578
   },
   "img_name": "820.png",
   "img_width": 640,
   "img_height": 680,
   "img_fov": 100,
   "debug_info": [
      {
         "actor_type": "vehicle.jeep.wrangler_rubicon",
         "actor_id": 452,
         "actor_location": {
            "x": 41.77374267578125,
            "y": 219.37283325195312,
            "z": 0.22644251585006714
         },
         "actor_rotation": {
            "roll": -0.0047607421875,
            "pitch": 0.005532452836632729,
            "yaw": 90.00393676757812
         },
         "actor_bbox_ext": {
            "x": 1.9340534210205078,
            "y": 0.953285276889801,
            "z": 0.9399999976158142
         }
      },
      {
         "actor_type": "vehicle.harley-davidson.low rider",
         "actor_id": 453,
         "actor_location": {
            "x": 45.99694061279297,
            "y": 215.46031188964844,
            "z": 0.18951371312141418
         },
         "actor_rotation": {
            "roll": -0.1785583645105362,
            "pitch": -0.20611460506916046,
            "yaw": -89.94149780273438
         },
         "actor_bbox_ext": {
            "x": 1.175087809562683,
            "y": 0.3831165134906769,
            "z": 0.7318695783615112
         }
      },
      {
         "actor_type": "vehicle.nissan.micra",
         "actor_id": 454,
         "actor_location": {
            "x": -3.290877103805542,
            "y": 164.4665069580078,
            "z": 0.20699763298034668
         },
         "actor_rotation": {
            "roll": -0.002655040705576539,
            "pitch": -0.16964823007583618,
            "yaw": -89.97734832763672
         },
         "actor_bbox_ext": {
            "x": 1.8344237804412842,
            "y": 0.9280761480331421,
            "z": 0.7616068720817566
         }
      },
      {
         "actor_type": "vehicle.bmw.grandtourer",
         "actor_id": 455,
         "actor_location": {
            "x": 48.96953582763672,
            "y": 243.67330932617188,
            "z": 0.3285524547100067
         },
         "actor_rotation": {
            "roll": -1.0814515352249146,
            "pitch": -0.11282788962125778,
            "yaw": -41.46601867675781
         },
         "actor_bbox_ext": {
            "x": 2.3195438385009766,
            "y": 1.129660964012146,
            "z": 0.8390889763832092
         }
      },
      {
         "actor_type": "vehicle.bmw.isetta",
         "actor_id": 456,
         "actor_location": {
            "x": 143.4376678466797,
            "y": 109.55179595947266,
            "z": 0.22260096669197083
         },
         "actor_rotation": {
            "roll": 0.00012146391236456111,
            "pitch": 0.33797138929367065,
            "yaw": 0.009299096651375294
         },
         "actor_bbox_ext": {
            "x": 1.1012483835220337,
            "y": 0.7426624298095703,
            "z": 0.6732476949691772
         }
      },
      {
         "actor_type": "vehicle.mercedes-benz.coupe",
         "actor_id": 457,
         "actor_location": {
            "x": -7.4669623374938965,
            "y": 270.822509765625,
            "z": 0.34936046600341797
         },
         "actor_rotation": {
            "roll": -0.011535665020346642,
            "pitch": 0.40642356872558594,
            "yaw": 89.99608612060547
         },
         "actor_bbox_ext": {
            "x": 2.521892547607422,
            "y": 1.0814987421035767,
            "z": 0.820067286491394
         }
      },
      {
         "actor_type": "vehicle.bh.crossbike",
         "actor_id": 458,
         "actor_location": {
            "x": 119.384765625,
            "y": 236.76019287109375,
            "z": 0.2529115676879883
         },
         "actor_rotation": {
            "roll": -0.6625975966453552,
            "pitch": 0.00786837749183178,
            "yaw": 176.29977416992188
         },
         "actor_bbox_ext": {
            "x": 0.7546613812446594,
            "y": 0.4329703152179718,
            "z": 0.7653154730796814
         }
      },
      {
         "actor_type": "vehicle.tesla.model3",
         "actor_id": 459,
         "actor_location": {
            "x": 45.91086196899414,
            "y": 284.7064514160156,
            "z": 0.22585155069828033
         },
         "actor_rotation": {
            "roll": 0.16522979736328125,
            "pitch": -0.19988547265529633,
            "yaw": -90.53083038330078
         },
         "actor_bbox_ext": {
            "x": 2.452350616455078,
            "y": 1.0303291082382202,
            "z": 0.7391985058784485
         }
      },
      {
         "actor_type": "vehicle.audi.a2",
         "actor_id": 460,
         "actor_location": {
            "x": 193.80810546875,
            "y": 206.3195037841797,
            "z": 0.20998691022396088
         },
         "actor_rotation": {
            "roll": -0.0633850023150444,
            "pitch": 0.027498340234160423,
            "yaw": -90.33097839355469
         },
         "actor_bbox_ext": {
            "x": 1.8593107461929321,
            "y": 0.8962239623069763,
            "z": 0.7677467465400696
         }
      },
      {
         "actor_type": "vehicle.ford.mustang",
         "actor_id": 461,
         "actor_location": {
            "x": 21.38606071472168,
            "y": 302.70452880859375,
            "z": 0.2114856243133545
         },
         "actor_rotation": {
            "roll": -0.02618408203125,
            "pitch": 0.14492978155612946,
            "yaw": -179.9888916015625
         },
         "actor_bbox_ext": {
            "x": 2.3399999141693115,
            "y": 0.9399999976158142,
            "z": 0.6499999761581421
         }
      },
      {
         "actor_type": "vehicle.chevrolet.impala",
         "actor_id": 462,
         "actor_location": {
            "x": 152.89569091796875,
            "y": 105.40434265136719,
            "z": 0.172129824757576
         },
         "actor_rotation": {
            "roll": 0.00023919418163131922,
            "pitch": 0.045243170112371445,
            "yaw": -179.99949645996094
         },
         "actor_bbox_ext": {
            "x": 2.684596538543701,
            "y": 1.026368260383606,
            "z": 0.7075497508049011
         }
      },
      {
         "actor_type": "vehicle.mini.cooperst",
         "actor_id": 463,
         "actor_location": {
            "x": 159.740966796875,
            "y": 236.7406005859375,
            "z": 0.26313865184783936
         },
         "actor_rotation": {
            "roll": 0.00013790573575533926,
            "pitch": -0.11297815293073654,
            "yaw": 179.99586486816406
         },
         "actor_bbox_ext": {
            "x": 1.9010963439941406,
            "y": 0.9870172142982483,
            "z": 0.7375003099441528
         }
      },
      {
         "actor_type": "vehicle.volkswagen.t2",
         "actor_id": 464,
         "actor_location": {
            "x": -7.560873031616211,
            "y": 131.94602966308594,
            "z": 0.20800632238388062
         },
         "actor_rotation": {
            "roll": 0.007756270468235016,
            "pitch": 0.023967131972312927,
            "yaw": 90.05474853515625
         },
         "actor_bbox_ext": {
            "x": 2.2595229148864746,
            "y": 1.0383671522140503,
            "z": 1.0132241249084473
         }
      },
      {
         "actor_type": "vehicle.chevrolet.impala",
         "actor_id": 465,
         "actor_location": {
            "x": 186.03175354003906,
            "y": 305.49859619140625,
            "z": 0.1729782521724701
         },
         "actor_rotation": {
            "roll": 0.566470742225647,
            "pitch": -0.03116615116596222,