{
   "cam_type": "sensor.camera.rgb",
   "cam_id": 391,
   "cam_location": {
      "x": 238.79139709472656,
      "y": 19.689050674438477,
      "z": 7.786240100860596
   },
   "cam_rotation": {
      "roll": 0.006483979057520628,
      "pitch": 3.4284679889678955,
      "yaw": -178.95326232910156
   },
   "img_name": "839.png",
   "img_width": 640,
   "img_height": 680,
   "img_fov": 100,
   "debug_info": [
      {
         "actor_type": "vehicle.audi.etron",
         "actor_id": 334,
         "actor_location": {
            "x": 361.06365966796875,
            "y": -172.0804901123047,
            "z": 0.14761607348918915
         },
         "actor_rotation": {
            "roll": 0.0,
            "pitch": 0.0,
            "yaw": -179.73623657226562
         },
         "actor_bbox_ext": {
            "x": 2.4270286560058594,
            "y": 1.0045700073242188,
            "z": 0.8343994617462158
         }
      },
      {
         "actor_type": "vehicle.bmw.grandtourer",
         "actor_id": 335,
         "actor_location": {
            "x": 198.24366760253906,
            "y": 11.69456958770752,
            "z": 7.229769229888916
         },
         "actor_rotation": {
            "roll": -0.0017700204625725746,
            "pitch": 3.276045322418213,
            "yaw": -179.0612335205078
         },
         "actor_bbox_ext": {
            "x": 2.3195438385009766,
            "y": 1.129660964012146,
            "z": 0.8390889763832092
         }
      },
      {
         "actor_type": "vehicle.bmw.grandtourer",
         "actor_id": 336,
         "actor_location": {
            "x": -4.790037155151367,
            "y": 157.37071228027344,
            "z": 0.07331142574548721
         },
         "actor_rotation": {
            "roll": -0.003845219500362873,
            "pitch": 0.10625724494457245,
            "yaw": 89.71996307373047
         },
         "actor_bbox_ext": {
            "x": 2.3195438385009766,
            "y": 1.129660964012146,
            "z": 0.8390889763832092
         }
      },
      {
         "actor_type": "vehicle.chevrolet.impala",
         "actor_id": 337,
         "actor_location": {
            "x": -8.294234275817871,
            "y": 157.40298461914062,
            "z": -0.047384146600961685
         },
         "actor_rotation": {
            "roll": 0.016249913722276688,
            "pitch": -0.00015709434228483588,
            "yaw": 89.66432189941406
         },
         "actor_bbox_ext": {
            "x": 2.684596538543701,
            "y": 1.026368260383606,
            "z": 0.7075497508049011
         }
      },
      {
         "actor_type": "vehicle.dodge_charger.police",
         "actor_id": 338,
         "actor_location": {
            "x": -11.858095169067383,
            "y": 143.8580322265625,
            "z": -0.01915033347904682
         },
         "actor_rotation": {
            "roll": 0.002467981306836009,
            "pitch": 0.2027541548013687,
            "yaw": 89.71703338623047
         },
         "actor_bbox_ext": {
            "x": 2.4965829849243164,
            "y": 1.0679636001586914,
            "z": 0.7898477911949158
         }
      },
      {
         "actor_type": "vehicle.harley-davidson.low rider",
         "actor_id": 339,
         "actor_location": {
            "x": -201.89405822753906,
            "y": -104.88375854492188,
            "z": -0.03318456560373306
         },
         "actor_rotation": {
            "roll": 0.6720491051673889,
            "pitch": -0.551817774772644,
            "yaw": 159.31283569335938
         },
         "actor_bbox_ext": {
            "x": 1.175087809562683,
            "y": 0.3831165134906769,
            "z": 0.7318695783615112
         }
      },
      {
         "actor_type": "vehicle.kawasaki.ninja",
         "actor_id": 340,
         "actor_location": {
            "x": -5.252623558044434,
            "y": 65.904296875,
            "z": -0.00385673507116735
         },
         "actor_rotation": {
            "roll": 0.03774687647819519,
            "pitch": -0.7036187052726746,
            "yaw": 89.71253204345703
         },
         "actor_bbox_ext": {
            "x": 1.021842122077942,
            "y": 0.3984561562538147,
            "z": 0.687301516532898
         }
      },
      {
         "actor_type": "vehicle.yamaha.yzf",
         "actor_id": 341,
         "actor_location": {
            "x": 9.858323097229004,
            "y": -299.5835876464844,
            "z": -0.03477925807237625
         },
         "actor_rotation": {
            "roll": 22.021318435668945,
            "pitch": -0.7859498262405396,
            "yaw": -170.47276306152344
         },
         "actor_bbox_ext": {
            "x": 1.0953842401504517,
            "y": 0.3831165134906769,
            "z": 0.8172529339790344
         }
      },
      {
         "actor_type": "vehicle.toyota.prius",
         "actor_id": 342,
         "actor_location": {
            "x": -12.239276885986328,
            "y": 68.89334106445312,
            "z": 0.036317747086286545
         },
         "actor_rotation": {
            "roll": -0.0006103516207076609,
            "pitch": -0.004364490509033203,
            "yaw": 89.76182556152344
         },
         "actor_bbox_ext": {
            "x": 2.2691667079925537,
            "y": 1.0005652904510498,
            "z": 0.7686808109283447
         }
      },
      {
         "actor_type": "vehicle.yamaha.yzf",
         "actor_id": 343,
         "actor_location": {
            "x": 22.899860382080078,
            "y": -333.6070556640625,
            "z": -0.044322602450847626
         },
         "actor_rotation": {
            "roll": -5.26889181137085,
            "pitch": -0.03116615116596222,
            "yaw": 166.73854064941406
         },
         "actor_bbox_ext": {
            "x": 1.0953842401504517,
            "y": 0.3831165134906769,
            "z": 0.8172529339790344
         }
      },
      {
         "actor_type": "vehicle.toyota.prius",
         "actor_id": 344,
         "actor_location": {
            "x": 301.04345703125,
            "y": 13.446980476379395,
            "z": 1.5916848182678223
         },
         "actor_rotation": {
            "roll": -0.00030517642153427005,
            "pitch": 2.3692080974578857,
            "yaw": -179.0199432373047
         },
         "actor_bbox_ext": {
            "x": 2.2691667079925537,
            "y": 1.0005652904510498,
            "z": 0.7686808109283447
         }
      },
      {
         "actor_type": "vehicle.mini.cooperst",
         "actor_id": 345,
         "actor_location": {
            "x": 307.6234436035156,
            "y": 17.060272216796875,
            "z": 1.3616740703582764
         },
         "actor_rotation": {
            "roll": 7.598803495056927e-05,
            "pitch": 1.6241984367370605,
            "yaw": -179.01797485351562
         },
         "actor_bbox_ext": {
            "x": 1.9010963439941406,
            "y": 0.9870172142982483,
            "z": 0.7375003099441528
         }
      },
      {
         "actor_type": "vehicle.lincoln.mkz2017",
         "actor_id": 346,
         "actor_location": {
            "x": 312.1507873535156,
            "y": 20.638357162475586,
            "z": 1.1539599895477295
         },
         "actor_rotation": {
            "roll": -0.0036315894685685635,
            "pitch": 1.829479694366455,
            "yaw": -179.05511474609375
         },
         "actor_bbox_ext": {
            "x": 2.4543750286102295,
            "y": 1.056093692779541,
            "z": 0.7615917921066284
         }
      },
      {
         "actor_type": "vehicle.chevrolet.impala",
         "actor_id": 347,
         "actor_location": {
            "x": 231.81044006347656,
            "y": 15.767745971679688,
            "z": 5.113064289093018
         },
         "actor_rotation": {
            "roll": 0.0006193104200065136,
            "pitch": 3.4385218620300293,