{
   "cam_type": "sensor.camera.rgb",
   "cam_id": 503,
   "cam_location": {
      "x": 157.0337677001953,
      "y": 187.54417419433594,
      "z": 2.0225203037261963
   },
   "cam_rotation": {
      "roll": -0.004913329612463713,
      "pitch": 0.03418509662151337,
      "yaw": 179.93067932128906
   },
   "img_name": "848.png",
   "img_width": 640,
   "img_height": 680,
   "img_fov": 100,
   "debug_info": [
      {
         "actor_type": "vehicle.jeep.wrangler_rubicon",
         "actor_id": 452,
         "actor_location": {
            "x": 41.77335739135742,
            "y": 222.3211669921875,
            "z": 0.2258712649345398
         },
         "actor_rotation": {
            "roll": -0.004852294456213713,
            "pitch": 0.02301773615181446,
            "yaw": 89.93819427490234
         },
         "actor_bbox_ext": {
            "x": 1.9340534210205078,
            "y": 0.953285276889801,
            "z": 0.9399999976158142
         }
      },
      {
         "actor_type": "vehicle.harley-davidson.low rider",
         "actor_id": 453,
         "actor_location": {
            "x": 45.99789047241211,
            "y": 207.84872436523438,
            "z": 0.20402373373508453
         },
         "actor_rotation": {
            "roll": -0.0035094462800771,
            "pitch": 0.8167676329612732,
            "yaw": -90.05549621582031
         },
         "actor_bbox_ext": {
            "x": 1.175087809562683,
            "y": 0.3831165134906769,
            "z": 0.7318695783615112
         }
      },
      {
         "actor_type": "vehicle.nissan.micra",
         "actor_id": 454,
         "actor_location": {
            "x": -3.2891743183135986,
            "y": 148.50242614746094,
            "z": 0.20736461877822876
         },
         "actor_rotation": {
            "roll": -6.104517524363473e-05,
            "pitch": -0.19833502173423767,
            "yaw": -89.9788818359375
         },
         "actor_bbox_ext": {
            "x": 1.8344237804412842,
            "y": 0.9280761480331421,
            "z": 0.7616068720817566
         }
      },
      {
         "actor_type": "vehicle.bmw.grandtourer",
         "actor_id": 455,
         "actor_location": {
            "x": 67.85692596435547,
            "y": 241.0558319091797,
            "z": 0.2968572676181793
         },
         "actor_rotation": {
            "roll": -0.020904541015625,
            "pitch": -0.2861234247684479,
            "yaw": -0.061309814453125
         },
         "actor_bbox_ext": {
            "x": 2.3195438385009766,
            "y": 1.129660964012146,
            "z": 0.8390889763832092
         }
      },
      {
         "actor_type": "vehicle.bmw.isetta",
         "actor_id": 456,
         "actor_location": {
            "x": 158.99595642089844,
            "y": 109.55155181884766,
            "z": 0.22260411083698273
         },
         "actor_rotation": {
            "roll": -0.00012207027612021193,
            "pitch": 0.3371107876300812,
            "yaw": 0.010132783092558384
         },
         "actor_bbox_ext": {
            "x": 1.1012483835220337,
            "y": 0.7426624298095703,
            "z": 0.6732476949691772
         }
      },
      {
         "actor_type": "vehicle.mercedes-benz.coupe",
         "actor_id": 457,
         "actor_location": {
            "x": -7.4671525955200195,
            "y": 286.4751892089844,
            "z": 0.3498012125492096
         },
         "actor_rotation": {
            "roll": -0.011535655707120895,
            "pitch": 0.39940211176872253,
            "yaw": 90.00131225585938
         },
         "actor_bbox_ext": {
            "x": 2.521892547607422,
            "y": 1.0814987421035767,
            "z": 0.820067286491394
         }
      },
      {
         "actor_type": "vehicle.bh.crossbike",
         "actor_id": 458,
         "actor_location": {
            "x": 106.3971176147461,
            "y": 236.8701934814453,
            "z": 0.218943253159523
         },
         "actor_rotation": {
            "roll": -0.01055908016860485,
            "pitch": -0.18584944307804108,
            "yaw": 179.79965209960938
         },
         "actor_bbox_ext": {
            "x": 0.7546613812446594,
            "y": 0.4329703152179718,
            "z": 0.7653154730796814
         }
      },
      {
         "actor_type": "vehicle.tesla.model3",
         "actor_id": 459,
         "actor_location": {
            "x": 45.89865493774414,
            "y": 267.70855712890625,
            "z": 0.21773460507392883
         },
         "actor_rotation": {
            "roll": 9.90112530416809e-05,
            "pitch": 0.11364751309156418,
            "yaw": -90.00091552734375
         },
         "actor_bbox_ext": {
            "x": 2.452350616455078,
            "y": 1.0303291082382202,
            "z": 0.7391985058784485
         }
      },
      {
         "actor_type": "vehicle.audi.a2",
         "actor_id": 460,
         "actor_location": {
            "x": 193.80810546875,
            "y": 206.3195037841797,
            "z": 0.2099670022726059
         },
         "actor_rotation": {
            "roll": -0.0633850023150444,
            "pitch": 0.027498340234160423,
            "yaw": -90.33097839355469
         },
         "actor_bbox_ext": {
            "x": 1.8593107461929321,
            "y": 0.8962239623069763,
            "z": 0.7677467465400696
         }
      },
      {
         "actor_type": "vehicle.ford.mustang",
         "actor_id": 461,
         "actor_location": {
            "x": 5.440975189208984,
            "y": 302.70941162109375,
            "z": 0.21303923428058624
         },
         "actor_rotation": {
            "roll": 0.09977426379919052,
            "pitch": 0.11962392926216125,
            "yaw": 179.63848876953125
         },
         "actor_bbox_ext": {
            "x": 2.3399999141693115,
            "y": 0.9399999976158142,
            "z": 0.6499999761581421
         }
      },
      {
         "actor_type": "vehicle.chevrolet.impala",
         "actor_id": 462,
         "actor_location": {
            "x": 112.32852935791016,
            "y": 105.4042739868164,
            "z": 0.1706286519765854
         },
         "actor_rotation": {
            "roll": -0.00036621090839616954,
            "pitch": 0.18515275418758392,
            "yaw": -179.99851989746094
         },
         "actor_bbox_ext": {
            "x": 2.684596538543701,
            "y": 1.026368260383606,
            "z": 0.7075497508049011
         }
      },
      {
         "actor_type": "vehicle.mini.cooperst",
         "actor_id": 463,
         "actor_location": {
            "x": 152.19866943359375,
            "y": 236.7406463623047,
            "z": 0.2881584167480469
         },
         "actor_rotation": {
            "roll": 0.38612979650497437,
            "pitch": 0.3819236755371094,
            "yaw": 179.8285369873047
         },
         "actor_bbox_ext": {
            "x": 1.9010963439941406,
            "y": 0.9870172142982483,
            "z": 0.7375003099441528
         }
      },
      {
         "actor_type": "vehicle.volkswagen.t2",
         "actor_id": 464,
         "actor_location": {
            "x": -7.562891006469727,
            "y": 151.9571533203125,
            "z": 0.2080504149198532
         },
         "actor_rotation": {
            "roll": -0.0006103523191995919,
            "pitch": 0.019964640960097313,
            "yaw": 90.00235748291016
         },
         "actor_bbox_ext": {
            "x": 2.2595229148864746,
            "y": 1.0383671522140503,
            "z": 1.0132241249084473
         }
      },
      {
         "actor_type": "vehicle.chevrolet.impala",
         "actor_id": 465,
         "actor_location": {
            "x": 193.72874450683594,
            "y": 290.7924499511719,
            "z": 0.17257308959960938
         },
         "actor_rotation": {
            "roll": 0.27070534229278564,
            "pitch": 0.005703207571059465,