{
   "cam_type": "sensor.camera.rgb",
   "cam_id": 391,
   "cam_location": {
      "x": 190.58387756347656,
      "y": 18.855403900146484,
      "z": 10.617069244384766
   },
   "cam_rotation": {
      "roll": -0.01287841610610485,
      "pitch": 2.867593288421631,
      "yaw": -179.1024627685547
   },
   "img_name": "861.png",
   "img_width": 640,
   "img_height": 680,
   "img_fov": 100,
   "debug_info": [
      {
         "actor_type": "vehicle.audi.etron",
         "actor_id": 334,
         "actor_location": {
            "x": 361.06365966796875,
            "y": -172.0804901123047,
            "z": 0.14761607348918915
         },
         "actor_rotation": {
            "roll": 0.0,
            "pitch": 0.0,
            "yaw": -179.73623657226562
         },
         "actor_bbox_ext": {
            "x": 2.4270286560058594,
            "y": 1.0045700073242188,
            "z": 0.8343994617462158
         }
      },
      {
         "actor_type": "vehicle.bmw.grandtourer",
         "actor_id": 335,
         "actor_location": {
            "x": 149.93467712402344,
            "y": 10.869779586791992,
            "z": 9.444437980651855
         },
         "actor_rotation": {
            "roll": -0.004699706565588713,
            "pitch": 2.1329314708709717,
            "yaw": -179.01223754882812
         },
         "actor_bbox_ext": {
            "x": 2.3195438385009766,
            "y": 1.129660964012146,
            "z": 0.8390889763832092
         }
      },
      {
         "actor_type": "vehicle.bmw.grandtourer",
         "actor_id": 336,
         "actor_location": {
            "x": -4.544100284576416,
            "y": 206.14385986328125,
            "z": 0.07473953068256378
         },
         "actor_rotation": {
            "roll": -0.0022888188250362873,
            "pitch": -0.022430339828133583,
            "yaw": 89.71934509277344
         },
         "actor_bbox_ext": {
            "x": 2.3195438385009766,
            "y": 1.129660964012146,
            "z": 0.8390889763832092
         }
      },
      {
         "actor_type": "vehicle.chevrolet.impala",
         "actor_id": 337,
         "actor_location": {
            "x": -8.044838905334473,
            "y": 206.40380859375,
            "z": -0.047647133469581604
         },
         "actor_rotation": {
            "roll": 0.016585206612944603,
            "pitch": 0.024356452748179436,
            "yaw": 89.62451171875
         },
         "actor_bbox_ext": {
            "x": 2.684596538543701,
            "y": 1.026368260383606,
            "z": 0.7075497508049011
         }
      },
      {
         "actor_type": "vehicle.dodge_charger.police",
         "actor_id": 338,
         "actor_location": {
            "x": -11.613039016723633,
            "y": 192.52442932128906,
            "z": -0.017719192430377007
         },
         "actor_rotation": {
            "roll": 0.00224208808504045,
            "pitch": 0.07286445051431656,
            "yaw": 89.72393035888672
         },
         "actor_bbox_ext": {
            "x": 2.4965829849243164,
            "y": 1.0679636001586914,
            "z": 0.7898477911949158
         }
      },
      {
         "actor_type": "vehicle.harley-davidson.low rider",
         "actor_id": 339,
         "actor_location": {
            "x": -230.59642028808594,
            "y": -95.73551177978516,
            "z": -0.02599523402750492
         },
         "actor_rotation": {
            "roll": 1.3582351207733154,
            "pitch": 0.22992464900016785,
            "yaw": 165.3727569580078
         },
         "actor_bbox_ext": {
            "x": 1.175087809562683,
            "y": 0.3831165134906769,
            "z": 0.7318695783615112
         }
      },
      {
         "actor_type": "vehicle.kawasaki.ninja",
         "actor_id": 340,
         "actor_location": {
            "x": -5.00139045715332,
            "y": 115.65328216552734,
            "z": -0.0037978743202984333
         },
         "actor_rotation": {
            "roll": 0.014009472914040089,
            "pitch": -0.7187134623527527,
            "yaw": 89.71461486816406
         },
         "actor_bbox_ext": {
            "x": 1.021842122077942,
            "y": 0.3984561562538147,
            "z": 0.687301516532898
         }
      },
      {
         "actor_type": "vehicle.yamaha.yzf",
         "actor_id": 341,
         "actor_location": {
            "x": 3.9928627014160156,
            "y": -291.7489929199219,
            "z": -0.06366580724716187
         },
         "actor_rotation": {
            "roll": -9.378185272216797,
            "pitch": -4.200006008148193,
            "yaw": 143.90736389160156
         },
         "actor_bbox_ext": {
            "x": 1.0953842401504517,
            "y": 0.3831165134906769,
            "z": 0.8172529339790344
         }
      },
      {
         "actor_type": "vehicle.toyota.prius",
         "actor_id": 342,
         "actor_location": {
            "x": -11.992729187011719,
            "y": 117.83367156982422,
            "z": 0.0362672433257103
         },
         "actor_rotation": {
            "roll": 0.004275429993867874,
            "pitch": 0.00018441509746480733,
            "yaw": 89.67715454101562
         },
         "actor_bbox_ext": {
            "x": 2.2691667079925537,
            "y": 1.0005652904510498,
            "z": 0.7686808109283447
         }
      },
      {
         "actor_type": "vehicle.yamaha.yzf",
         "actor_id": 343,
         "actor_location": {
            "x": 22.901046752929688,
            "y": -333.59478759765625,
            "z": -0.04276183992624283
         },
         "actor_rotation": {
            "roll": -4.801211833953857,
            "pitch": -0.027464188635349274,
            "yaw": 167.20864868164062
         },
         "actor_bbox_ext": {
            "x": 1.0953842401504517,
            "y": 0.3831165134906769,
            "z": 0.8172529339790344
         }
      },
      {
         "actor_type": "vehicle.toyota.prius",
         "actor_id": 344,
         "actor_location": {
            "x": 259.2015075683594,
            "y": 12.73271369934082,
            "z": 3.5642995834350586
         },
         "actor_rotation": {
            "roll": -0.00015258554776664823,
            "pitch": 3.3899593353271484,
            "yaw": -179.01963806152344
         },
         "actor_bbox_ext": {
            "x": 2.2691667079925537,
            "y": 1.0005652904510498,
            "z": 0.7686808109283447
         }
      },
      {
         "actor_type": "vehicle.mini.cooperst",
         "actor_id": 345,
         "actor_location": {
            "x": 264.01666259765625,
            "y": 16.31614112854004,
            "z": 3.3021819591522217
         },
         "actor_rotation": {
            "roll": -0.000854492885991931,
            "pitch": 2.826421022415161,
            "yaw": -179.0276641845703
         },
         "actor_bbox_ext": {
            "x": 1.9010963439941406,
            "y": 0.9870172142982483,
            "z": 0.7375003099441528
         }
      },
      {
         "actor_type": "vehicle.lincoln.mkz2017",
         "actor_id": 346,
         "actor_location": {
            "x": 270.3415222167969,
            "y": 19.92459487915039,
            "z": 2.911527395248413
         },
         "actor_rotation": {
            "roll": 0.0005509630427695811,
            "pitch": 2.841843366622925,
            "yaw": -179.02137756347656
         },
         "actor_bbox_ext": {
            "x": 2.4543750286102295,
            "y": 1.056093692779541,
            "z": 0.7615917921066284
         }
      },
      {
         "actor_type": "vehicle.chevrolet.impala",
         "actor_id": 347,
         "actor_location": {
            "x": 183.41741943359375,
            "y": 14.94189739227295,
            "z": 7.884694576263428
         },
         "actor_rotation": {
            "roll": 0.0005339501076377928,
            "pitch": 2.8814380168914795,