{
   "cam_type": "sensor.camera.rgb",
   "cam_id": 503,
   "cam_location": {
      "x": 157.0334930419922,
      "y": 187.54417419433594,
      "z": 2.0237197875976562
   },
   "cam_rotation": {
      "roll": -0.004852294456213713,
      "pitch": 0.02286064252257347,
      "yaw": 179.93067932128906
   },
   "img_name": "877.png",
   "img_width": 640,
   "img_height": 680,
   "img_fov": 100,
   "debug_info": [
      {
         "actor_type": "vehicle.jeep.wrangler_rubicon",
         "actor_id": 452,
         "actor_location": {
            "x": 41.77335739135742,
            "y": 222.3211669921875,
            "z": 0.2259107232093811
         },
         "actor_rotation": {
            "roll": -0.004852294921875,
            "pitch": 0.02286064252257347,
            "yaw": 89.93819427490234
         },
         "actor_bbox_ext": {
            "x": 1.9340534210205078,
            "y": 0.953285276889801,
            "z": 0.9399999976158142
         }
      },
      {
         "actor_type": "vehicle.harley-davidson.low rider",
         "actor_id": 453,
         "actor_location": {
            "x": 45.99612808227539,
            "y": 207.13465881347656,
            "z": 0.2023630291223526
         },
         "actor_rotation": {
            "roll": 0.7581607103347778,
            "pitch": -0.18804876506328583,
            "yaw": -90.03502655029297
         },
         "actor_bbox_ext": {
            "x": 1.175087809562683,
            "y": 0.3831165134906769,
            "z": 0.7318695783615112
         }
      },
      {
         "actor_type": "vehicle.nissan.micra",
         "actor_id": 454,
         "actor_location": {
            "x": -3.289332151412964,
            "y": 132.564453125,
            "z": 0.20697623491287231
         },
         "actor_rotation": {
            "roll": -0.0007934522000141442,
            "pitch": -0.15875408053398132,
            "yaw": -90.00330352783203
         },
         "actor_bbox_ext": {
            "x": 1.8344237804412842,
            "y": 0.9280761480331421,
            "z": 0.7616068720817566
         }
      },
      {
         "actor_type": "vehicle.bmw.grandtourer",
         "actor_id": 455,
         "actor_location": {
            "x": 83.51092529296875,
            "y": 241.0550537109375,
            "z": 0.2947399318218231
         },
         "actor_rotation": {
            "roll": 0.0010779272997751832,
            "pitch": -0.021788302809000015,
            "yaw": -0.0016174315242096782
         },
         "actor_bbox_ext": {
            "x": 2.3195438385009766,
            "y": 1.129660964012146,
            "z": 0.8390889763832092
         }
      },
      {
         "actor_type": "vehicle.bmw.isetta",
         "actor_id": 456,
         "actor_location": {
            "x": 173.6693115234375,
            "y": 109.55184936523438,
            "z": 0.22258377075195312
         },
         "actor_rotation": {
            "roll": 3.074949563597329e-05,
            "pitch": 0.3428618311882019,
            "yaw": 0.009544639848172665
         },
         "actor_bbox_ext": {
            "x": 1.1012483835220337,
            "y": 0.7426624298095703,
            "z": 0.6732476949691772
         }
      },
      {
         "actor_type": "vehicle.mercedes-benz.coupe",
         "actor_id": 457,
         "actor_location": {
            "x": -5.122920036315918,
            "y": 301.67095947265625,
            "z": 0.3486187160015106
         },
         "actor_rotation": {
            "roll": -0.5374755859375,
            "pitch": 0.43898990750312805,
            "yaw": 60.37311935424805
         },
         "actor_bbox_ext": {
            "x": 2.521892547607422,
            "y": 1.0814987421035767,
            "z": 0.820067286491394
         }
      },
      {
         "actor_type": "vehicle.bh.crossbike",
         "actor_id": 458,
         "actor_location": {
            "x": 93.38369750976562,
            "y": 236.8605194091797,
            "z": 0.21935905516147614
         },
         "actor_rotation": {
            "roll": -0.0718383640050888,
            "pitch": 0.022321056574583054,
            "yaw": 179.72616577148438
         },
         "actor_bbox_ext": {
            "x": 0.7546613812446594,
            "y": 0.4329703152179718,
            "z": 0.7653154730796814
         }
      },
      {
         "actor_type": "vehicle.tesla.model3",
         "actor_id": 459,
         "actor_location": {
            "x": 45.89703369140625,
            "y": 256.4114074707031,
            "z": 0.24330611526966095
         },
         "actor_rotation": {
            "roll": 0.6535760760307312,
            "pitch": 0.26020970940589905,
            "yaw": -90.00210571289062
         },
         "actor_bbox_ext": {
            "x": 2.452350616455078,
            "y": 1.0303291082382202,
            "z": 0.7391985058784485
         }
      },
      {
         "actor_type": "vehicle.audi.a2",
         "actor_id": 460,
         "actor_location": {
            "x": 193.80810546875,
            "y": 206.3195037841797,
            "z": 0.2100054919719696
         },
         "actor_rotation": {
            "roll": -0.0633850023150444,
            "pitch": 0.027498340234160423,
            "yaw": -90.33097839355469
         },
         "actor_bbox_ext": {
            "x": 1.8593107461929321,
            "y": 0.8962239623069763,
            "z": 0.7677467465400696
         }
      },
      {
         "actor_type": "vehicle.ford.mustang",
         "actor_id": 461,
         "actor_location": {
            "x": -3.3335683345794678,
            "y": 292.70318603515625,
            "z": 0.21546699106693268
         },
         "actor_rotation": {
            "roll": -0.39874258637428284,
            "pitch": -0.028966831043362617,
            "yaw": -94.08565521240234
         },
         "actor_bbox_ext": {
            "x": 2.3399999141693115,
            "y": 0.9399999976158142,
            "z": 0.6499999761581421
         }
      },
      {
         "actor_type": "vehicle.chevrolet.impala",
         "actor_id": 462,
         "actor_location": {
            "x": 58.268035888671875,
            "y": 105.4042739868164,
            "z": 0.1710028350353241
         },
         "actor_rotation": {
            "roll": -0.00030517575214616954,
            "pitch": 0.15009339153766632,
            "yaw": -179.998779296875
         },
         "actor_bbox_ext": {
            "x": 2.684596538543701,
            "y": 1.026368260383606,
            "z": 0.7075497508049011
         }
      },
      {
         "actor_type": "vehicle.mini.cooperst",
         "actor_id": 463,
         "actor_location": {
            "x": 152.19869995117188,
            "y": 236.7406463623047,
            "z": 0.2882482409477234
         },
         "actor_rotation": {
            "roll": 0.38584575057029724,
            "pitch": 0.3743831515312195,
            "yaw": 179.8285369873047
         },
         "actor_bbox_ext": {
            "x": 1.9010963439941406,
            "y": 0.9870172142982483,
            "z": 0.7375003099441528
         }
      },
      {
         "actor_type": "vehicle.volkswagen.t2",
         "actor_id": 464,
         "actor_location": {
            "x": -7.562590599060059,
            "y": 171.92153930664062,
            "z": 0.21595099568367004
         },
         "actor_rotation": {
            "roll": 0.008553508669137955,
            "pitch": -0.7315405607223511,
            "yaw": 90.05889129638672
         },
         "actor_bbox_ext": {
            "x": 2.2595229148864746,
            "y": 1.0383671522140503,
            "z": 1.0132241249084473
         }
      },
      {
         "actor_type": "vehicle.chevrolet.impala",
         "actor_id": 465,
         "actor_location": {
            "x": 193.81912231445312,
            "y": 274.6344909667969,
            "z": 0.17334170639514923
         },
         "actor_rotation": {
            "roll": 0.0006834295345470309,
            "pitch": -0.0678715854883194,