{
   "cam_type": "sensor.camera.rgb",
   "cam_id": 391,
   "cam_location": {
      "x": 139.7846221923828,
      "y": 18.002836227416992,
      "z": 12.76756477355957
   },
   "cam_rotation": {
      "roll": 0.01012118998914957,
      "pitch": 1.6492310762405396,
      "yaw": -178.95156860351562
   },
   "img_name": "884.png",
   "img_width": 640,
   "img_height": 680,
   "img_fov": 100,
   "debug_info": [
      {
         "actor_type": "vehicle.audi.etron",
         "actor_id": 334,
         "actor_location": {
            "x": 361.06365966796875,
            "y": -172.0804901123047,
            "z": 0.14761607348918915
         },
         "actor_rotation": {
            "roll": 0.0,
            "pitch": 0.0,
            "yaw": -179.73623657226562
         },
         "actor_bbox_ext": {
            "x": 2.4270286560058594,
            "y": 1.0045700073242188,
            "z": 0.8343994617462158
         }
      },
      {
         "actor_type": "vehicle.bmw.grandtourer",
         "actor_id": 335,
         "actor_location": {
            "x": 98.75798797607422,
            "y": 9.996441841125488,
            "z": 10.739544868469238
         },
         "actor_rotation": {
            "roll": -0.01129150204360485,
            "pitch": 0.8033394813537598,
            "yaw": -179.0775909423828
         },
         "actor_bbox_ext": {
            "x": 2.3195438385009766,
            "y": 1.129660964012146,
            "z": 0.8390889763832092
         }
      },
      {
         "actor_type": "vehicle.bmw.grandtourer",
         "actor_id": 336,
         "actor_location": {
            "x": -7.788221836090088,
            "y": 257.0755920410156,
            "z": 0.07495433837175369
         },
         "actor_rotation": {
            "roll": -0.7225646376609802,
            "pitch": -0.04421864077448845,
            "yaw": 101.70113372802734
         },
         "actor_bbox_ext": {
            "x": 2.3195438385009766,
            "y": 1.129660964012146,
            "z": 0.8390889763832092
         }
      },
      {
         "actor_type": "vehicle.chevrolet.impala",
         "actor_id": 337,
         "actor_location": {
            "x": -11.42885971069336,
            "y": 257.4201965332031,
            "z": -0.04720478132367134
         },
         "actor_rotation": {
            "roll": -0.6744384765625,
            "pitch": -0.02063400112092495,
            "yaw": 102.0899658203125
         },
         "actor_bbox_ext": {
            "x": 2.684596538543701,
            "y": 1.026368260383606,
            "z": 0.7075497508049011
         }
      },
      {
         "actor_type": "vehicle.dodge_charger.police",
         "actor_id": 338,
         "actor_location": {
            "x": -12.811318397521973,
            "y": 243.4873809814453,
            "z": -0.01794317178428173
         },
         "actor_rotation": {
            "roll": 0.39543387293815613,
            "pitch": 0.09418830275535583,
            "yaw": 97.36955261230469
         },
         "actor_bbox_ext": {
            "x": 2.4965829849243164,
            "y": 1.0679636001586914,
            "z": 0.7898477911949158
         }
      },
      {
         "actor_type": "vehicle.harley-davidson.low rider",
         "actor_id": 339,
         "actor_location": {
            "x": -257.4656066894531,
            "y": -90.1749496459961,
            "z": -0.03319753706455231
         },
         "actor_rotation": {
            "roll": 0.5056149363517761,
            "pitch": -0.5894452929496765,
            "yaw": 171.0323028564453
         },
         "actor_bbox_ext": {
            "x": 1.175087809562683,
            "y": 0.3831165134906769,
            "z": 0.7318695783615112
         }
      },
      {
         "actor_type": "vehicle.kawasaki.ninja",
         "actor_id": 340,
         "actor_location": {
            "x": -4.750645637512207,
            "y": 165.3239288330078,
            "z": -0.005093040410429239
         },
         "actor_rotation": {
            "roll": -0.0011902580736204982,
            "pitch": -0.9125952124595642,
            "yaw": 89.71286010742188
         },
         "actor_bbox_ext": {
            "x": 1.021842122077942,
            "y": 0.3984561562538147,
            "z": 0.687301516532898
         }
      },
      {
         "actor_type": "vehicle.yamaha.yzf",
         "actor_id": 341,
         "actor_location": {
            "x": 1.4354485273361206,
            "y": -281.091796875,
            "z": -0.03561164438724518
         },
         "actor_rotation": {
            "roll": -22.13139533996582,
            "pitch": -0.800108790397644,
            "yaw": 41.23207473754883
         },
         "actor_bbox_ext": {
            "x": 1.0953842401504517,
            "y": 0.3831165134906769,
            "z": 0.8172529339790344
         }
      },
      {
         "actor_type": "vehicle.toyota.prius",
         "actor_id": 342,
         "actor_location": {
            "x": -11.734219551086426,
            "y": 168.67355346679688,
            "z": 0.036322515457868576
         },
         "actor_rotation": {
            "roll": 0.001955128973349929,
            "pitch": -0.0047606416046619415,
            "yaw": 89.67554473876953
         },
         "actor_bbox_ext": {
            "x": 2.2691667079925537,
            "y": 1.0005652904510498,
            "z": 0.7686808109283447
         }
      },
      {
         "actor_type": "vehicle.yamaha.yzf",
         "actor_id": 343,
         "actor_location": {
            "x": 22.902118682861328,
            "y": -333.58148193359375,
            "z": -0.041202373802661896
         },
         "actor_rotation": {
            "roll": -4.350404739379883,
            "pitch": -0.0254766047000885,
            "yaw": 167.74795532226562
         },
         "actor_bbox_ext": {
            "x": 1.0953842401504517,
            "y": 0.3831165134906769,
            "z": 0.8172529339790344
         }
      },
      {
         "actor_type": "vehicle.toyota.prius",
         "actor_id": 344,
         "actor_location": {
            "x": 208.94566345214844,
            "y": 11.874897956848145,
            "z": 6.573215007781982
         },
         "actor_rotation": {
            "roll": 0.0001239772536791861,
            "pitch": 3.4146299362182617,
            "yaw": -179.0289764404297
         },
         "actor_bbox_ext": {
            "x": 2.2691667079925537,
            "y": 1.0005652904510498,
            "z": 0.7686808109283447
         }
      },
      {
         "actor_type": "vehicle.mini.cooperst",
         "actor_id": 345,
         "actor_location": {
            "x": 212.62548828125,
            "y": 15.438790321350098,
            "z": 6.355983734130859
         },
         "actor_rotation": {
            "roll": 0.0011831108713522553,
            "pitch": 3.3292458057403564,
            "yaw": -179.01483154296875
         },
         "actor_bbox_ext": {
            "x": 1.9010963439941406,
            "y": 0.9870172142982483,
            "z": 0.7375003099441528
         }
      },
      {
         "actor_type": "vehicle.lincoln.mkz2017",
         "actor_id": 346,
         "actor_location": {
            "x": 220.52218627929688,
            "y": 19.07405662536621,
            "z": 5.8246965408325195
         },
         "actor_rotation": {
            "roll": 0.0001945121621247381,
            "pitch": 3.4639506340026855,
            "yaw": -179.02069091796875
         },
         "actor_bbox_ext": {
            "x": 2.4543750286102295,
            "y": 1.056093692779541,
            "z": 0.7615917921066284
         }
      },
      {
         "actor_type": "vehicle.chevrolet.impala",
         "actor_id": 347,
         "actor_location": {
            "x": 132.62107849121094,
            "y": 14.074993133544922,
            "z": 9.88410472869873
         },
         "actor_rotation": {
            "roll": 0.0004579956585075706,
            "pitch": 1.6304206848144531,
            "yaw": -179.02655029296875
         },