{
   "cam_type": "sensor.camera.rgb",
   "cam_id": 503,
   "cam_location": {
      "x": 157.0334930419922,
      "y": 187.54417419433594,
      "z": 2.0236763954162598
   },
   "cam_rotation": {
      "roll": -0.004852294456213713,
      "pitch": 0.02286064252257347,
      "yaw": 179.93067932128906
   },
   "img_name": "906.png",
   "img_width": 640,
   "img_height": 680,
   "img_fov": 100,
   "debug_info": [
      {
         "actor_type": "vehicle.jeep.wrangler_rubicon",
         "actor_id": 452,
         "actor_location": {
            "x": 41.77335739135742,
            "y": 222.3211669921875,
            "z": 0.22570277750492096
         },
         "actor_rotation": {
            "roll": -0.004852294921875,
            "pitch": 0.02286064252257347,
            "yaw": 89.93819427490234
         },
         "actor_bbox_ext": {
            "x": 1.9340534210205078,
            "y": 0.953285276889801,
            "z": 0.9399999976158142
         }
      },
      {
         "actor_type": "vehicle.harley-davidson.low rider",
         "actor_id": 453,
         "actor_location": {
            "x": 44.53776168823242,
            "y": 193.8132781982422,
            "z": 0.225289985537529
         },
         "actor_rotation": {
            "roll": 0.0601850226521492,
            "pitch": 0.05923139676451683,
            "yaw": -101.73988342285156
         },
         "actor_bbox_ext": {
            "x": 1.175087809562683,
            "y": 0.3831165134906769,
            "z": 0.7318695783615112
         }
      },
      {
         "actor_type": "vehicle.nissan.micra",
         "actor_id": 454,
         "actor_location": {
            "x": -3.2751104831695557,
            "y": 117.31348419189453,
            "z": 0.20706813037395477
         },
         "actor_rotation": {
            "roll": 0.04857117310166359,
            "pitch": -0.17251691222190857,
            "yaw": -89.31198120117188
         },
         "actor_bbox_ext": {
            "x": 1.8344237804412842,
            "y": 0.9280761480331421,
            "z": 0.7616068720817566
         }
      },
      {
         "actor_type": "vehicle.bmw.grandtourer",
         "actor_id": 455,
         "actor_location": {
            "x": 98.5406265258789,
            "y": 241.05514526367188,
            "z": 0.29519882798194885
         },
         "actor_rotation": {
            "roll": -0.0003662108792923391,
            "pitch": -0.06301531940698624,
            "yaw": -0.01522826962172985
         },
         "actor_bbox_ext": {
            "x": 2.3195438385009766,
            "y": 1.129660964012146,
            "z": 0.8390889763832092
         }
      },
      {
         "actor_type": "vehicle.bmw.isetta",
         "actor_id": 456,
         "actor_location": {
            "x": 187.22288513183594,
            "y": 111.58462524414062,
            "z": 0.22279275953769684
         },
         "actor_rotation": {
            "roll": -0.9236754775047302,
            "pitch": 0.2848871648311615,
            "yaw": 39.34456253051758
         },
         "actor_bbox_ext": {
            "x": 1.1012483835220337,
            "y": 0.7426624298095703,
            "z": 0.6732476949691772
         }
      },
      {
         "actor_type": "vehicle.mercedes-benz.coupe",
         "actor_id": 457,
         "actor_location": {
            "x": 8.124549865722656,
            "y": 306.6065673828125,
            "z": 0.34923407435417175
         },
         "actor_rotation": {
            "roll": -0.0882873386144638,
            "pitch": 0.4135611057281494,
            "yaw": 3.7710013389587402
         },
         "actor_bbox_ext": {
            "x": 2.521892547607422,
            "y": 1.0814987421035767,
            "z": 0.820067286491394
         }
      },
      {
         "actor_type": "vehicle.bh.crossbike",
         "actor_id": 458,
         "actor_location": {
            "x": 81.36466217041016,
            "y": 236.8704833984375,
            "z": 0.2192583680152893
         },
         "actor_rotation": {
            "roll": 0.013377326540648937,
            "pitch": -0.010436528362333775,
            "yaw": -179.9263916015625
         },
         "actor_bbox_ext": {
            "x": 0.7546613812446594,
            "y": 0.4329703152179718,
            "z": 0.7653154730796814
         }
      },
      {
         "actor_type": "vehicle.tesla.model3",
         "actor_id": 459,
         "actor_location": {
            "x": 45.89713668823242,
            "y": 256.4100036621094,
            "z": 0.24188284575939178
         },
         "actor_rotation": {
            "roll": 0.6426995992660522,
            "pitch": 0.4647260308265686,
            "yaw": -90.00190734863281
         },
         "actor_bbox_ext": {
            "x": 2.452350616455078,
            "y": 1.0303291082382202,
            "z": 0.7391985058784485
         }
      },
      {
         "actor_type": "vehicle.audi.a2",
         "actor_id": 460,
         "actor_location": {
            "x": 193.80810546875,
            "y": 206.3195037841797,
            "z": 0.2097974717617035
         },
         "actor_rotation": {
            "roll": -0.0633850023150444,
            "pitch": 0.027498340234160423,
            "yaw": -90.33097839355469
         },
         "actor_bbox_ext": {
            "x": 1.8593107461929321,
            "y": 0.8962239623069763,
            "z": 0.7677467465400696
         }
      },
      {
         "actor_type": "vehicle.ford.mustang",
         "actor_id": 461,
         "actor_location": {
            "x": -3.4146313667297363,
            "y": 277.9462585449219,
            "z": 0.21396411955356598
         },
         "actor_rotation": {
            "roll": 0.00022362344316206872,
            "pitch": 0.004132264293730259,
            "yaw": -89.98815155029297
         },
         "actor_bbox_ext": {
            "x": 2.3399999141693115,
            "y": 0.9399999976158142,
            "z": 0.6499999761581421
         }
      },
      {
         "actor_type": "vehicle.chevrolet.impala",
         "actor_id": 462,
         "actor_location": {
            "x": 15.59754467010498,
            "y": 105.4042739868164,
            "z": 0.1794288605451584
         },
         "actor_rotation": {
            "roll": 0.0019180340459570289,
            "pitch": -0.6127567291259766,
            "yaw": 179.9896240234375
         },
         "actor_bbox_ext": {
            "x": 2.684596538543701,
            "y": 1.026368260383606,
            "z": 0.7075497508049011
         }
      },
      {
         "actor_type": "vehicle.mini.cooperst",
         "actor_id": 463,
         "actor_location": {
            "x": 152.19869995117188,
            "y": 236.7406463623047,
            "z": 0.2882044017314911
         },
         "actor_rotation": {
            "roll": 0.38584575057029724,
            "pitch": 0.3743831515312195,
            "yaw": 179.8285369873047
         },
         "actor_bbox_ext": {
            "x": 1.9010963439941406,
            "y": 0.9870172142982483,
            "z": 0.7375003099441528
         }
      },
      {
         "actor_type": "vehicle.volkswagen.t2",
         "actor_id": 464,
         "actor_location": {
            "x": -7.56365442276001,
            "y": 172.47421264648438,
            "z": 0.20770461857318878
         },
         "actor_rotation": {
            "roll": -3.0517610866809264e-05,
            "pitch": -0.006406717002391815,
            "yaw": 89.9881591796875
         },
         "actor_bbox_ext": {
            "x": 2.2595229148864746,
            "y": 1.0383671522140503,
            "z": 1.0132241249084473
         }
      },
      {
         "actor_type": "vehicle.chevrolet.impala",
         "actor_id": 465,
         "actor_location": {
            "x": 193.8191680908203,
            "y": 257.5389709472656,
            "z": 0.17285357415676117
         },
         "actor_rotation": {
            "roll": 0.0001630690967431292,
            "pitch": -0.022280076518654823,