{
   "cam_type": "sensor.camera.rgb",
   "cam_id": 391,
   "cam_location": {
      "x": 89.44789123535156,
      "y": 17.23244285583496,
      "z": 13.787137985229492
   },
   "cam_rotation": {
      "roll": -0.08471676707267761,
      "pitch": 1.2683796882629395,
      "yaw": 179.88330078125
   },
   "img_name": "907.png",
   "img_width": 640,
   "img_height": 680,
   "img_fov": 100,
   "debug_info": [
      {
         "actor_type": "vehicle.audi.etron",
         "actor_id": 334,
         "actor_location": {
            "x": 361.06365966796875,
            "y": -172.0804901123047,
            "z": 0.14761100709438324
         },
         "actor_rotation": {
            "roll": 0.0,
            "pitch": 0.0,
            "yaw": -179.73623657226562
         },
         "actor_bbox_ext": {
            "x": 2.4270286560058594,
            "y": 1.0045700073242188,
            "z": 0.8343994617462158
         }
      },
      {
         "actor_type": "vehicle.bmw.grandtourer",
         "actor_id": 335,
         "actor_location": {
            "x": 60.13606262207031,
            "y": 9.827040672302246,
            "z": 11.068910598754883
         },
         "actor_rotation": {
            "roll": -0.0573425218462944,
            "pitch": -0.10855218768119812,
            "yaw": -179.71755981445312
         },
         "actor_bbox_ext": {
            "x": 2.3195438385009766,
            "y": 1.129660964012146,
            "z": 0.8390889763832092
         }
      },
      {
         "actor_type": "vehicle.bmw.grandtourer",
         "actor_id": 336,
         "actor_location": {
            "x": -23.60488510131836,
            "y": 304.9783630371094,
            "z": 0.07537589967250824
         },
         "actor_rotation": {
            "roll": -0.67266845703125,
            "pitch": -0.08273407816886902,
            "yaw": 116.91838073730469
         },
         "actor_bbox_ext": {
            "x": 2.3195438385009766,
            "y": 1.129660964012146,
            "z": 0.8390889763832092
         }
      },
      {
         "actor_type": "vehicle.chevrolet.impala",
         "actor_id": 337,
         "actor_location": {
            "x": -27.776140213012695,
            "y": 305.5696105957031,
            "z": -0.04764930531382561
         },
         "actor_rotation": {
            "roll": -0.6684876680374146,
            "pitch": 0.02072279341518879,
            "yaw": 117.6235122680664
         },
         "actor_bbox_ext": {
            "x": 2.684596538543701,
            "y": 1.026368260383606,
            "z": 0.7075497508049011
         }
      },
      {
         "actor_type": "vehicle.dodge_charger.police",
         "actor_id": 338,
         "actor_location": {
            "x": -25.74415397644043,
            "y": 292.6462097167969,
            "z": -0.017862185835838318
         },
         "actor_rotation": {
            "roll": 0.4431402087211609,
            "pitch": 0.08735811710357666,
            "yaw": 112.79296112060547
         },
         "actor_bbox_ext": {
            "x": 2.4965829849243164,
            "y": 1.0679636001586914,
            "z": 0.7898477911949158
         }
      },
      {
         "actor_type": "vehicle.harley-davidson.low rider",
         "actor_id": 339,
         "actor_location": {
            "x": -283.84912109375,
            "y": -87.31590270996094,
            "z": -0.03173496201634407
         },
         "actor_rotation": {
            "roll": 0.7705671191215515,
            "pitch": 0.4284304082393646,
            "yaw": 177.10594177246094
         },
         "actor_bbox_ext": {
            "x": 1.175087809562683,
            "y": 0.3831165134906769,
            "z": 0.7318695783615112
         }
      },
      {
         "actor_type": "vehicle.kawasaki.ninja",
         "actor_id": 340,
         "actor_location": {
            "x": -4.487481594085693,
            "y": 217.47189331054688,
            "z": -0.0016836547292768955
         },
         "actor_rotation": {
            "roll": -0.0021362395491451025,
            "pitch": -0.4681684672832489,
            "yaw": 89.71024322509766
         },
         "actor_bbox_ext": {
            "x": 1.021842122077942,
            "y": 0.3984561562538147,
            "z": 0.687301516532898
         }
      },
      {
         "actor_type": "vehicle.yamaha.yzf",
         "actor_id": 341,
         "actor_location": {
            "x": -1.1983352899551392,
            "y": -269.6317443847656,
            "z": -0.04392772167921066
         },
         "actor_rotation": {
            "roll": 18.227602005004883,
            "pitch": -3.5091187953948975,
            "yaw": 140.2332763671875
         },
         "actor_bbox_ext": {
            "x": 1.0953842401504517,
            "y": 0.3831165134906769,
            "z": 0.8172529339790344
         }
      },
      {
         "actor_type": "vehicle.toyota.prius",
         "actor_id": 342,
         "actor_location": {
            "x": -11.476393699645996,
            "y": 219.80352783203125,
            "z": 0.036235008388757706
         },
         "actor_rotation": {
            "roll": -0.00997924618422985,
            "pitch": 0.0030872453935444355,
            "yaw": 89.7498550415039
         },
         "actor_bbox_ext": {
            "x": 2.2691667079925537,
            "y": 1.0005652904510498,
            "z": 0.7686808109283447
         }
      },
      {
         "actor_type": "vehicle.yamaha.yzf",
         "actor_id": 343,
         "actor_location": {
            "x": 22.90318489074707,
            "y": -333.5653381347656,
            "z": -0.039346445351839066
         },
         "actor_rotation": {
            "roll": -3.8230299949645996,
            "pitch": -0.02292211353778839,
            "yaw": 168.39695739746094
         },
         "actor_bbox_ext": {
            "x": 1.0953842401504517,
            "y": 0.3831165134906769,
            "z": 0.8172529339790344
         }
      },
      {
         "actor_type": "vehicle.toyota.prius",
         "actor_id": 344,
         "actor_location": {
            "x": 158.8958740234375,
            "y": 11.020792007446289,
            "z": 9.066536903381348
         },
         "actor_rotation": {
            "roll": -0.00012207095278427005,
            "pitch": 2.316253662109375,
            "yaw": -179.02549743652344
         },
         "actor_bbox_ext": {
            "x": 2.2691667079925537,
            "y": 1.0005652904510498,
            "z": 0.7686808109283447
         }
      },
      {
         "actor_type": "vehicle.mini.cooperst",
         "actor_id": 345,
         "actor_location": {
            "x": 162.28517150878906,
            "y": 14.579390525817871,
            "z": 8.933819770812988
         },
         "actor_rotation": {
            "roll": -0.0009765622089616954,
            "pitch": 2.3587441444396973,
            "yaw": -179.0281219482422
         },
         "actor_bbox_ext": {
            "x": 1.9010963439941406,
            "y": 0.9870172142982483,
            "z": 0.7375003099441528
         }
      },
      {
         "actor_type": "vehicle.lincoln.mkz2017",
         "actor_id": 346,
         "actor_location": {
            "x": 170.1922607421875,
            "y": 18.214933395385742,
            "z": 8.541138648986816
         },
         "actor_rotation": {
            "roll": -9.155377483693883e-05,
            "pitch": 2.468259572982788,
            "yaw": -179.02239990234375
         },
         "actor_bbox_ext": {
            "x": 2.4543750286102295,
            "y": 1.056093692779541,
            "z": 0.7615917921066284
         }
      },
      {
         "actor_type": "vehicle.chevrolet.impala",
         "actor_id": 347,
         "actor_location": {
            "x": 82.2122802734375,
            "y": 13.44178295135498,
            "z": 10.853180885314941
         },
         "actor_rotation": {
            "roll": -0.0508422777056694,
            "pitch": 0.47708868980407715,
            "yaw": -179.96206665039062
         },