{
   "cam_type": "sensor.camera.rgb",
   "cam_id": 743,
   "cam_location": {
      "x": 189.93089294433594,
      "y": 158.92605590820312,
      "z": 2.020393133163452
   },
   "cam_rotation": {
      "roll": -0.0012206387473270297,
      "pitch": 0.6932300329208374,
      "yaw": 90.00465393066406
   },
   "img_name": "908.png",
   "img_width": 640,
   "img_height": 680,
   "img_fov": 100,
   "debug_info": [
      {
         "actor_type": "vehicle.toyota.prius",
         "actor_id": 692,
         "actor_location": {
            "x": -7.529415607452393,
            "y": 155.8297119140625,
            "z": 0.2567733824253082
         },
         "actor_rotation": {
            "roll": 7.687966717639938e-05,
            "pitch": -0.04647943377494812,
            "yaw": 89.99293518066406
         },
         "actor_bbox_ext": {
            "x": 2.2691667079925537,
            "y": 1.0005652904510498,
            "z": 0.7686808109283447
         }
      },
      {
         "actor_type": "vehicle.chevrolet.impala",
         "actor_id": 693,
         "actor_location": {
            "x": -7.5291571617126465,
            "y": 282.9149475097656,
            "z": 0.17361433804035187
         },
         "actor_rotation": {
            "roll": 0.00011302170605631545,
            "pitch": -0.07452418655157089,
            "yaw": 89.99016571044922
         },
         "actor_bbox_ext": {
            "x": 2.684596538543701,
            "y": 1.026368260383606,
            "z": 0.7075497508049011
         }
      },
      {
         "actor_type": "vehicle.bh.crossbike",
         "actor_id": 694,
         "actor_location": {
            "x": -3.6620500087738037,
            "y": 225.21697998046875,
            "z": 0.2193228304386139
         },
         "actor_rotation": {
            "roll": 0.38470637798309326,
            "pitch": 0.006516000255942345,
            "yaw": -88.01659393310547
         },
         "actor_bbox_ext": {
            "x": 0.7546613812446594,
            "y": 0.4329703152179718,
            "z": 0.7653154730796814
         }
      },
      {
         "actor_type": "vehicle.chevrolet.impala",
         "actor_id": 695,
         "actor_location": {
            "x": -7.52869987487793,
            "y": 244.74087524414062,
            "z": 0.17183227837085724
         },
         "actor_rotation": {
            "roll": -0.00018310129235032946,
            "pitch": 0.0870712473988533,
            "yaw": 89.9951171875
         },
         "actor_bbox_ext": {
            "x": 2.684596538543701,
            "y": 1.026368260383606,
            "z": 0.7075497508049011
         }
      },
      {
         "actor_type": "vehicle.audi.etron",
         "actor_id": 696,
         "actor_location": {
            "x": -1.5887115001678467,
            "y": 112.30538940429688,
            "z": 0.17239910364151
         },
         "actor_rotation": {
            "roll": -0.2372436672449112,
            "pitch": -0.01782679185271263,
            "yaw": -57.994361877441406
         },
         "actor_bbox_ext": {
            "x": 2.4270286560058594,
            "y": 1.0045700073242188,
            "z": 0.8343994617462158
         }
      },
      {
         "actor_type": "vehicle.audi.tt",
         "actor_id": 697,
         "actor_location": {
            "x": -7.528227806091309,
            "y": 132.04335021972656,
            "z": 0.2159755676984787
         },
         "actor_rotation": {
            "roll": -0.0634155198931694,
            "pitch": -0.1421157419681549,
            "yaw": 89.99640655517578
         },
         "actor_bbox_ext": {
            "x": 2.1102468967437744,
            "y": 1.0045700073242188,
            "z": 0.695303738117218
         }
      },
      {
         "actor_type": "vehicle.audi.etron",
         "actor_id": 698,
         "actor_location": {
            "x": 193.7752227783203,
            "y": 258.1858825683594,
            "z": 0.17208534479141235
         },
         "actor_rotation": {
            "roll": 0.0001204041691380553,
            "pitch": 0.012656339444220066,
            "yaw": -90.04104614257812
         },
         "actor_bbox_ext": {
            "x": 2.4270286560058594,
            "y": 1.0045700073242188,
            "z": 0.8343994617462158
         }
      },
      {
         "actor_type": "vehicle.chevrolet.impala",
         "actor_id": 699,
         "actor_location": {
            "x": 189.62423706054688,
            "y": 261.5916442871094,
            "z": 0.17153586447238922
         },
         "actor_rotation": {
            "roll": 0.016256000846624374,
            "pitch": -0.012089434079825878,
            "yaw": 90.68978118896484
         },
         "actor_bbox_ext": {
            "x": 2.684596538543701,
            "y": 1.026368260383606,
            "z": 0.7075497508049011
         }
      },
      {
         "actor_type": "vehicle.kawasaki.ninja",
         "actor_id": 700,
         "actor_location": {
            "x": 193.81832885742188,
            "y": 286.5032653808594,
            "z": 0.21596437692642212
         },
         "actor_rotation": {
            "roll": -0.0785827562212944,
            "pitch": -0.7508836388587952,
            "yaw": -89.91119384765625
         },
         "actor_bbox_ext": {
            "x": 1.021842122077942,
            "y": 0.3984561562538147,
            "z": 0.687301516532898
         }
      },
      {
         "actor_type": "vehicle.seat.leon",
         "actor_id": 701,
         "actor_location": {
            "x": 186.05722045898438,
            "y": 301.050537109375,
            "z": 0.2152581363916397
         },
         "actor_rotation": {
            "roll": -1.488250494003296,
            "pitch": -0.09295886754989624,
            "yaw": 139.62042236328125
         },
         "actor_bbox_ext": {
            "x": 2.1039369106292725,
            "y": 0.9099326133728027,
            "z": 0.7347301244735718
         }
      },
      {
         "actor_type": "vehicle.bh.crossbike",
         "actor_id": 702,
         "actor_location": {
            "x": 193.77674865722656,
            "y": 213.86351013183594,
            "z": 0.21782273054122925
         },
         "actor_rotation": {
            "roll": 0.009930478408932686,
            "pitch": -0.43875083327293396,
            "yaw": -90.05175018310547
         },
         "actor_bbox_ext": {
            "x": 0.7546613812446594,
            "y": 0.4329703152179718,
            "z": 0.7653154730796814
         }
      },
      {
         "actor_type": "vehicle.bmw.grandtourer",
         "actor_id": 703,
         "actor_location": {
            "x": 189.92933654785156,
            "y": 214.150146484375,
            "z": 0.28916704654693604
         },
         "actor_rotation": {
            "roll": -0.005767833441495895,
            "pitch": 0.4513320326805115,
            "yaw": 90.00291442871094
         },
         "actor_bbox_ext": {
            "x": 2.3195438385009766,
            "y": 1.129660964012146,
            "z": 0.8390889763832092
         }
      },
      {
         "actor_type": "vehicle.seat.leon",
         "actor_id": 704,
         "actor_location": {
            "x": 193.77890014648438,
            "y": 164.4020233154297,
            "z": 0.21487464010715485
         },
         "actor_rotation": {
            "roll": 0.00027213204884901643,
            "pitch": 0.031733058393001556,
            "yaw": -90.01287078857422
         },
         "actor_bbox_ext": {
            "x": 2.1039369106292725,
            "y": 0.9099326133728027,
            "z": 0.7347301244735718
         }
      },
      {
         "actor_type": "vehicle.seat.leon",
         "actor_id": 705,
         "actor_location": {
            "x": -7.529946327209473,
            "y": 257.5174255371094,
            "z": 0.21472033858299255
         },
         "actor_rotation": {
            "roll": 3.121946065220982e-05,
            "pitch": 0.07888185232877731,
            "yaw": 89.99923706054688
         },