{
   "cam_type": "sensor.camera.rgb",
   "cam_id": 743,
   "cam_location": {
      "x": 189.92637634277344,
      "y": 167.5561065673828,
      "z": 2.2045934200286865
   },
   "cam_rotation": {
      "roll": 0.3124377727508545,
      "pitch": -0.7587588429450989,
      "yaw": 90.04896545410156
   },
   "img_name": "922.png",
   "img_width": 640,
   "img_height": 680,
   "img_fov": 100,
   "debug_info": [
      {
         "actor_type": "vehicle.toyota.prius",
         "actor_id": 692,
         "actor_location": {
            "x": -7.52744722366333,
            "y": 164.8158721923828,
            "z": 0.256790429353714
         },
         "actor_rotation": {
            "roll": 0.00014623212337028235,
            "pitch": -0.048064038157463074,
            "yaw": 89.99512481689453
         },
         "actor_bbox_ext": {
            "x": 2.2691667079925537,
            "y": 1.0005652904510498,
            "z": 0.7686808109283447
         }
      },
      {
         "actor_type": "vehicle.chevrolet.impala",
         "actor_id": 693,
         "actor_location": {
            "x": -7.5293121337890625,
            "y": 291.443359375,
            "z": 0.17125320434570312
         },
         "actor_rotation": {
            "roll": -0.0001830951514421031,
            "pitch": 0.1615612804889679,
            "yaw": 89.9964370727539
         },
         "actor_bbox_ext": {
            "x": 2.684596538543701,
            "y": 1.026368260383606,
            "z": 0.7075497508049011
         }
      },
      {
         "actor_type": "vehicle.bh.crossbike",
         "actor_id": 694,
         "actor_location": {
            "x": -3.6415328979492188,
            "y": 218.3470458984375,
            "z": 0.21930621564388275
         },
         "actor_rotation": {
            "roll": 0.38262319564819336,
            "pitch": -0.02337290532886982,
            "yaw": -89.28878784179688
         },
         "actor_bbox_ext": {
            "x": 0.7546613812446594,
            "y": 0.4329703152179718,
            "z": 0.7653154730796814
         }
      },
      {
         "actor_type": "vehicle.chevrolet.impala",
         "actor_id": 695,
         "actor_location": {
            "x": -7.5279154777526855,
            "y": 253.0836639404297,
            "z": 0.17211361229419708
         },
         "actor_rotation": {
            "roll": 6.980769103392959e-05,
            "pitch": 0.04686875641345978,
            "yaw": 89.99465942382812
         },
         "actor_bbox_ext": {
            "x": 2.684596538543701,
            "y": 1.026368260383606,
            "z": 0.7075497508049011
         }
      },
      {
         "actor_type": "vehicle.audi.etron",
         "actor_id": 696,
         "actor_location": {
            "x": 6.68326473236084,
            "y": 109.58743286132812,
            "z": 0.1734308898448944
         },
         "actor_rotation": {
            "roll": -0.048095703125,
            "pitch": 0.00015709434228483588,
            "yaw": -3.3784494400024414
         },
         "actor_bbox_ext": {
            "x": 2.4270286560058594,
            "y": 1.0045700073242188,
            "z": 0.8343994617462158
         }
      },
      {
         "actor_type": "vehicle.audi.tt",
         "actor_id": 697,
         "actor_location": {
            "x": -7.526446342468262,
            "y": 141.96995544433594,
            "z": 0.215961292386055
         },
         "actor_rotation": {
            "roll": -0.0634155198931694,
            "pitch": -0.1409614384174347,
            "yaw": 89.99518585205078
         },
         "actor_bbox_ext": {
            "x": 2.1102468967437744,
            "y": 1.0045700073242188,
            "z": 0.695303738117218
         }
      },
      {
         "actor_type": "vehicle.audi.etron",
         "actor_id": 698,
         "actor_location": {
            "x": 193.77308654785156,
            "y": 254.5321807861328,
            "z": 0.1719200164079666
         },
         "actor_rotation": {
            "roll": -0.00039672962157055736,
            "pitch": -0.02044275589287281,
            "yaw": -89.91708374023438
         },
         "actor_bbox_ext": {
            "x": 2.4270286560058594,
            "y": 1.0045700073242188,
            "z": 0.8343994617462158
         }
      },
      {
         "actor_type": "vehicle.chevrolet.impala",
         "actor_id": 699,
         "actor_location": {
            "x": 189.60198974609375,
            "y": 269.4527587890625,
            "z": 0.1719275563955307
         },
         "actor_rotation": {
            "roll": 0.002012775745242834,
            "pitch": 0.06413546949625015,
            "yaw": 90.04953002929688
         },
         "actor_bbox_ext": {
            "x": 2.684596538543701,
            "y": 1.026368260383606,
            "z": 0.7075497508049011
         }
      },
      {
         "actor_type": "vehicle.kawasaki.ninja",
         "actor_id": 700,
         "actor_location": {
            "x": 193.8210906982422,
            "y": 276.8179626464844,
            "z": 0.22233138978481293
         },
         "actor_rotation": {
            "roll": -0.0072937035001814365,
            "pitch": 0.0718604177236557,
            "yaw": -89.99555206298828
         },
         "actor_bbox_ext": {
            "x": 1.021842122077942,
            "y": 0.3984561562538147,
            "z": 0.687301516532898
         }
      },
      {
         "actor_type": "vehicle.seat.leon",
         "actor_id": 701,
         "actor_location": {
            "x": 178.0257110595703,
            "y": 302.4928283691406,
            "z": 0.21615566313266754
         },
         "actor_rotation": {
            "roll": -0.16339111328125,
            "pitch": 0.027662264183163643,
            "yaw": 177.3651885986328
         },
         "actor_bbox_ext": {
            "x": 2.1039369106292725,
            "y": 0.9099326133728027,
            "z": 0.7347301244735718
         }
      },
      {
         "actor_type": "vehicle.bh.crossbike",
         "actor_id": 702,
         "actor_location": {
            "x": 193.77935791015625,
            "y": 207.15492248535156,
            "z": 0.21930131316184998
         },
         "actor_rotation": {
            "roll": -0.005584716331213713,
            "pitch": -0.009336868301033974,
            "yaw": -90.06627655029297
         },
         "actor_bbox_ext": {
            "x": 0.7546613812446594,
            "y": 0.4329703152179718,
            "z": 0.7653154730796814
         }
      },
      {
         "actor_type": "vehicle.bmw.grandtourer",
         "actor_id": 703,
         "actor_location": {
            "x": 189.9305877685547,
            "y": 222.0944061279297,
            "z": 0.3364154100418091
         },
         "actor_rotation": {
            "roll": 0.3051479756832123,
            "pitch": -1.176172137260437,
            "yaw": 90.07821655273438
         },
         "actor_bbox_ext": {
            "x": 2.3195438385009766,
            "y": 1.129660964012146,
            "z": 0.8390889763832092
         }
      },
      {
         "actor_type": "vehicle.seat.leon",
         "actor_id": 704,
         "actor_location": {
            "x": 193.77694702148438,
            "y": 155.5630340576172,
            "z": 0.21514113247394562
         },
         "actor_rotation": {
            "roll": -0.00021362357074394822,
            "pitch": -0.04858313128352165,
            "yaw": -90.02230834960938
         },
         "actor_bbox_ext": {
            "x": 2.1039369106292725,
            "y": 0.9099326133728027,
            "z": 0.7347301244735718
         }
      },
      {
         "actor_type": "vehicle.seat.leon",
         "actor_id": 705,
         "actor_location": {
            "x": -7.529782772064209,
            "y": 266.5336608886719,
            "z": 0.21514739096164703
         },
         "actor_rotation": {
            "roll": -0.0002441426331643015,
            "pitch": -0.050297509878873825,
            "yaw": 89.98807525634766
         },