{
   "cam_type": "sensor.camera.rgb",
   "cam_id": 391,
   "cam_location": {
      "x": 55.934364318847656,
      "y": 17.110946655273438,
      "z": 14.031314849853516
   },
   "cam_rotation": {
      "roll": 0.0020127329044044018,
      "pitch": 0.019752906635403633,
      "yaw": -179.7595977783203
   },
   "img_name": "930.png",
   "img_width": 640,
   "img_height": 680,
   "img_fov": 100,
   "debug_info": [
      {
         "actor_type": "vehicle.audi.etron",
         "actor_id": 334,
         "actor_location": {
            "x": 361.06365966796875,
            "y": -172.0804901123047,
            "z": 0.1476149708032608
         },
         "actor_rotation": {
            "roll": 0.0,
            "pitch": 0.0,
            "yaw": -179.73623657226562
         },
         "actor_bbox_ext": {
            "x": 2.4270286560058594,
            "y": 1.0045700073242188,
            "z": 0.8343994617462158
         }
      },
      {
         "actor_type": "vehicle.bmw.grandtourer",
         "actor_id": 335,
         "actor_location": {
            "x": 28.521541595458984,
            "y": 9.69861125946045,
            "z": 11.073046684265137
         },
         "actor_rotation": {
            "roll": -3.051756721106358e-05,
            "pitch": 0.005382188595831394,
            "yaw": -179.76528930664062
         },
         "actor_bbox_ext": {
            "x": 2.3195438385009766,
            "y": 1.129660964012146,
            "z": 0.8390889763832092
         }
      },
      {
         "actor_type": "vehicle.bmw.grandtourer",
         "actor_id": 336,
         "actor_location": {
            "x": -51.176082611083984,
            "y": 347.1316223144531,
            "z": 0.07494228333234787
         },
         "actor_rotation": {
            "roll": -0.6168516874313354,
            "pitch": -0.04308483004570007,
            "yaw": 131.37603759765625
         },
         "actor_bbox_ext": {
            "x": 2.3195438385009766,
            "y": 1.129660964012146,
            "z": 0.8390889763832092
         }
      },
      {
         "actor_type": "vehicle.chevrolet.impala",
         "actor_id": 337,
         "actor_location": {
            "x": -56.07896423339844,
            "y": 347.44683837890625,
            "z": -0.04736446216702461
         },
         "actor_rotation": {
            "roll": -0.7093201279640198,
            "pitch": -0.006345245521515608,
            "yaw": 133.30859375
         },
         "actor_bbox_ext": {
            "x": 2.684596538543701,
            "y": 1.026368260383606,
            "z": 0.7075497508049011
         }
      },
      {
         "actor_type": "vehicle.dodge_charger.police",
         "actor_id": 338,
         "actor_location": {
            "x": -51.17617416381836,
            "y": 336.08819580078125,
            "z": -0.017392216250300407
         },
         "actor_rotation": {
            "roll": 0.3833675682544708,
            "pitch": 0.04451233893632889,
            "yaw": 127.88495635986328
         },
         "actor_bbox_ext": {
            "x": 2.4965829849243164,
            "y": 1.0679636001586914,
            "z": 0.7898477911949158
         }
      },
      {
         "actor_type": "vehicle.harley-davidson.low rider",
         "actor_id": 339,
         "actor_location": {
            "x": -294.4641418457031,
            "y": -86.910400390625,
            "z": -0.02889028564095497
         },
         "actor_rotation": {
            "roll": 0.1524745523929596,
            "pitch": -0.09161332249641418,
            "yaw": 178.6114501953125
         },
         "actor_bbox_ext": {
            "x": 1.175087809562683,
            "y": 0.3831165134906769,
            "z": 0.7318695783615112
         }
      },
      {
         "actor_type": "vehicle.kawasaki.ninja",
         "actor_id": 340,
         "actor_location": {
            "x": -9.992170333862305,
            "y": 266.9215393066406,
            "z": 0.0005997467087581754
         },
         "actor_rotation": {
            "roll": 4.932684421539307,
            "pitch": -0.21832698583602905,
            "yaw": 104.4631118774414
         },
         "actor_bbox_ext": {
            "x": 1.021842122077942,
            "y": 0.3984561562538147,
            "z": 0.687301516532898
         }
      },
      {
         "actor_type": "vehicle.yamaha.yzf",
         "actor_id": 341,
         "actor_location": {
            "x": -6.548532009124756,
            "y": -260.13446044921875,
            "z": -0.055654581636190414
         },
         "actor_rotation": {
            "roll": 7.382591247558594,
            "pitch": -1.6730343103408813,
            "yaw": 148.59722900390625
         },
         "actor_bbox_ext": {
            "x": 1.0953842401504517,
            "y": 0.3831165134906769,
            "z": 0.8172529339790344
         }
      },
      {
         "actor_type": "vehicle.toyota.prius",
         "actor_id": 342,
         "actor_location": {
            "x": -17.902873992919922,
            "y": 269.6508483886719,
            "z": 0.03632308915257454
         },
         "actor_rotation": {
            "roll": -0.274658203125,
            "pitch": -0.006345245521515608,
            "yaw": 105.10069274902344
         },
         "actor_bbox_ext": {
            "x": 2.2691667079925537,
            "y": 1.0005652904510498,
            "z": 0.7686808109283447
         }
      },
      {
         "actor_type": "vehicle.yamaha.yzf",
         "actor_id": 343,
         "actor_location": {
            "x": 22.903820037841797,
            "y": -333.5500183105469,
            "z": -0.037822969257831573
         },
         "actor_rotation": {
            "roll": -3.3977670669555664,
            "pitch": -0.02081158570945263,
            "yaw": 169.0583953857422
         },
         "actor_bbox_ext": {
            "x": 1.0953842401504517,
            "y": 0.3831165134906769,
            "z": 0.8172529339790344
         }
      },
      {
         "actor_type": "vehicle.toyota.prius",
         "actor_id": 344,
         "actor_location": {
            "x": 108.42405700683594,
            "y": 10.159902572631836,
            "z": 10.563145637512207
         },
         "actor_rotation": {
            "roll": -0.0524597093462944,
            "pitch": 0.9738346338272095,
            "yaw": -178.9741973876953
         },
         "actor_bbox_ext": {
            "x": 2.2691667079925537,
            "y": 1.0005652904510498,
            "z": 0.7686808109283447
         }
      },
      {
         "actor_type": "vehicle.mini.cooperst",
         "actor_id": 345,
         "actor_location": {
            "x": 111.99310302734375,
            "y": 13.721927642822266,
            "z": 10.489998817443848
         },
         "actor_rotation": {
            "roll": -0.18218988180160522,
            "pitch": 1.289300560951233,
            "yaw": -178.99801635742188
         },
         "actor_bbox_ext": {
            "x": 1.9010963439941406,
            "y": 0.9870172142982483,
            "z": 0.7375003099441528
         }
      },
      {
         "actor_type": "vehicle.lincoln.mkz2017",
         "actor_id": 346,
         "actor_location": {
            "x": 120.1053466796875,
            "y": 17.359888076782227,
            "z": 10.262103080749512
         },
         "actor_rotation": {
            "roll": -0.1947021335363388,
            "pitch": 1.1705987453460693,
            "yaw": -179.02662658691406
         },
         "actor_bbox_ext": {
            "x": 2.4543750286102295,
            "y": 1.056093692779541,
            "z": 0.7615917921066284
         }
      },
      {
         "actor_type": "vehicle.chevrolet.impala",
         "actor_id": 347,
         "actor_location": {
            "x": 48.32978820800781,
            "y": 13.281221389770508,
            "z": 10.943840980529785
         },
         "actor_rotation": {
            "roll": 0.0016684535657986999,
            "pitch": 0.02613913267850876,