{
   "cam_type": "sensor.camera.rgb",
   "cam_id": 743,
   "cam_location": {
      "x": 189.93626403808594,
      "y": 167.6469268798828,
      "z": 2.1290488243103027
   },
   "cam_rotation": {
      "roll": 0.01713874749839306,
      "pitch": -0.01162498164921999,
      "yaw": 90.04631042480469
   },
   "img_name": "936.png",
   "img_width": 640,
   "img_height": 680,
   "img_fov": 100,
   "debug_info": [
      {
         "actor_type": "vehicle.toyota.prius",
         "actor_id": 692,
         "actor_location": {
            "x": -7.524549961090088,
            "y": 172.68605041503906,
            "z": 0.2587980329990387
         },
         "actor_rotation": {
            "roll": -0.0010070803109556437,
            "pitch": -0.30621102452278137,
            "yaw": 90.09850311279297
         },
         "actor_bbox_ext": {
            "x": 2.2691667079925537,
            "y": 1.0005652904510498,
            "z": 0.7686808109283447
         }
      },
      {
         "actor_type": "vehicle.chevrolet.impala",
         "actor_id": 693,
         "actor_location": {
            "x": -5.258039951324463,
            "y": 301.54608154296875,
            "z": 0.17352038621902466
         },
         "actor_rotation": {
            "roll": 1.2989413738250732,
            "pitch": -0.07431245595216751,
            "yaw": 59.88644027709961
         },
         "actor_bbox_ext": {
            "x": 2.684596538543701,
            "y": 1.026368260383606,
            "z": 0.7075497508049011
         }
      },
      {
         "actor_type": "vehicle.bh.crossbike",
         "actor_id": 694,
         "actor_location": {
            "x": -3.653308629989624,
            "y": 211.43052673339844,
            "z": 0.2191367894411087
         },
         "actor_rotation": {
            "roll": -0.0813598483800888,
            "pitch": -0.1139480397105217,
            "yaw": -90.73607635498047
         },
         "actor_bbox_ext": {
            "x": 0.7546613812446594,
            "y": 0.4329703152179718,
            "z": 0.7653154730796814
         }
      },
      {
         "actor_type": "vehicle.chevrolet.impala",
         "actor_id": 695,
         "actor_location": {
            "x": -7.527132987976074,
            "y": 261.5325927734375,
            "z": 0.17360836267471313
         },
         "actor_rotation": {
            "roll": 0.0005556640680879354,
            "pitch": -0.0996934324502945,
            "yaw": 89.99325561523438
         },
         "actor_bbox_ext": {
            "x": 2.684596538543701,
            "y": 1.026368260383606,
            "z": 0.7075497508049011
         }
      },
      {
         "actor_type": "vehicle.audi.etron",
         "actor_id": 696,
         "actor_location": {
            "x": 15.880702018737793,
            "y": 109.53195190429688,
            "z": 0.17274414002895355
         },
         "actor_rotation": {
            "roll": -0.00048828122089616954,
            "pitch": -0.024957509711384773,
            "yaw": -0.037109375
         },
         "actor_bbox_ext": {
            "x": 2.4270286560058594,
            "y": 1.0045700073242188,
            "z": 0.8343994617462158
         }
      },
      {
         "actor_type": "vehicle.audi.tt",
         "actor_id": 697,
         "actor_location": {
            "x": -7.524497032165527,
            "y": 151.6317596435547,
            "z": 0.21590682864189148
         },
         "actor_rotation": {
            "roll": -0.0634460374712944,
            "pitch": -0.13583879172801971,
            "yaw": 89.99531555175781
         },
         "actor_bbox_ext": {
            "x": 2.1102468967437744,
            "y": 1.0045700073242188,
            "z": 0.695303738117218
         }
      },
      {
         "actor_type": "vehicle.audi.etron",
         "actor_id": 698,
         "actor_location": {
            "x": 193.77308654785156,
            "y": 254.5320281982422,
            "z": 0.17172561585903168
         },
         "actor_rotation": {
            "roll": 0.0,
            "pitch": -0.00012294339830987155,
            "yaw": -89.91707611083984
         },
         "actor_bbox_ext": {
            "x": 2.4270286560058594,
            "y": 1.0045700073242188,
            "z": 0.8343994617462158
         }
      },
      {
         "actor_type": "vehicle.chevrolet.impala",
         "actor_id": 699,
         "actor_location": {
            "x": 189.60064697265625,
            "y": 279.8988952636719,
            "z": 0.17241473495960236
         },
         "actor_rotation": {
            "roll": 0.000131604538182728,
            "pitch": 0.018694227561354637,
            "yaw": 90.00248718261719
         },
         "actor_bbox_ext": {
            "x": 2.684596538543701,
            "y": 1.026368260383606,
            "z": 0.7075497508049011
         }
      },
      {
         "actor_type": "vehicle.kawasaki.ninja",
         "actor_id": 700,
         "actor_location": {
            "x": 193.8211669921875,
            "y": 267.6739501953125,
            "z": 0.22768492996692657
         },
         "actor_rotation": {
            "roll": 0.0,
            "pitch": 0.9097743034362793,
            "yaw": -89.9981689453125
         },
         "actor_bbox_ext": {
            "x": 1.021842122077942,
            "y": 0.3984561562538147,
            "z": 0.687301516532898
         }
      },
      {
         "actor_type": "vehicle.seat.leon",
         "actor_id": 701,
         "actor_location": {
            "x": 169.8153839111328,
            "y": 302.5490417480469,
            "z": 0.21525603532791138
         },
         "actor_rotation": {
            "roll": -0.007202147971838713,
            "pitch": 0.03600875660777092,
            "yaw": 179.91334533691406
         },
         "actor_bbox_ext": {
            "x": 2.1039369106292725,
            "y": 0.9099326133728027,
            "z": 0.7347301244735718
         }
      },
      {
         "actor_type": "vehicle.bh.crossbike",
         "actor_id": 702,
         "actor_location": {
            "x": 193.77886962890625,
            "y": 206.30987548828125,
            "z": 0.21951214969158173
         },
         "actor_rotation": {
            "roll": 0.0016715943347662687,
            "pitch": 0.04836456850171089,
            "yaw": -90.21367645263672
         },
         "actor_bbox_ext": {
            "x": 0.7546613812446594,
            "y": 0.4329703152179718,
            "z": 0.7653154730796814
         }
      },
      {
         "actor_type": "vehicle.bmw.grandtourer",
         "actor_id": 703,
         "actor_location": {
            "x": 189.9306640625,
            "y": 222.1023406982422,
            "z": 0.31923526525497437
         },
         "actor_rotation": {
            "roll": 0.30827876925468445,
            "pitch": 0.3300688862800598,
            "yaw": 90.08435821533203
         },
         "actor_bbox_ext": {
            "x": 2.3195438385009766,
            "y": 1.129660964012146,
            "z": 0.8390889763832092
         }
      },
      {
         "actor_type": "vehicle.seat.leon",
         "actor_id": 704,
         "actor_location": {
            "x": 193.77630615234375,
            "y": 147.09701538085938,
            "z": 0.21510940790176392
         },
         "actor_rotation": {
            "roll": -9.155389852821827e-05,
            "pitch": -0.039915625005960464,
            "yaw": -90.01982879638672
         },
         "actor_bbox_ext": {
            "x": 2.1039369106292725,
            "y": 0.9099326133728027,
            "z": 0.7347301244735718
         }
      },
      {
         "actor_type": "vehicle.seat.leon",
         "actor_id": 705,
         "actor_location": {
            "x": -7.530665874481201,
            "y": 274.97430419921875,
            "z": 0.21509596705436707
         },
         "actor_rotation": {
            "roll": -6.10364877502434e-05,
            "pitch": -0.0362546406686306,
            "yaw": 89.9914321899414
         },