{
   "cam_type": "sensor.camera.rgb",
   "cam_id": 743,
   "cam_location": {
      "x": 189.93624877929688,
      "y": 167.6466522216797,
      "z": 2.1278374195098877
   },
   "cam_rotation": {
      "roll": 0.017588019371032715,
      "pitch": -0.00045762263471260667,
      "yaw": 90.04631042480469
   },
   "img_name": "949.png",
   "img_width": 640,
   "img_height": 680,
   "img_fov": 100,
   "debug_info": [
      {
         "actor_type": "vehicle.toyota.prius",
         "actor_id": 692,
         "actor_location": {
            "x": -7.52496862411499,
            "y": 173.11476135253906,
            "z": 0.2547118663787842
         },
         "actor_rotation": {
            "roll": -6.103490522946231e-05,
            "pitch": 0.10030132532119751,
            "yaw": 90.07687377929688
         },
         "actor_bbox_ext": {
            "x": 2.2691667079925537,
            "y": 1.0005652904510498,
            "z": 0.7686808109283447
         }
      },
      {
         "actor_type": "vehicle.chevrolet.impala",
         "actor_id": 693,
         "actor_location": {
            "x": 1.0432071685791016,
            "y": 305.6483459472656,
            "z": 0.17196010053157806
         },
         "actor_rotation": {
            "roll": 0.4666220545768738,
            "pitch": 0.0651736631989479,
            "yaw": 19.58887481689453
         },
         "actor_bbox_ext": {
            "x": 2.684596538543701,
            "y": 1.026368260383606,
            "z": 0.7075497508049011
         }
      },
      {
         "actor_type": "vehicle.bh.crossbike",
         "actor_id": 694,
         "actor_location": {
            "x": -3.6349799633026123,
            "y": 207.4447021484375,
            "z": 0.2596963942050934
         },
         "actor_rotation": {
            "roll": -0.136474609375,
            "pitch": 1.5773433446884155,
            "yaw": -89.36170196533203
         },
         "actor_bbox_ext": {
            "x": 0.7546613812446594,
            "y": 0.4329703152179718,
            "z": 0.7653154730796814
         }
      },
      {
         "actor_type": "vehicle.chevrolet.impala",
         "actor_id": 695,
         "actor_location": {
            "x": -7.5263848304748535,
            "y": 269.1711730957031,
            "z": 0.17332305014133453
         },
         "actor_rotation": {
            "roll": 0.00033902839641086757,
            "pitch": -0.06606841832399368,
            "yaw": 89.99388122558594
         },
         "actor_bbox_ext": {
            "x": 2.684596538543701,
            "y": 1.026368260383606,
            "z": 0.7075497508049011
         }
      },
      {
         "actor_type": "vehicle.audi.etron",
         "actor_id": 696,
         "actor_location": {
            "x": 24.659332275390625,
            "y": 109.53145599365234,
            "z": 0.17207233607769012
         },
         "actor_rotation": {
            "roll": 0.0002189993829233572,
            "pitch": 0.011946000158786774,
            "yaw": -0.012329100631177425
         },
         "actor_bbox_ext": {
            "x": 2.4270286560058594,
            "y": 1.0045700073242188,
            "z": 0.8343994617462158
         }
      },
      {
         "actor_type": "vehicle.audi.tt",
         "actor_id": 697,
         "actor_location": {
            "x": -7.52268648147583,
            "y": 160.5068359375,
            "z": 0.2158862203359604
         },
         "actor_rotation": {
            "roll": -0.06344602257013321,
            "pitch": -0.13387852907180786,
            "yaw": 89.99543762207031
         },
         "actor_bbox_ext": {
            "x": 2.1102468967437744,
            "y": 1.0045700073242188,
            "z": 0.695303738117218
         }
      },
      {
         "actor_type": "vehicle.audi.etron",
         "actor_id": 698,
         "actor_location": {
            "x": 193.7731170654297,
            "y": 254.3185272216797,
            "z": 0.17128577828407288
         },
         "actor_rotation": {
            "roll": 0.0009015951072797179,
            "pitch": 0.04151388630270958,
            "yaw": -89.92225646972656
         },
         "actor_bbox_ext": {
            "x": 2.4270286560058594,
            "y": 1.0045700073242188,
            "z": 0.8343994617462158
         }
      },
      {
         "actor_type": "vehicle.chevrolet.impala",
         "actor_id": 699,
         "actor_location": {
            "x": 189.60064697265625,
            "y": 288.4844665527344,
            "z": 0.17369182407855988
         },
         "actor_rotation": {
            "roll": 0.0005023665144108236,
            "pitch": -0.10055404156446457,
            "yaw": 90.00098419189453
         },
         "actor_bbox_ext": {
            "x": 2.684596538543701,
            "y": 1.026368260383606,
            "z": 0.7075497508049011
         }
      },
      {
         "actor_type": "vehicle.kawasaki.ninja",
         "actor_id": 700,
         "actor_location": {
            "x": 193.8211669921875,
            "y": 261.47967529296875,
            "z": 0.2268557846546173
         },
         "actor_rotation": {
            "roll": -3.0478291591862217e-05,
            "pitch": 1.411397099494934,
            "yaw": -89.99839782714844
         },
         "actor_bbox_ext": {
            "x": 1.021842122077942,
            "y": 0.3984561562538147,
            "z": 0.687301516532898
         }
      },
      {
         "actor_type": "vehicle.seat.leon",
         "actor_id": 701,
         "actor_location": {
            "x": 162.18641662597656,
            "y": 302.5506896972656,
            "z": 0.21488815546035767
         },
         "actor_rotation": {
            "roll": -0.000213623046875,
            "pitch": 0.02045641466975212,
            "yaw": 179.99615478515625
         },
         "actor_bbox_ext": {
            "x": 2.1039369106292725,
            "y": 0.9099326133728027,
            "z": 0.7347301244735718
         }
      },
      {
         "actor_type": "vehicle.bh.crossbike",
         "actor_id": 702,
         "actor_location": {
            "x": 193.7779998779297,
            "y": 206.26075744628906,
            "z": 0.21852633357048035
         },
         "actor_rotation": {
            "roll": 0.0,
            "pitch": -0.2314750999212265,
            "yaw": -90.37579345703125
         },
         "actor_bbox_ext": {
            "x": 0.7546613812446594,
            "y": 0.4329703152179718,
            "z": 0.7653154730796814
         }
      },
      {
         "actor_type": "vehicle.bmw.grandtourer",
         "actor_id": 703,
         "actor_location": {
            "x": 189.9306640625,
            "y": 222.1023712158203,
            "z": 0.319181352853775
         },
         "actor_rotation": {
            "roll": 0.30833178758621216,
            "pitch": 0.33480218052864075,
            "yaw": 90.08438110351562
         },
         "actor_bbox_ext": {
            "x": 2.3195438385009766,
            "y": 1.129660964012146,
            "z": 0.8390889763832092
         }
      },
      {
         "actor_type": "vehicle.seat.leon",
         "actor_id": 704,
         "actor_location": {
            "x": 193.7762908935547,
            "y": 139.6535186767578,
            "z": 0.21505869925022125
         },
         "actor_rotation": {
            "roll": -6.103565101511776e-05,
            "pitch": -0.02606400102376938,
            "yaw": -90.01787567138672
         },
         "actor_bbox_ext": {
            "x": 2.1039369106292725,
            "y": 0.9099326133728027,
            "z": 0.7347301244735718
         }
      },
      {
         "actor_type": "vehicle.seat.leon",
         "actor_id": 705,
         "actor_location": {
            "x": -7.531752586364746,
            "y": 282.4404602050781,
            "z": 0.2150355875492096
         },
         "actor_rotation": {
            "roll": -6.103481427999213e-05,
            "pitch": -0.019739245995879173,
            "yaw": 89.99353790283203
         },