{
   "cam_type": "sensor.camera.rgb",
   "cam_id": 391,
   "cam_location": {
      "x": 28.44746208190918,
      "y": 16.998289108276367,
      "z": 14.0494384765625
   },
   "cam_rotation": {
      "roll": -9.155269799521193e-05,
      "pitch": -0.06695634126663208,
      "yaw": -179.7681427001953
   },
   "img_name": "952.png",
   "img_width": 640,
   "img_height": 680,
   "img_fov": 100,
   "debug_info": [
      {
         "actor_type": "vehicle.audi.etron",
         "actor_id": 334,
         "actor_location": {
            "x": 361.06365966796875,
            "y": -172.0804901123047,
            "z": 0.14761599898338318
         },
         "actor_rotation": {
            "roll": 0.0,
            "pitch": 0.0,
            "yaw": -179.73623657226562
         },
         "actor_bbox_ext": {
            "x": 2.4270286560058594,
            "y": 1.0045700073242188,
            "z": 0.8343994617462158
         }
      },
      {
         "actor_type": "vehicle.bmw.grandtourer",
         "actor_id": 335,
         "actor_location": {
            "x": -2.698988914489746,
            "y": 9.5718355178833,
            "z": 10.98874282836914
         },
         "actor_rotation": {
            "roll": 3.8988146116025746e-05,
            "pitch": -0.6514838933944702,
            "yaw": -179.76742553710938
         },
         "actor_bbox_ext": {
            "x": 2.3195438385009766,
            "y": 1.129660964012146,
            "z": 0.8390889763832092
         }
      },
      {
         "actor_type": "vehicle.bmw.grandtourer",
         "actor_id": 336,
         "actor_location": {
            "x": -86.98988342285156,
            "y": 379.57733154296875,
            "z": 0.07504814118146896
         },
         "actor_rotation": {
            "roll": -0.63433837890625,
            "pitch": -0.053097888827323914,
            "yaw": 145.79046630859375
         },
         "actor_bbox_ext": {
            "x": 2.3195438385009766,
            "y": 1.129660964012146,
            "z": 0.8390889763832092
         }
      },
      {
         "actor_type": "vehicle.chevrolet.impala",
         "actor_id": 337,
         "actor_location": {
            "x": -92.87957000732422,
            "y": 379.38970947265625,
            "z": -0.04771331697702408
         },
         "actor_rotation": {
            "roll": -0.7002564072608948,
            "pitch": 0.026391848921775818,
            "yaw": 147.64341735839844
         },
         "actor_bbox_ext": {
            "x": 2.684596538543701,
            "y": 1.026368260383606,
            "z": 0.7075497508049011
         }
      },
      {
         "actor_type": "vehicle.dodge_charger.police",
         "actor_id": 338,
         "actor_location": {
            "x": -86.00334930419922,
            "y": 370.2086181640625,
            "z": -0.01845397986471653
         },
         "actor_rotation": {
            "roll": 0.4360303282737732,
            "pitch": 0.14095459878444672,
            "yaw": 143.2852020263672
         },
         "actor_bbox_ext": {
            "x": 2.4965829849243164,
            "y": 1.0679636001586914,
            "z": 0.7898477911949158
         }
      },
      {
         "actor_type": "vehicle.harley-davidson.low rider",
         "actor_id": 339,
         "actor_location": {
            "x": -306.6473083496094,
            "y": -86.4368667602539,
            "z": -0.03169004246592522
         },
         "actor_rotation": {
            "roll": -0.47467032074928284,
            "pitch": -0.41287124156951904,
            "yaw": 175.27752685546875
         },
         "actor_bbox_ext": {
            "x": 1.175087809562683,
            "y": 0.3831165134906769,
            "z": 0.7318695783615112
         }
      },
      {
         "actor_type": "vehicle.kawasaki.ninja",
         "actor_id": 340,
         "actor_location": {
            "x": -27.612934112548828,
            "y": 312.7754821777344,
            "z": 0.0002732658467721194
         },
         "actor_rotation": {
            "roll": -2.086578607559204,
            "pitch": -0.09496694803237915,
            "yaw": 116.00996398925781
         },
         "actor_bbox_ext": {
            "x": 1.021842122077942,
            "y": 0.3984561562538147,
            "z": 0.687301516532898
         }
      },
      {
         "actor_type": "vehicle.yamaha.yzf",
         "actor_id": 341,
         "actor_location": {
            "x": -8.314251899719238,
            "y": -249.1770477294922,
            "z": -0.047393906861543655
         },
         "actor_rotation": {
            "roll": -17.82440948486328,
            "pitch": -2.234557628631592,
            "yaw": 39.026031494140625
         },
         "actor_bbox_ext": {
            "x": 1.0953842401504517,
            "y": 0.3831165134906769,
            "z": 0.8172529339790344
         }
      },
      {
         "actor_type": "vehicle.toyota.prius",
         "actor_id": 342,
         "actor_location": {
            "x": -36.77366256713867,
            "y": 314.82818603515625,
            "z": 0.035962142050266266
         },
         "actor_rotation": {
            "roll": -0.224456787109375,
            "pitch": 0.027088528499007225,
            "yaw": 119.46232604980469
         },
         "actor_bbox_ext": {
            "x": 2.2691667079925537,
            "y": 1.0005652904510498,
            "z": 0.7686808109283447
         }
      },
      {
         "actor_type": "vehicle.yamaha.yzf",
         "actor_id": 343,
         "actor_location": {
            "x": 22.90435028076172,
            "y": -333.53466796875,
            "z": -0.0360536202788353
         },
         "actor_rotation": {
            "roll": -2.901794910430908,
            "pitch": -0.016358302906155586,
            "yaw": 169.687744140625
         },
         "actor_bbox_ext": {
            "x": 1.0953842401504517,
            "y": 0.3831165134906769,
            "z": 0.8172529339790344
         }
      },
      {
         "actor_type": "vehicle.toyota.prius",
         "actor_id": 344,
         "actor_location": {
            "x": 66.67931365966797,
            "y": 9.851593971252441,
            "z": 11.026591300964355
         },
         "actor_rotation": {
            "roll": 0.008276104927062988,
            "pitch": -0.03835834190249443,
            "yaw": -179.9773406982422
         },
         "actor_bbox_ext": {
            "x": 2.2691667079925537,
            "y": 1.0005652904510498,
            "z": 0.7686808109283447
         }
      },
      {
         "actor_type": "vehicle.mini.cooperst",
         "actor_id": 345,
         "actor_location": {
            "x": 72.5908432006836,
            "y": 13.376851081848145,
            "z": 11.011598587036133
         },
         "actor_rotation": {
            "roll": -0.03030395321547985,
            "pitch": 0.28210046887397766,
            "yaw": -179.89881896972656
         },
         "actor_bbox_ext": {
            "x": 1.9010963439941406,
            "y": 0.9870172142982483,
            "z": 0.7375003099441528
         }
      },
      {
         "actor_type": "vehicle.lincoln.mkz2017",
         "actor_id": 346,
         "actor_location": {
            "x": 77.73784637451172,
            "y": 16.897993087768555,
            "z": 10.937684059143066
         },
         "actor_rotation": {
            "roll": -0.02566528134047985,
            "pitch": 0.5490515828132629,
            "yaw": -179.6374969482422
         },
         "actor_bbox_ext": {
            "x": 2.4543750286102295,
            "y": 1.056093692779541,
            "z": 0.7615917921066284
         }
      },
      {
         "actor_type": "vehicle.chevrolet.impala",
         "actor_id": 347,
         "actor_location": {
            "x": 17.50799560546875,
            "y": 13.155776023864746,
            "z": 10.952829360961914
         },
         "actor_rotation": {
            "roll": 0.00012036808766424656,
            "pitch": -0.012635849416255951,