{
   "cam_type": "sensor.camera.rgb",
   "cam_id": 743,
   "cam_location": {
      "x": 189.93624877929688,
      "y": 167.64663696289062,
      "z": 2.1278183460235596
   },
   "cam_rotation": {
      "roll": 0.017596520483493805,
      "pitch": -0.00027320755179971457,
      "yaw": 90.04631042480469
   },
   "img_name": "963.png",
   "img_width": 640,
   "img_height": 680,
   "img_fov": 100,
   "debug_info": [
      {
         "actor_type": "vehicle.toyota.prius",
         "actor_id": 692,
         "actor_location": {
            "x": -7.509574890136719,
            "y": 178.70225524902344,
            "z": 0.2557298243045807
         },
         "actor_rotation": {
            "roll": 0.0037442930042743683,
            "pitch": 0.06360271573066711,
            "yaw": 89.69084167480469
         },
         "actor_bbox_ext": {
            "x": 2.2691667079925537,
            "y": 1.0005652904510498,
            "z": 0.7686808109283447
         }
      },
      {
         "actor_type": "vehicle.chevrolet.impala",
         "actor_id": 693,
         "actor_location": {
            "x": 9.042912483215332,
            "y": 306.6340637207031,
            "z": 0.17254242300987244
         },
         "actor_rotation": {
            "roll": 0.10110121965408325,
            "pitch": 0.007424415089190006,
            "yaw": 2.633920907974243
         },
         "actor_bbox_ext": {
            "x": 2.684596538543701,
            "y": 1.026368260383606,
            "z": 0.7075497508049011
         }
      },
      {
         "actor_type": "vehicle.bh.crossbike",
         "actor_id": 694,
         "actor_location": {
            "x": -3.6349432468414307,
            "y": 207.4519500732422,
            "z": 0.25311434268951416
         },
         "actor_rotation": {
            "roll": 0.013236640952527523,
            "pitch": 0.0019397735595703125,
            "yaw": -89.3699951171875
         },
         "actor_bbox_ext": {
            "x": 0.7546613812446594,
            "y": 0.4329703152179718,
            "z": 0.7653154730796814
         }
      },
      {
         "actor_type": "vehicle.chevrolet.impala",
         "actor_id": 695,
         "actor_location": {
            "x": -7.525604248046875,
            "y": 277.451171875,
            "z": 0.17413173615932465
         },
         "actor_rotation": {
            "roll": 0.0005561818252317607,
            "pitch": -0.14163079857826233,
            "yaw": 89.9935531616211
         },
         "actor_bbox_ext": {
            "x": 2.684596538543701,
            "y": 1.026368260383606,
            "z": 0.7075497508049011
         }
      },
      {
         "actor_type": "vehicle.audi.etron",
         "actor_id": 696,
         "actor_location": {
            "x": 37.10121154785156,
            "y": 109.53111267089844,
            "z": 0.17171615362167358
         },
         "actor_rotation": {
            "roll": 0.0007897184696048498,
            "pitch": 0.04571445286273956,
            "yaw": -0.0325927697122097
         },
         "actor_bbox_ext": {
            "x": 2.4270286560058594,
            "y": 1.0045700073242188,
            "z": 0.8343994617462158
         }
      },
      {
         "actor_type": "vehicle.audi.tt",
         "actor_id": 697,
         "actor_location": {
            "x": -7.520692348480225,
            "y": 167.42095947265625,
            "z": 0.21444423496723175
         },
         "actor_rotation": {
            "roll": -0.0643310397863388,
            "pitch": 0.03665079176425934,
            "yaw": 89.98057556152344
         },
         "actor_bbox_ext": {
            "x": 2.1102468967437744,
            "y": 1.0045700073242188,
            "z": 0.695303738117218
         }
      },
      {
         "actor_type": "vehicle.audi.etron",
         "actor_id": 698,
         "actor_location": {
            "x": 193.7689666748047,
            "y": 249.01446533203125,
            "z": 0.17207659780979156
         },
         "actor_rotation": {
            "roll": 0.0013180518290027976,
            "pitch": 0.052653923630714417,
            "yaw": -90.12188720703125
         },
         "actor_bbox_ext": {
            "x": 2.4270286560058594,
            "y": 1.0045700073242188,
            "z": 0.8343994617462158
         }
      },
      {
         "actor_type": "vehicle.chevrolet.impala",
         "actor_id": 699,
         "actor_location": {
            "x": 189.06748962402344,
            "y": 296.8386535644531,
            "z": 0.17360888421535492
         },
         "actor_rotation": {
            "roll": -0.6827696561813354,
            "pitch": -0.09726189076900482,
            "yaw": 102.30818939208984
         },
         "actor_bbox_ext": {
            "x": 2.684596538543701,
            "y": 1.026368260383606,
            "z": 0.7075497508049011
         }
      },
      {
         "actor_type": "vehicle.kawasaki.ninja",
         "actor_id": 700,
         "actor_location": {
            "x": 193.82115173339844,
            "y": 257.20977783203125,
            "z": 0.2252504527568817
         },
         "actor_rotation": {
            "roll": 9.29848974919878e-05,
            "pitch": 0.5051265954971313,
            "yaw": -89.99620819091797
         },
         "actor_bbox_ext": {
            "x": 1.021842122077942,
            "y": 0.3984561562538147,
            "z": 0.687301516532898
         }
      },
      {
         "actor_type": "vehicle.seat.leon",
         "actor_id": 701,
         "actor_location": {
            "x": 153.5465850830078,
            "y": 302.5506896972656,
            "z": 0.2147137075662613
         },
         "actor_rotation": {
            "roll": -0.00018310549785383046,
            "pitch": 0.06847947090864182,
            "yaw": 179.9992218017578
         },
         "actor_bbox_ext": {
            "x": 2.1039369106292725,
            "y": 0.9099326133728027,
            "z": 0.7347301244735718
         }
      },
      {
         "actor_type": "vehicle.bh.crossbike",
         "actor_id": 702,
         "actor_location": {
            "x": 193.77574157714844,
            "y": 202.3352813720703,
            "z": 0.21747936308383942
         },
         "actor_rotation": {
            "roll": -0.010437010787427425,
            "pitch": -0.5352135896682739,
            "yaw": -89.99090576171875
         },
         "actor_bbox_ext": {
            "x": 0.7546613812446594,
            "y": 0.4329703152179718,
            "z": 0.7653154730796814
         }
      },
      {
         "actor_type": "vehicle.bmw.grandtourer",
         "actor_id": 703,
         "actor_location": {
            "x": 189.9306640625,
            "y": 222.1023712158203,
            "z": 0.31918027997016907
         },
         "actor_rotation": {
            "roll": 0.30833151936531067,
            "pitch": 0.33489781618118286,
            "yaw": 90.08438110351562
         },
         "actor_bbox_ext": {
            "x": 2.3195438385009766,
            "y": 1.129660964012146,
            "z": 0.8390889763832092
         }
      },
      {
         "actor_type": "vehicle.seat.leon",
         "actor_id": 704,
         "actor_location": {
            "x": 193.77626037597656,
            "y": 131.68658447265625,
            "z": 0.21501414477825165
         },
         "actor_rotation": {
            "roll": -6.103605846874416e-05,
            "pitch": -0.013858453370630741,
            "yaw": -90.0150375366211
         },
         "actor_bbox_ext": {
            "x": 2.1039369106292725,
            "y": 0.9099326133728027,
            "z": 0.7347301244735718
         }
      },
      {
         "actor_type": "vehicle.seat.leon",
         "actor_id": 705,
         "actor_location": {
            "x": -7.533025741577148,
            "y": 290.41900634765625,
            "z": 0.21544772386550903
         },
         "actor_rotation": {
            "roll": -6.103648047428578e-05,
            "pitch": -0.03125494346022606,