{
   "cam_type": "sensor.camera.rgb",
   "cam_id": 391,
   "cam_location": {
      "x": -4.770721435546875,
      "y": 16.864091873168945,
      "z": 13.907523155212402
   },
   "cam_rotation": {
      "roll": 0.0004498323251027614,
      "pitch": -0.5000312924385071,
      "yaw": -179.76007080078125
   },
   "img_name": "975.png",
   "img_width": 640,
   "img_height": 680,
   "img_fov": 100,
   "debug_info": [
      {
         "actor_type": "vehicle.audi.etron",
         "actor_id": 334,
         "actor_location": {
            "x": 361.06365966796875,
            "y": -172.0804901123047,
            "z": 0.14761516451835632
         },
         "actor_rotation": {
            "roll": 0.0,
            "pitch": 0.0,
            "yaw": -179.73623657226562
         },
         "actor_bbox_ext": {
            "x": 2.4270286560058594,
            "y": 1.0045700073242188,
            "z": 0.8343994617462158
         }
      },
      {
         "actor_type": "vehicle.bmw.grandtourer",
         "actor_id": 335,
         "actor_location": {
            "x": -34.61671447753906,
            "y": 9.44225788116455,
            "z": 10.480238914489746
         },
         "actor_rotation": {
            "roll": 6.959182792343199e-05,
            "pitch": -1.0357980728149414,
            "yaw": -179.76712036132812
         },
         "actor_bbox_ext": {
            "x": 2.3195438385009766,
            "y": 1.129660964012146,
            "z": 0.8390889763832092
         }
      },
      {
         "actor_type": "vehicle.bmw.grandtourer",
         "actor_id": 336,
         "actor_location": {
            "x": -132.0703125,
            "y": 403.0026550292969,
            "z": 0.07491706311702728
         },
         "actor_rotation": {
            "roll": -0.5802001357078552,
            "pitch": -0.04049618914723396,
            "yaw": 160.5792694091797
         },
         "actor_bbox_ext": {
            "x": 2.3195438385009766,
            "y": 1.129660964012146,
            "z": 0.8390889763832092
         }
      },
      {
         "actor_type": "vehicle.chevrolet.impala",
         "actor_id": 337,
         "actor_location": {
            "x": -138.77247619628906,
            "y": 401.6341857910156,
            "z": -0.0479070283472538
         },
         "actor_rotation": {
            "roll": -0.6324462294578552,
            "pitch": 0.044928982853889465,
            "yaw": 162.80519104003906
         },
         "actor_bbox_ext": {
            "x": 2.684596538543701,
            "y": 1.026368260383606,
            "z": 0.7075497508049011
         }
      },
      {
         "actor_type": "vehicle.dodge_charger.police",
         "actor_id": 338,
         "actor_location": {
            "x": -130.53152465820312,
            "y": 394.96246337890625,
            "z": -0.018434753641486168
         },
         "actor_rotation": {
            "roll": 0.45837950706481934,
            "pitch": 0.13941098749637604,
            "yaw": 158.949462890625
         },
         "actor_bbox_ext": {
            "x": 2.4965829849243164,
            "y": 1.0679636001586914,
            "z": 0.7898477911949158
         }
      },
      {
         "actor_type": "vehicle.harley-davidson.low rider",
         "actor_id": 339,
         "actor_location": {
            "x": -319.2217102050781,
            "y": -84.38706970214844,
            "z": -0.028550243005156517
         },
         "actor_rotation": {
            "roll": -0.5039061903953552,
            "pitch": -0.052612945437431335,
            "yaw": 166.89456176757812
         },
         "actor_bbox_ext": {
            "x": 1.175087809562683,
            "y": 0.3831165134906769,
            "z": 0.7318695783615112
         }
      },
      {
         "actor_type": "vehicle.kawasaki.ninja",
         "actor_id": 340,
         "actor_location": {
            "x": -56.76877212524414,
            "y": 353.35577392578125,
            "z": 0.0014797401381656528
         },
         "actor_rotation": {
            "roll": 4.333863735198975,
            "pitch": -0.08496754616498947,
            "yaw": 134.66629028320312
         },
         "actor_bbox_ext": {
            "x": 1.021842122077942,
            "y": 0.3984561562538147,
            "z": 0.687301516532898
         }
      },
      {
         "actor_type": "vehicle.yamaha.yzf",
         "actor_id": 341,
         "actor_location": {
            "x": -10.677166938781738,
            "y": -234.7089080810547,
            "z": -0.04417219012975693
         },
         "actor_rotation": {
            "roll": 1.4952936172485352,
            "pitch": -1.0299651622772217,
            "yaw": 91.04865264892578
         },
         "actor_bbox_ext": {
            "x": 1.0953842401504517,
            "y": 0.3831165134906769,
            "z": 0.8172529339790344
         }
      },
      {
         "actor_type": "vehicle.toyota.prius",
         "actor_id": 342,
         "actor_location": {
            "x": -68.11724090576172,
            "y": 354.9261779785156,
            "z": 0.03635925054550171
         },
         "actor_rotation": {
            "roll": -0.23956303298473358,
            "pitch": -0.009398339316248894,
            "yaw": 135.0049591064453
         },
         "actor_bbox_ext": {
            "x": 2.2691667079925537,
            "y": 1.0005652904510498,
            "z": 0.7686808109283447
         }
      },
      {
         "actor_type": "vehicle.yamaha.yzf",
         "actor_id": 343,
         "actor_location": {
            "x": 22.90449333190918,
            "y": -333.51922607421875,
            "z": -0.03457612916827202
         },
         "actor_rotation": {
            "roll": -2.50982666015625,
            "pitch": -0.01571626402437687,
            "yaw": 170.3731231689453
         },
         "actor_bbox_ext": {
            "x": 1.0953842401504517,
            "y": 0.3831165134906769,
            "z": 0.8172529339790344
         }
      },
      {
         "actor_type": "vehicle.toyota.prius",
         "actor_id": 344,
         "actor_location": {
            "x": 35.586997985839844,
            "y": 9.72700309753418,
            "z": 11.032855987548828
         },
         "actor_rotation": {
            "roll": 7.98848268459551e-05,
            "pitch": -0.04598766192793846,
            "yaw": -179.76893615722656
         },
         "actor_bbox_ext": {
            "x": 2.2691667079925537,
            "y": 1.0005652904510498,
            "z": 0.7686808109283447
         }
      },
      {
         "actor_type": "vehicle.mini.cooperst",
         "actor_id": 345,
         "actor_location": {
            "x": 40.487281799316406,
            "y": 13.247273445129395,
            "z": 11.035087585449219
         },
         "actor_rotation": {
            "roll": 0.0008569397032260895,
            "pitch": 0.3435106873512268,
            "yaw": -179.7617645263672
         },
         "actor_bbox_ext": {
            "x": 1.9010963439941406,
            "y": 0.9870172142982483,
            "z": 0.7375003099441528
         }
      },
      {
         "actor_type": "vehicle.lincoln.mkz2017",
         "actor_id": 346,
         "actor_location": {
            "x": 42.01742935180664,
            "y": 16.753393173217773,
            "z": 10.983062744140625
         },
         "actor_rotation": {
            "roll": -0.0003967285738326609,
            "pitch": 0.07886136323213577,
            "yaw": -179.76678466796875
         },
         "actor_bbox_ext": {
            "x": 2.4543750286102295,
            "y": 1.056093692779541,
            "z": 0.7615917921066284
         }
      },
      {
         "actor_type": "vehicle.chevrolet.impala",
         "actor_id": 347,
         "actor_location": {
            "x": -14.226152420043945,
            "y": 13.026912689208984,
            "z": 10.708610534667969
         },
         "actor_rotation": {
            "roll": 9.576501179253682e-05,
            "pitch": -0.941193163394928,