{
   "cam_type": "sensor.camera.rgb",
   "cam_id": 743,
   "cam_location": {
      "x": 189.93624877929688,
      "y": 167.64663696289062,
      "z": 2.1278183460235596
   },
   "cam_rotation": {
      "roll": 0.017596520483493805,
      "pitch": -0.00027320755179971457,
      "yaw": 90.04631042480469
   },
   "img_name": "976.png",
   "img_width": 640,
   "img_height": 680,
   "img_fov": 100,
   "debug_info": [
      {
         "actor_type": "vehicle.toyota.prius",
         "actor_id": 692,
         "actor_location": {
            "x": -7.436957836151123,
            "y": 188.0879669189453,
            "z": 0.25571373105049133
         },
         "actor_rotation": {
            "roll": 7.674293738091365e-05,
            "pitch": 0.05162256583571434,
            "yaw": 89.53719329833984
         },
         "actor_bbox_ext": {
            "x": 2.2691667079925537,
            "y": 1.0005652904510498,
            "z": 0.7686808109283447
         }
      },
      {
         "actor_type": "vehicle.chevrolet.impala",
         "actor_id": 693,
         "actor_location": {
            "x": 18.057985305786133,
            "y": 306.7175598144531,
            "z": 0.17223072052001953
         },
         "actor_rotation": {
            "roll": 0.010922051966190338,
            "pitch": 0.03593362495303154,
            "yaw": 0.09220769256353378
         },
         "actor_bbox_ext": {
            "x": 2.684596538543701,
            "y": 1.026368260383606,
            "z": 0.7075497508049011
         }
      },
      {
         "actor_type": "vehicle.bh.crossbike",
         "actor_id": 694,
         "actor_location": {
            "x": -3.6349427700042725,
            "y": 207.45196533203125,
            "z": 0.2531045973300934
         },
         "actor_rotation": {
            "roll": 0.013094593770802021,
            "pitch": -0.00012294339830987155,
            "yaw": -89.3699951171875
         },
         "actor_bbox_ext": {
            "x": 0.7546613812446594,
            "y": 0.4329703152179718,
            "z": 0.7653154730796814
         }
      },
      {
         "actor_type": "vehicle.chevrolet.impala",
         "actor_id": 695,
         "actor_location": {
            "x": -7.524837017059326,
            "y": 285.3246765136719,
            "z": 0.17272022366523743
         },
         "actor_rotation": {
            "roll": 0.0001195366567117162,
            "pitch": 0.0143160754814744,
            "yaw": 89.99465942382812
         },
         "actor_bbox_ext": {
            "x": 2.684596538543701,
            "y": 1.026368260383606,
            "z": 0.7075497508049011
         }
      },
      {
         "actor_type": "vehicle.audi.etron",
         "actor_id": 696,
         "actor_location": {
            "x": 53.6181526184082,
            "y": 109.53141021728516,
            "z": 0.17187179625034332
         },
         "actor_rotation": {
            "roll": 0.0008401030208915472,
            "pitch": 0.03101588785648346,
            "yaw": -0.0386047288775444
         },
         "actor_bbox_ext": {
            "x": 2.4270286560058594,
            "y": 1.0045700073242188,
            "z": 0.8343994617462158
         }
      },
      {
         "actor_type": "vehicle.audi.tt",
         "actor_id": 697,
         "actor_location": {
            "x": -7.519769191741943,
            "y": 174.7444305419922,
            "z": 0.21410717070102692
         },
         "actor_rotation": {
            "roll": -0.0641784518957138,
            "pitch": 0.050017472356557846,
            "yaw": 89.99895477294922
         },
         "actor_bbox_ext": {
            "x": 2.1102468967437744,
            "y": 1.0045700073242188,
            "z": 0.695303738117218
         }
      },
      {
         "actor_type": "vehicle.audi.etron",
         "actor_id": 698,
         "actor_location": {
            "x": 193.7509002685547,
            "y": 239.76954650878906,
            "z": 0.17213599383831024
         },
         "actor_rotation": {
            "roll": 3.89350789191667e-05,
            "pitch": 0.006092528346925974,
            "yaw": -90.11209106445312
         },
         "actor_bbox_ext": {
            "x": 2.4270286560058594,
            "y": 1.0045700073242188,
            "z": 0.8343994617462158
         }
      },
      {
         "actor_type": "vehicle.chevrolet.impala",
         "actor_id": 699,
         "actor_location": {
            "x": 183.6555633544922,
            "y": 301.9441223144531,
            "z": 0.17168346047401428
         },
         "actor_rotation": {
            "roll": -1.303802251815796,
            "pitch": 0.07994052767753601,
            "yaw": 158.64976501464844
         },
         "actor_bbox_ext": {
            "x": 2.684596538543701,
            "y": 1.026368260383606,
            "z": 0.7075497508049011
         }
      },
      {
         "actor_type": "vehicle.kawasaki.ninja",
         "actor_id": 700,
         "actor_location": {
            "x": 193.81622314453125,
            "y": 250.9085693359375,
            "z": 0.2157868593931198
         },
         "actor_rotation": {
            "roll": -0.063262939453125,
            "pitch": -0.7955257296562195,
            "yaw": -90.3518295288086
         },
         "actor_bbox_ext": {
            "x": 1.021842122077942,
            "y": 0.3984561562538147,
            "z": 0.687301516532898
         }
      },
      {
         "actor_type": "vehicle.seat.leon",
         "actor_id": 701,
         "actor_location": {
            "x": 142.8572235107422,
            "y": 302.5506896972656,
            "z": 0.21405509114265442
         },
         "actor_rotation": {
            "roll": -0.0005798339261673391,
            "pitch": 0.24796999990940094,
            "yaw": -179.99514770507812
         },
         "actor_bbox_ext": {
            "x": 2.1039369106292725,
            "y": 0.9099326133728027,
            "z": 0.7347301244735718
         }
      },
      {
         "actor_type": "vehicle.bh.crossbike",
         "actor_id": 702,
         "actor_location": {
            "x": 193.74954223632812,
            "y": 196.0653839111328,
            "z": 0.21908093988895416
         },
         "actor_rotation": {
            "roll": 0.007781686261296272,
            "pitch": -0.026583094149827957,
            "yaw": -90.25680541992188
         },
         "actor_bbox_ext": {
            "x": 0.7546613812446594,
            "y": 0.4329703152179718,
            "z": 0.7653154730796814
         }
      },
      {
         "actor_type": "vehicle.bmw.grandtourer",
         "actor_id": 703,
         "actor_location": {
            "x": 189.9306640625,
            "y": 222.1023712158203,
            "z": 0.31918027997016907
         },
         "actor_rotation": {
            "roll": 0.30833151936531067,
            "pitch": 0.33489781618118286,
            "yaw": 90.08438110351562
         },
         "actor_bbox_ext": {
            "x": 2.3195438385009766,
            "y": 1.129660964012146,
            "z": 0.8390889763832092
         }
      },
      {
         "actor_type": "vehicle.seat.leon",
         "actor_id": 704,
         "actor_location": {
            "x": 193.7756805419922,
            "y": 123.74199676513672,
            "z": 0.21549934148788452
         },
         "actor_rotation": {
            "roll": -9.155390580417588e-05,
            "pitch": -0.042381320148706436,
            "yaw": -90.02001953125
         },
         "actor_bbox_ext": {
            "x": 2.1039369106292725,
            "y": 0.9099326133728027,
            "z": 0.7347301244735718
         }
      },
      {
         "actor_type": "vehicle.seat.leon",
         "actor_id": 705,
         "actor_location": {
            "x": -6.832169055938721,
            "y": 298.2385559082031,
            "z": 0.21514445543289185
         },
         "actor_rotation": {
            "roll": 0.5452245473861694,
            "pitch": -0.050331659615039825,
            "yaw": 77.04603576660156
         },