{
   "cam_type": "sensor.camera.rgb",
   "cam_id": 743,
   "cam_location": {
      "x": 189.93624877929688,
      "y": 167.64663696289062,
      "z": 2.1278183460235596
   },
   "cam_rotation": {
      "roll": 0.017596520483493805,
      "pitch": -0.00027320755179971457,
      "yaw": 90.04631042480469
   },
   "img_name": "990.png",
   "img_width": 640,
   "img_height": 680,
   "img_fov": 100,
   "debug_info": [
      {
         "actor_type": "vehicle.toyota.prius",
         "actor_id": 692,
         "actor_location": {
            "x": -7.350240707397461,
            "y": 198.9280548095703,
            "z": 0.25803157687187195
         },
         "actor_rotation": {
            "roll": -0.010681144893169403,
            "pitch": -0.16314588487148285,
            "yaw": 89.5820541381836
         },
         "actor_bbox_ext": {
            "x": 2.2691667079925537,
            "y": 1.0005652904510498,
            "z": 0.7686808109283447
         }
      },
      {
         "actor_type": "vehicle.chevrolet.impala",
         "actor_id": 693,
         "actor_location": {
            "x": 27.640111923217773,
            "y": 306.7204284667969,
            "z": 0.17730510234832764
         },
         "actor_rotation": {
            "roll": 0.0016156480414792895,
            "pitch": -0.5223659873008728,
            "yaw": -0.0021057126577943563
         },
         "actor_bbox_ext": {
            "x": 2.684596538543701,
            "y": 1.026368260383606,
            "z": 0.7075497508049011
         }
      },
      {
         "actor_type": "vehicle.bh.crossbike",
         "actor_id": 694,
         "actor_location": {
            "x": -3.6349427700042725,
            "y": 207.45196533203125,
            "z": 0.2531045973300934
         },
         "actor_rotation": {
            "roll": 0.013094593770802021,
            "pitch": -0.00012294339830987155,
            "yaw": -89.3699951171875
         },
         "actor_bbox_ext": {
            "x": 0.7546613812446594,
            "y": 0.4329703152179718,
            "z": 0.7653154730796814
         }
      },
      {
         "actor_type": "vehicle.chevrolet.impala",
         "actor_id": 695,
         "actor_location": {
            "x": -7.524078845977783,
            "y": 293.2672119140625,
            "z": 0.17314334213733673
         },
         "actor_rotation": {
            "roll": 0.00018268839630763978,
            "pitch": -0.027764717116951942,
            "yaw": 89.99446868896484
         },
         "actor_bbox_ext": {
            "x": 2.684596538543701,
            "y": 1.026368260383606,
            "z": 0.7075497508049011
         }
      },
      {
         "actor_type": "vehicle.audi.etron",
         "actor_id": 696,
         "actor_location": {
            "x": 75.86692810058594,
            "y": 109.53080749511719,
            "z": 0.17181667685508728
         },
         "actor_rotation": {
            "roll": 0.0006167889223434031,
            "pitch": 0.03616584837436676,
            "yaw": -0.0267333984375
         },
         "actor_bbox_ext": {
            "x": 2.4270286560058594,
            "y": 1.0045700073242188,
            "z": 0.8343994617462158
         }
      },
      {
         "actor_type": "vehicle.audi.tt",
         "actor_id": 697,
         "actor_location": {
            "x": -6.720254421234131,
            "y": 183.86187744140625,
            "z": 0.2219039797782898
         },
         "actor_rotation": {
            "roll": 1.1693898439407349,
            "pitch": 0.016201207414269447,
            "yaw": 72.95022583007812
         },
         "actor_bbox_ext": {
            "x": 2.1102468967437744,
            "y": 1.0045700073242188,
            "z": 0.695303738117218
         }
      },
      {
         "actor_type": "vehicle.audi.etron",
         "actor_id": 698,
         "actor_location": {
            "x": 193.76890563964844,
            "y": 229.6503143310547,
            "z": 0.17225104570388794
         },
         "actor_rotation": {
            "roll": -0.076629638671875,
            "pitch": -0.004733320791274309,
            "yaw": -88.60997772216797
         },
         "actor_bbox_ext": {
            "x": 2.4270286560058594,
            "y": 1.0045700073242188,
            "z": 0.8343994617462158
         }
      },
      {
         "actor_type": "vehicle.chevrolet.impala",
         "actor_id": 699,
         "actor_location": {
            "x": 173.16085815429688,
            "y": 302.5460510253906,
            "z": 0.17384380102157593
         },
         "actor_rotation": {
            "roll": -0.0361022986471653,
            "pitch": 0.0004371320828795433,
            "yaw": 179.77395629882812
         },
         "actor_bbox_ext": {
            "x": 2.684596538543701,
            "y": 1.026368260383606,
            "z": 0.7075497508049011
         }
      },
      {
         "actor_type": "vehicle.kawasaki.ninja",
         "actor_id": 700,
         "actor_location": {
            "x": 192.594482421875,
            "y": 243.533447265625,
            "z": 0.22709934413433075
         },
         "actor_rotation": {
            "roll": -8.437234878540039,
            "pitch": 0.27487412095069885,
            "yaw": -122.63287353515625
         },
         "actor_bbox_ext": {
            "x": 1.021842122077942,
            "y": 0.3984561562538147,
            "z": 0.687301516532898
         }
      },
      {
         "actor_type": "vehicle.seat.leon",
         "actor_id": 701,
         "actor_location": {
            "x": 123.8138656616211,
            "y": 302.5509033203125,
            "z": 0.2147490233182907
         },
         "actor_rotation": {
            "roll": -0.00048828116268850863,
            "pitch": 0.058336641639471054,
            "yaw": -179.9979248046875
         },
         "actor_bbox_ext": {
            "x": 2.1039369106292725,
            "y": 0.9099326133728027,
            "z": 0.7347301244735718
         }
      },
      {
         "actor_type": "vehicle.bh.crossbike",
         "actor_id": 702,
         "actor_location": {
            "x": 193.7270050048828,
            "y": 189.39413452148438,
            "z": 0.2193666249513626
         },
         "actor_rotation": {
            "roll": 0.004827811382710934,
            "pitch": 0.009528113529086113,
            "yaw": -90.12460327148438
         },
         "actor_bbox_ext": {
            "x": 0.7546613812446594,
            "y": 0.4329703152179718,
            "z": 0.7653154730796814
         }
      },
      {
         "actor_type": "vehicle.bmw.grandtourer",
         "actor_id": 703,
         "actor_location": {
            "x": 189.9306640625,
            "y": 222.1023712158203,
            "z": 0.31918027997016907
         },
         "actor_rotation": {
            "roll": 0.30833151936531067,
            "pitch": 0.33489781618118286,
            "yaw": 90.08438110351562
         },
         "actor_bbox_ext": {
            "x": 2.3195438385009766,
            "y": 1.129660964012146,
            "z": 0.8390889763832092
         }
      },
      {
         "actor_type": "vehicle.seat.leon",
         "actor_id": 704,
         "actor_location": {
            "x": 193.42581176757812,
            "y": 115.41222381591797,
            "z": 0.2150897979736328
         },
         "actor_rotation": {
            "roll": 0.5168261528015137,
            "pitch": -0.03515498340129852,
            "yaw": -98.44009399414062
         },
         "actor_bbox_ext": {
            "x": 2.1039369106292725,
            "y": 0.9099326133728027,
            "z": 0.7347301244735718
         }
      },
      {
         "actor_type": "vehicle.seat.leon",
         "actor_id": 705,
         "actor_location": {
            "x": -2.2157199382781982,
            "y": 304.5128479003906,
            "z": 0.21512019634246826
         },
         "actor_rotation": {
            "roll": 0.6451789140701294,
            "pitch": -0.03533939644694328,