{
   "cam_type": "sensor.camera.rgb",
   "cam_id": 391,
   "cam_location": {
      "x": -34.49092483520508,
      "y": 16.742788314819336,
      "z": 13.474465370178223
   },
   "cam_rotation": {
      "roll": 0.0,
      "pitch": -1.2175562381744385,
      "yaw": -179.76893615722656
   },
   "img_name": "998.png",
   "img_width": 640,
   "img_height": 680,
   "img_fov": 100,
   "debug_info": [
      {
         "actor_type": "vehicle.audi.etron",
         "actor_id": 334,
         "actor_location": {
            "x": 361.06365966796875,
            "y": -172.0804901123047,
            "z": 0.14761516451835632
         },
         "actor_rotation": {
            "roll": 0.0,
            "pitch": 0.0,
            "yaw": -179.73623657226562
         },
         "actor_bbox_ext": {
            "x": 2.4270286560058594,
            "y": 1.0045700073242188,
            "z": 0.8343994617462158
         }
      },
      {
         "actor_type": "vehicle.bmw.grandtourer",
         "actor_id": 335,
         "actor_location": {
            "x": -67.58234405517578,
            "y": 9.356192588806152,
            "z": 9.916814804077148
         },
         "actor_rotation": {
            "roll": 0.0009383946307934821,
            "pitch": -0.9925835132598877,
            "yaw": -179.91673278808594
         },
         "actor_bbox_ext": {
            "x": 2.3195438385009766,
            "y": 1.129660964012146,
            "z": 0.8390889763832092
         }
      },
      {
         "actor_type": "vehicle.bmw.grandtourer",
         "actor_id": 336,
         "actor_location": {
            "x": -181.37767028808594,
            "y": 413.88690185546875,
            "z": 0.0753549188375473
         },
         "actor_rotation": {
            "roll": -0.5602415800094604,
            "pitch": -0.07986539602279663,
            "yaw": 175.26634216308594
         },
         "actor_bbox_ext": {
            "x": 2.3195438385009766,
            "y": 1.129660964012146,
            "z": 0.8390889763832092
         }
      },
      {
         "actor_type": "vehicle.chevrolet.impala",
         "actor_id": 337,
         "actor_location": {
            "x": -188.96128845214844,
            "y": 410.89349365234375,
            "z": -0.04763099551200867
         },
         "actor_rotation": {
            "roll": -0.6245117783546448,
            "pitch": 0.019295282661914825,
            "yaw": 178.15560913085938
         },
         "actor_bbox_ext": {
            "x": 2.684596538543701,
            "y": 1.026368260383606,
            "z": 0.7075497508049011
         }
      },
      {
         "actor_type": "vehicle.dodge_charger.police",
         "actor_id": 338,
         "actor_location": {
            "x": -180.00885009765625,
            "y": 406.7428894042969,
            "z": -0.017956694588065147
         },
         "actor_rotation": {
            "roll": 0.47206947207450867,
            "pitch": 0.09589584916830063,
            "yaw": 174.6182098388672
         },
         "actor_bbox_ext": {
            "x": 2.4965829849243164,
            "y": 1.0679636001586914,
            "z": 0.7898477911949158
         }
      },
      {
         "actor_type": "vehicle.harley-davidson.low rider",
         "actor_id": 339,
         "actor_location": {
            "x": -331.4040222167969,
            "y": -80.470458984375,
            "z": -0.03000263124704361
         },
         "actor_rotation": {
            "roll": -0.5203246474266052,
            "pitch": -0.21896901726722717,
            "yaw": 158.34439086914062
         },
         "actor_bbox_ext": {
            "x": 1.175087809562683,
            "y": 0.3831165134906769,
            "z": 0.7318695783615112
         }
      },
      {
         "actor_type": "vehicle.kawasaki.ninja",
         "actor_id": 340,
         "actor_location": {
            "x": -95.85128784179688,
            "y": 385.3902587890625,
            "z": 0.0026019096840173006
         },
         "actor_rotation": {
            "roll": 0.6583691835403442,
            "pitch": 0.3072150647640228,
            "yaw": 147.4231414794922
         },
         "actor_bbox_ext": {
            "x": 1.021842122077942,
            "y": 0.3984561562538147,
            "z": 0.687301516532898
         }
      },
      {
         "actor_type": "vehicle.yamaha.yzf",
         "actor_id": 341,
         "actor_location": {
            "x": -11.4182710647583,
            "y": -198.4201202392578,
            "z": -0.04390138387680054
         },
         "actor_rotation": {
            "roll": -0.0039062779396772385,
            "pitch": -0.990841805934906,
            "yaw": 91.16545104980469
         },
         "actor_bbox_ext": {
            "x": 1.0953842401504517,
            "y": 0.3831165134906769,
            "z": 0.8172529339790344
         }
      },
      {
         "actor_type": "vehicle.toyota.prius",
         "actor_id": 342,
         "actor_location": {
            "x": -109.22493743896484,
            "y": 385.14013671875,
            "z": 0.0359622947871685
         },
         "actor_rotation": {
            "roll": -0.329986572265625,
            "pitch": 0.026630906388163567,
            "yaw": 151.52232360839844
         },
         "actor_bbox_ext": {
            "x": 2.2691667079925537,
            "y": 1.0005652904510498,
            "z": 0.7686808109283447
         }
      },
      {
         "actor_type": "vehicle.yamaha.yzf",
         "actor_id": 343,
         "actor_location": {
            "x": 22.904430389404297,
            "y": -333.50323486328125,
            "z": -0.033100031316280365
         },
         "actor_rotation": {
            "roll": -2.056243896484375,
            "pitch": -0.0008537736139260232,
            "yaw": 171.0537109375
         },
         "actor_bbox_ext": {
            "x": 1.0953842401504517,
            "y": 0.3831165134906769,
            "z": 0.8172529339790344
         }
      },
      {
         "actor_type": "vehicle.toyota.prius",
         "actor_id": 344,
         "actor_location": {
            "x": 4.919788360595703,
            "y": 9.602347373962402,
            "z": 11.0103759765625
         },
         "actor_rotation": {
            "roll": -0.00024414061044808477,
            "pitch": -0.3031305968761444,
            "yaw": -179.77078247070312
         },
         "actor_bbox_ext": {
            "x": 2.2691667079925537,
            "y": 1.0005652904510498,
            "z": 0.7686808109283447
         }
      },
      {
         "actor_type": "vehicle.mini.cooperst",
         "actor_id": 345,
         "actor_location": {
            "x": 11.09940242767334,
            "y": 13.128009796142578,
            "z": 11.039365768432617
         },
         "actor_rotation": {
            "roll": -0.00021362303232308477,
            "pitch": -0.42013174295425415,
            "yaw": -179.77090454101562
         },
         "actor_bbox_ext": {
            "x": 1.9010963439941406,
            "y": 0.9870172142982483,
            "z": 0.7375003099441528
         }
      },
      {
         "actor_type": "vehicle.lincoln.mkz2017",
         "actor_id": 346,
         "actor_location": {
            "x": 9.189107894897461,
            "y": 16.620161056518555,
            "z": 10.981863975524902
         },
         "actor_rotation": {
            "roll": -3.0517636332660913e-05,
            "pitch": -0.24749872088432312,
            "yaw": -179.7668914794922
         },
         "actor_bbox_ext": {
            "x": 2.4543750286102295,
            "y": 1.056093692779541,
            "z": 0.7615917921066284
         }
      },
      {
         "actor_type": "vehicle.chevrolet.impala",
         "actor_id": 347,
         "actor_location": {
            "x": -46.55546188354492,
            "y": 12.895644187927246,
            "z": 10.153132438659668
         },
         "actor_rotation": {
            "roll": -0.00018310574523638934,
            "pitch": -0.9718607068061829,